UID,Display Name,Email,Plan,Status,Leads Scraped,Lead Limit,Daily Quota,Signup Date (UTC),Last Login Date (UTC)
"ind_usr_0786","Mayank Goyal","mayankg64@gmail.com","free","Active",7,15,15,"2026-08-13T23:59:55.247Z","2026-08-13T23:59:55.247Z"
"ind_usr_2276","Priya Chawla","priyac98@gmail.com","free","Active",15,15,15,"2026-08-13T23:59:48.630Z","2026-08-13T23:59:48.630Z"
"ind_usr_1915","Nisha Yadav","nyadav80@gmail.com","free","Active",8,15,15,"2026-08-13T23:58:12.273Z","2026-08-13T23:58:12.273Z"
"ind_usr_1909","Payal Kumar","iam.payalkumar@gmail.com","free","Active",14,15,15,"2026-08-13T23:55:46.192Z","2026-08-13T23:55:46.192Z"
"ind_usr_1811","Sunil Joshi","sunil.joshi@gmail.com","free","Active",10,15,15,"2026-08-13T23:53:06.797Z","2026-08-13T23:53:06.797Z"
"ind_usr_0061","Karan Patel","karan.patel@gmail.com","free","Active",7,15,15,"2026-08-13T23:52:54.216Z","2026-08-13T23:52:54.216Z"
"ind_usr_1919","Pooja Chawla","iam.poojachawla@gmail.com","free","Active",7,15,15,"2026-08-13T23:52:31.799Z","2026-08-13T23:52:31.799Z"
"ind_usr_2578","Rohit Sinha","rohit.sinha.work@gmail.com","free","Active",9,15,15,"2026-08-13T23:51:29.229Z","2026-08-13T23:51:29.229Z"
"ind_usr_3310","Ananya Chauhan","ananya_chauhan86@gmail.com","free","Active",12,15,15,"2026-08-13T23:49:36.730Z","2026-08-13T23:49:36.730Z"
"ind_usr_3108","Priya Chatterjee","priya.chatterjee.work@gmail.com","free","Active",15,15,15,"2026-08-13T23:49:22.660Z","2026-08-13T23:49:22.660Z"
"ind_usr_2678","Rajesh Bhatia","rajesh.bhatia.work@gmail.com","free","Active",15,15,15,"2026-08-13T23:46:51.103Z","2026-08-13T23:46:51.103Z"
"ind_usr_0543","Vandana Thakur","vandana_thakur@gmail.com","free","Active",7,15,15,"2026-08-13T23:45:40.165Z","2026-08-13T23:45:40.165Z"
"ind_usr_2914","Sneha Aggarwal","sneha.aggarwal.1993@gmail.com","free","Active",13,15,15,"2026-08-13T23:45:11.451Z","2026-08-13T23:45:11.451Z"
"ind_usr_2169","Priya Aggarwal","iam.priyaaggarwal@gmail.com","free","Active",10,15,15,"2026-08-13T23:36:06.669Z","2026-08-13T23:36:06.669Z"
"ind_usr_0251","Sunil Bhasin","sunil.bhasin@gmail.com","free","Active",5,15,15,"2026-08-13T23:28:33.257Z","2026-08-13T23:28:33.257Z"
"ind_usr_1790","Nitin Reddy","nitin_reddy26@gmail.com","free","Active",13,15,15,"2026-08-13T23:21:41.245Z","2026-08-13T23:21:41.245Z"
"ind_usr_0392","Arjun Mehta","arjunmehta81@gmail.com","free","Active",13,15,15,"2026-08-13T23:13:47.627Z","2026-08-13T23:13:47.627Z"
"ind_usr_0435","Priya Mishra","pmishra24@gmail.com","free","Active",4,15,15,"2026-08-13T23:10:14.201Z","2026-08-13T23:10:14.201Z"
"ind_usr_3110","Vikram Jain","vikram_jain66@gmail.com","free","Active",14,15,15,"2026-08-13T23:00:23.051Z","2026-08-13T23:00:23.051Z"
"ind_usr_0721","Nikhil Chauhan","nikhil.chauhan@gmail.com","free","Active",12,15,15,"2026-08-13T22:52:55.282Z","2026-08-13T22:52:55.282Z"
"ind_usr_3139","Siddharth Malhotra","iam.siddharthmalhotra@gmail.com","free","Active",10,15,15,"2026-08-13T22:46:52.458Z","2026-08-13T22:46:52.458Z"
"ind_usr_1863","Riya Ahuja","riya_ahuja@gmail.com","free","Active",10,15,15,"2026-08-13T22:45:06.237Z","2026-08-13T22:45:06.237Z"
"ind_usr_0249","Riya Jain","iam.riyajain@gmail.com","free","Active",14,15,15,"2026-08-13T22:42:15.410Z","2026-08-13T22:42:15.410Z"
"ind_usr_3386","Nitin Choudhury","nitinc74@gmail.com","free","Active",12,15,15,"2026-08-13T22:31:35.680Z","2026-08-13T22:31:35.680Z"
"ind_usr_3375","Vandana Pandey","vpandey40@gmail.com","free","Active",5,15,15,"2026-08-13T22:20:42.057Z","2026-08-13T22:20:42.057Z"
"ind_usr_2342","Saurabh Aggarwal","saurabhaggarwal73@gmail.com","free","Active",13,15,15,"2026-08-13T22:20:14.924Z","2026-08-13T22:20:14.924Z"
"ind_usr_3035","Jyoti Rathore","jrathore99@gmail.com","free","Active",4,15,15,"2026-08-13T22:14:14.598Z","2026-08-13T22:14:14.598Z"
"ind_usr_0302","Sunil Jain","suniljain76@gmail.com","free","Active",10,15,15,"2026-08-13T22:10:47.256Z","2026-08-13T22:10:47.256Z"
"ind_usr_0085","Sonia Joshi","sjoshi84@gmail.com","free","Active",8,15,15,"2026-08-13T21:49:02.320Z","2026-08-13T21:49:02.320Z"
"ind_usr_0838","Varun Rao","varun.rao.work@gmail.com","free","Active",10,15,15,"2026-08-13T21:43:50.292Z","2026-08-13T21:43:50.292Z"
"ind_usr_1000","Kiran Mishra","kiran_mishra95@gmail.com","free","Active",12,15,15,"2026-08-13T21:40:24.017Z","2026-08-13T21:40:24.017Z"
"ind_usr_2606","Monika Malhotra","monikam16@gmail.com","free","Active",11,15,15,"2026-08-13T21:40:04.529Z","2026-08-13T21:40:04.529Z"
"ind_usr_2533","Vivek Malhotra","vivek_malhotra@gmail.com","free","Active",14,15,15,"2026-08-13T21:37:27.859Z","2026-08-13T21:37:27.859Z"
"ind_usr_0273","Kiran Bhasin","kiran_bhasin@gmail.com","free","Active",11,15,15,"2026-08-13T21:31:55.684Z","2026-08-13T21:31:55.684Z"
"ind_usr_0736","Arjun Shah","arjuns40@gmail.com","free","Active",14,15,15,"2026-08-13T21:30:28.397Z","2026-08-13T21:30:28.397Z"
"ind_usr_2745","Tarun Dubey","tdubey89@gmail.com","free","Active",4,15,15,"2026-08-13T21:28:42.267Z","2026-08-13T21:28:42.267Z"
"ind_usr_1569","Kavya Aggarwal","iam.kavyaaggarwal@gmail.com","free","Active",15,15,15,"2026-08-13T21:21:05.502Z","2026-08-13T21:21:05.502Z"
"ind_usr_1626","Aakash Gupta","aakashg52@gmail.com","free","Active",7,15,15,"2026-08-13T21:19:20.828Z","2026-08-13T21:19:20.828Z"
"ind_usr_0029","Karan Pandey","iam.karanpandey@gmail.com","free","Active",5,15,15,"2026-08-13T21:14:20.954Z","2026-08-13T21:14:20.954Z"
"ind_usr_0588","Nitin Reddy","nitin.reddy.work@gmail.com","free","Active",15,15,15,"2026-08-13T21:13:57.487Z","2026-08-13T21:13:57.487Z"
"ind_usr_1587","Simran Tripathi","simrantripathi1995@gmail.com","free","Active",11,15,15,"2026-08-13T21:09:13.346Z","2026-08-13T21:09:13.346Z"
"ind_usr_1929","Priya Goyal","iam.priyagoyal@gmail.com","free","Active",3,15,15,"2026-08-13T21:07:15.769Z","2026-08-13T21:07:15.769Z"
"ind_usr_0011","Deepika Aggarwal","deepika.aggarwal@gmail.com","free","Active",6,15,15,"2026-08-13T21:04:56.644Z","2026-08-13T21:04:56.644Z"
"ind_usr_0095","Sonia Shah","sshah80@gmail.com","free","Active",10,15,15,"2026-08-13T21:03:29.279Z","2026-08-13T21:03:29.279Z"
"ind_usr_2091","Bhavna Choudhury","bhavna.choudhury@gmail.com","free","Active",4,15,15,"2026-08-13T21:02:41.165Z","2026-08-13T21:02:41.165Z"
"ind_usr_2254","Alok Kumar","alok.kumar.1996@gmail.com","free","Active",3,15,15,"2026-08-13T20:58:36.700Z","2026-08-13T20:58:36.700Z"
"ind_usr_1198","Arjun Singh","arjun.singh.work@gmail.com","free","Active",13,15,15,"2026-08-13T20:50:40.673Z","2026-08-13T20:50:40.673Z"
"ind_usr_0381","Vivek Singh","vivek.singh@gmail.com","free","Active",10,15,15,"2026-08-13T20:33:14.108Z","2026-08-13T20:33:14.108Z"
"ind_usr_3379","Saurabh Gupta","saurabh.gupta5530@gmail.com","free","Active",4,15,15,"2026-08-13T20:32:49.686Z","2026-08-13T20:32:49.686Z"
"ind_usr_0030","Prashant Shah","prashant_shah60@gmail.com","free","Active",11,15,15,"2026-08-13T20:29:56.261Z","2026-08-13T20:29:56.261Z"
"ind_usr_3374","Yash Choudhury","yash.choudhury.1997@gmail.com","free","Active",7,15,15,"2026-08-13T20:21:41.297Z","2026-08-13T20:21:41.297Z"
"ind_usr_3360","Swati Pandey","swati_pandey98@gmail.com","free","Active",3,15,15,"2026-08-13T20:19:29.052Z","2026-08-13T20:19:29.052Z"
"ind_usr_2673","Kavya Aggarwal","kavya_aggarwal@gmail.com","free","Active",10,15,15,"2026-08-13T20:12:19.178Z","2026-08-13T20:12:19.178Z"
"ind_usr_3032","Yash Tiwari","yashtiwari76@gmail.com","free","Active",4,15,15,"2026-08-13T20:09:21.526Z","2026-08-13T20:09:21.526Z"
"ind_usr_0618","Kiran Narang","kiran.narang.work@gmail.com","free","Active",3,15,15,"2026-08-13T20:07:57.366Z","2026-08-13T20:07:57.366Z"
"ind_usr_2570","Bhavna Narang","bhavna_narang70@gmail.com","free","Active",6,15,15,"2026-08-13T20:03:01.625Z","2026-08-13T20:03:01.625Z"
"ind_usr_2851","Alok Goyal","alok.goyal@gmail.com","free","Active",4,15,15,"2026-08-13T19:56:50.419Z","2026-08-13T19:56:50.419Z"
"ind_usr_0365","Karan Chatterjee","kchatterjee38@gmail.com","free","Active",13,15,15,"2026-08-13T19:53:11.414Z","2026-08-13T19:53:11.414Z"
"ind_usr_2405","Vikram Jain","vjain65@gmail.com","free","Active",6,15,15,"2026-08-13T19:52:37.888Z","2026-08-13T19:52:37.888Z"
"ind_usr_2394","Rohan Banerjee","rohan.banerjee.2003@gmail.com","free","Active",9,15,15,"2026-08-13T19:37:17.826Z","2026-08-13T19:37:17.826Z"
"ind_usr_0730","Karan Shah","karan_shah95@gmail.com","free","Active",15,15,15,"2026-08-13T19:30:53.307Z","2026-08-13T19:30:53.307Z"
"ind_usr_1431","Deepak Verma","deepak.verma@gmail.com","free","Active",3,15,15,"2026-08-13T19:29:38.798Z","2026-08-13T19:29:38.798Z"
"ind_usr_0042","Divya Deshmukh","divyadeshmukh34@gmail.com","free","Active",3,15,15,"2026-08-13T19:16:05.871Z","2026-08-13T19:16:05.871Z"
"ind_usr_2298","Rashmi Mehta","rashmi.mehta.work@gmail.com","free","Active",3,15,15,"2026-08-13T19:14:16.453Z","2026-08-13T19:14:16.453Z"
"ind_usr_1305","Sonia Banerjee","sbanerjee23@gmail.com","free","Active",3,15,15,"2026-08-13T19:11:46.258Z","2026-08-13T19:11:46.258Z"
"ind_usr_0205","Mayank Banerjee","mbanerjee71@gmail.com","free","Active",4,15,15,"2026-08-13T19:09:11.204Z","2026-08-13T19:09:11.204Z"
"ind_usr_0344","Alok Banerjee","alok.banerjee.1995@gmail.com","free","Active",10,15,15,"2026-08-13T19:04:41.224Z","2026-08-13T19:04:41.224Z"
"ind_usr_2072","Rahul Saxena","rahulsaxena35@gmail.com","free","Active",9,15,15,"2026-08-13T19:02:26.352Z","2026-08-13T19:02:26.352Z"
"ind_usr_2998","Shreya Chauhan","shreya.chauhan.work@gmail.com","free","Active",13,15,15,"2026-08-13T19:01:13.268Z","2026-08-13T19:01:13.268Z"
"ind_usr_2206","Mohit Deshmukh","mohitd15@gmail.com","free","Active",11,15,15,"2026-08-13T18:56:48.043Z","2026-08-13T18:56:48.043Z"
"ind_usr_1613","Aakash Bhatia","aakash_bhatia@gmail.com","free","Active",15,15,15,"2026-08-13T18:49:27.373Z","2026-08-13T18:49:27.373Z"
"ind_usr_2378","Sneha Pandey","sneha.pandey.work@gmail.com","free","Active",10,15,15,"2026-08-13T18:37:38.627Z","2026-08-13T18:37:38.627Z"
"ind_usr_1466","Ishita Sinha","ishitas95@gmail.com","free","Active",10,15,15,"2026-08-13T18:37:23.437Z","2026-08-13T18:37:23.437Z"
"ind_usr_1637","Divya Patel","divyapatel1998@gmail.com","free","Active",3,15,15,"2026-08-13T18:35:37.444Z","2026-08-13T18:35:37.444Z"
"ind_usr_0299","Rahul Sharma","iam.rahulsharma@gmail.com","free","Active",4,15,15,"2026-08-13T18:35:06.115Z","2026-08-13T18:35:06.115Z"
"ind_usr_1725","Rohit Mehta","rmehta48@gmail.com","free","Active",3,15,15,"2026-08-13T18:14:54.577Z","2026-08-13T18:14:54.577Z"
"ind_usr_0827","Rohan Chauhan","rohanchauhan1995@gmail.com","free","Active",8,15,15,"2026-08-13T18:11:57.958Z","2026-08-13T18:11:57.958Z"
"ind_usr_0145","Riya Chatterjee","rchatterjee61@gmail.com","free","Active",8,15,15,"2026-08-13T18:11:12.037Z","2026-08-13T18:11:12.037Z"
"ind_usr_1220","Deepika Singh","deepika_singh80@gmail.com","free","Active",8,15,15,"2026-08-13T18:01:52.812Z","2026-08-13T18:01:52.812Z"
"ind_usr_0744","Aakash Nair","aakash.nair.2001@gmail.com","free","Active",13,15,15,"2026-08-13T17:49:55.897Z","2026-08-13T17:49:55.897Z"
"ind_usr_3109","Alok Thakur","iam.alokthakur@gmail.com","free","Active",4,15,15,"2026-08-13T17:48:36.344Z","2026-08-13T17:48:36.344Z"
"ind_usr_2386","Rohit Gupta","rohitg91@gmail.com","free","Active",4,15,15,"2026-08-13T17:46:25.581Z","2026-08-13T17:46:25.581Z"
"ind_usr_3380","Nikhil Verma","nikhil_verma81@gmail.com","free","Active",13,15,15,"2026-08-13T17:33:40.399Z","2026-08-13T17:33:40.399Z"
"ind_usr_2224","Karan Dubey","karan.dubey.2003@gmail.com","free","Active",10,15,15,"2026-08-13T17:29:09.936Z","2026-08-13T17:29:09.936Z"
"ind_usr_2294","Sonia Mehta","sonia.mehta.2003@gmail.com","free","Active",7,15,15,"2026-08-13T17:08:47.579Z","2026-08-13T17:08:47.579Z"
"ind_usr_2507","Aarav Dhar","aaravdhar2001@gmail.com","free","Active",13,15,15,"2026-08-13T17:08:12.254Z","2026-08-13T17:08:12.254Z"
"ind_usr_2229","Sonia Kapoor","iam.soniakapoor@gmail.com","free","Active",11,15,15,"2026-08-13T17:08:08.918Z","2026-08-13T17:08:08.918Z"
"ind_usr_0791","Rashmi Patel","rashmi.patel@gmail.com","free","Active",10,15,15,"2026-08-13T17:07:28.573Z","2026-08-13T17:07:28.573Z"
"ind_usr_2800","Kunal Shah","kunal_shah76@gmail.com","free","Active",8,15,15,"2026-08-13T16:58:24.314Z","2026-08-13T16:58:24.314Z"
"ind_usr_0575","Suresh Tripathi","stripathi58@gmail.com","free","Active",13,15,15,"2026-08-13T16:55:12.713Z","2026-08-13T16:55:12.713Z"
"ind_usr_0206","Kavya Bhatia","kavyab35@gmail.com","free","Active",10,15,15,"2026-08-13T16:46:08.158Z","2026-08-13T16:46:08.158Z"
"ind_usr_1700","Rohan Tripathi","rohan_tripathi94@gmail.com","free","Active",15,15,15,"2026-08-13T16:43:50.340Z","2026-08-13T16:43:50.340Z"
"ind_usr_2697","Kiran Thakur","kiranthakur2002@gmail.com","free","Active",3,15,15,"2026-08-13T16:43:30.962Z","2026-08-13T16:43:30.962Z"
"ind_usr_1747","Tarun Chatterjee","tarunchatterjee1996@gmail.com","free","Active",5,15,15,"2026-08-13T16:43:01.184Z","2026-08-13T16:43:01.184Z"
"ind_usr_0524","Divya Yadav","divya.yadav.2003@gmail.com","free","Active",14,15,15,"2026-08-13T16:31:11.874Z","2026-08-13T16:31:11.874Z"
"ind_usr_3194","Gaurav Dubey","gaurav.dubey.2001@gmail.com","free","Active",3,15,15,"2026-08-13T16:27:49.184Z","2026-08-13T16:27:49.184Z"
"ind_usr_3073","Aakash Thakur","aakash_thakur@gmail.com","free","Active",7,15,15,"2026-08-13T16:27:03.574Z","2026-08-13T16:27:03.574Z"
"ind_usr_1794","Priya Shah","priya.shah.1993@gmail.com","free","Active",8,15,15,"2026-08-13T16:23:22.127Z","2026-08-13T16:23:22.127Z"
"ind_usr_2380","Siddharth Jain","siddharth_jain94@gmail.com","free","Active",4,15,15,"2026-08-13T16:21:56.705Z","2026-08-13T16:21:56.705Z"
"ind_usr_0770","Karan Yadav","karan_yadav33@gmail.com","free","Active",7,15,15,"2026-08-13T16:14:58.644Z","2026-08-13T16:14:58.644Z"
"ind_usr_1468","Archana Bhatia","archana.bhatia.work@gmail.com","free","Active",9,15,15,"2026-08-13T16:02:44.494Z","2026-08-13T16:02:44.494Z"
"ind_usr_0658","Bhavna Goyal","bhavna.goyal.work@gmail.com","free","Active",3,15,15,"2026-08-13T15:56:50.811Z","2026-08-13T15:56:50.811Z"
"ind_usr_2986","Divya Banerjee","divyab21@gmail.com","free","Active",4,15,15,"2026-08-13T15:51:15.584Z","2026-08-13T15:51:15.584Z"
"ind_usr_3180","Varun Kumar","varun_kumar66@gmail.com","free","Active",3,15,15,"2026-08-13T15:36:21.125Z","2026-08-13T15:36:21.125Z"
"ind_usr_0423","Mayank Joshi","mayank_joshi@gmail.com","free","Active",3,15,15,"2026-08-13T15:24:15.678Z","2026-08-13T15:24:15.678Z"
"ind_usr_2253","Kritika Patel","kritika_patel@gmail.com","free","Active",6,15,15,"2026-08-13T15:23:29.349Z","2026-08-13T15:23:29.349Z"
"ind_usr_1707","Karan Kumar","karankumar2000@gmail.com","free","Active",13,15,15,"2026-08-13T15:22:38.090Z","2026-08-13T15:22:38.090Z"
"ind_usr_2092","Vivek Patel","vivekpatel26@gmail.com","free","Active",8,15,15,"2026-08-13T15:07:02.979Z","2026-08-13T15:07:02.979Z"
"ind_usr_1063","Aditya Joshi","aditya_joshi@gmail.com","free","Active",7,15,15,"2026-08-13T15:06:38.431Z","2026-08-13T15:06:38.431Z"
"ind_usr_3107","Pooja Shah","poojashah1993@gmail.com","free","Active",4,15,15,"2026-08-13T15:02:59.969Z","2026-08-13T15:02:59.969Z"
"ind_usr_1805","Kunal Chawla","kchawla96@gmail.com","free","Active",6,15,15,"2026-08-13T15:00:44.483Z","2026-08-13T15:00:44.483Z"
"ind_usr_2011","Rohan Pandey","rohan.pandey@gmail.com","free","Active",8,15,15,"2026-08-13T14:58:38.347Z","2026-08-13T14:58:38.347Z"
"ind_usr_2826","Mohit Shah","mohits58@gmail.com","free","Active",13,15,15,"2026-08-13T14:03:54.790Z","2026-08-13T14:03:54.790Z"
"ind_usr_2519","Gaurav Rathore","iam.gauravrathore@gmail.com","free","Active",5,15,15,"2026-08-13T14:02:29.580Z","2026-08-13T14:02:29.580Z"
"ind_usr_2954","Aakash Mishra","aakash.mishra.1996@gmail.com","free","Active",4,15,15,"2026-08-13T13:47:37.120Z","2026-08-13T13:47:37.120Z"
"ind_usr_1012","Kunal Pandey","kunalpandey26@gmail.com","free","Active",10,15,15,"2026-08-13T13:39:27.666Z","2026-08-13T13:39:27.666Z"
"ind_usr_3003","Siddharth Joshi","siddharth_joshi@gmail.com","free","Active",11,15,15,"2026-08-13T13:32:14.562Z","2026-08-13T13:32:14.562Z"
"ind_usr_2569","Jyoti Sinha","iam.jyotisinha@gmail.com","free","Active",8,15,15,"2026-08-13T13:31:52.065Z","2026-08-13T13:31:52.065Z"
"ind_usr_2948","Ishita Chatterjee","ishita.chatterjee.work@gmail.com","free","Active",8,15,15,"2026-08-13T13:28:46.826Z","2026-08-13T13:28:46.826Z"
"ind_usr_1594","Kunal Tripathi","kunal.tripathi.1999@gmail.com","free","Active",6,15,15,"2026-08-13T13:03:23.924Z","2026-08-13T13:03:23.924Z"
"ind_usr_0002","Vivek Thakur","vivekthakur17@gmail.com","free","Active",8,15,15,"2026-08-13T12:32:37.982Z","2026-08-13T12:32:37.982Z"
"ind_usr_1410","Arjun Ahuja","arjun_ahuja46@gmail.com","free","Active",15,15,15,"2026-08-13T12:31:26.647Z","2026-08-13T12:31:26.647Z"
"ind_usr_1111","Anjali Saxena","anjali.saxena@gmail.com","free","Active",12,15,15,"2026-08-13T12:26:45.692Z","2026-08-13T12:26:45.692Z"
"ind_usr_2731","Saurabh Mehta","saurabh.mehta@gmail.com","free","Active",9,15,15,"2026-08-13T12:23:27.037Z","2026-08-13T12:23:27.037Z"
"ind_usr_1236","Siddharth Pandey","siddharthp90@gmail.com","free","Active",9,15,15,"2026-08-13T12:21:49.407Z","2026-08-13T12:21:49.407Z"
"ind_usr_2450","Kiran Bajaj","kiran_bajaj98@gmail.com","free","Active",11,15,15,"2026-08-13T12:18:01.919Z","2026-08-13T12:18:01.919Z"
"ind_usr_2702","Varun Pandey","varunpandey30@gmail.com","free","Active",9,15,15,"2026-08-13T12:11:07.329Z","2026-08-13T12:11:07.329Z"
"ind_usr_2840","Gaurav Dhar","gaurav_dhar87@gmail.com","free","Active",5,15,15,"2026-08-13T11:58:03.329Z","2026-08-13T11:58:03.329Z"
"ind_usr_1249","Manish Jain","iam.manishjain@gmail.com","free","Active",8,15,15,"2026-08-13T11:52:33.917Z","2026-08-13T11:52:33.917Z"
"ind_usr_3314","Nitin Ahuja","nitin.ahuja.2000@gmail.com","free","Active",14,15,15,"2026-08-13T11:29:54.823Z","2026-08-13T11:29:54.823Z"
"ind_usr_1380","Komal Singh","komal_singh49@gmail.com","free","Active",4,15,15,"2026-08-13T11:29:23.734Z","2026-08-13T11:29:23.734Z"
"ind_usr_2343","Rohan Chawla","rohan.chawla6043@gmail.com","free","Active",4,15,15,"2026-08-13T11:25:11.314Z","2026-08-13T11:25:11.314Z"
"ind_usr_2464","Rohan Thakur","rohan.thakur.2001@gmail.com","free","Active",12,15,15,"2026-08-13T11:15:21.604Z","2026-08-13T11:15:21.604Z"
"ind_usr_3041","Vivek Gupta","vivek.gupta@gmail.com","free","Active",8,15,15,"2026-08-13T11:14:03.198Z","2026-08-13T11:14:03.198Z"
"ind_usr_2368","Riya Nair","riya.nair.work@gmail.com","free","Active",11,15,15,"2026-08-13T11:13:15.356Z","2026-08-13T11:13:15.356Z"
"ind_usr_1781","Kunal Bajaj","kunal.bajaj@gmail.com","free","Active",4,15,15,"2026-08-13T11:09:02.741Z","2026-08-13T11:09:02.741Z"
"ind_usr_1337","Payal Kapoor","payalkapoor2001@gmail.com","free","Active",13,15,15,"2026-08-13T11:08:15.837Z","2026-08-13T11:08:15.837Z"
"ind_usr_2132","Anjali Ahuja","anjaliahuja37@gmail.com","free","Active",7,15,15,"2026-08-13T11:01:45.992Z","2026-08-13T11:01:45.992Z"
"ind_usr_3054","Vandana Bajaj","vandana.bajaj.2001@gmail.com","free","Active",3,15,15,"2026-08-13T10:59:01.558Z","2026-08-13T10:59:01.558Z"
"ind_usr_1782","Mohit Yadav","mohityadav91@gmail.com","free","Active",10,15,15,"2026-08-13T10:57:48.425Z","2026-08-13T10:57:48.425Z"
"ind_usr_3170","Divya Mishra","divya_mishra39@gmail.com","free","Active",6,15,15,"2026-08-13T10:56:42.469Z","2026-08-13T10:56:42.469Z"
"ind_usr_0312","Kritika Chatterjee","kritikachatterjee45@gmail.com","free","Active",3,15,15,"2026-08-13T10:26:26.267Z","2026-08-13T10:26:26.267Z"
"ind_usr_3119","Vikram Pandey","iam.vikrampandey@gmail.com","free","Active",8,15,15,"2026-08-13T10:26:20.330Z","2026-08-13T10:26:20.330Z"
"ind_usr_0454","Pooja Gupta","pooja.gupta.2001@gmail.com","free","Active",12,15,15,"2026-08-13T10:10:40.522Z","2026-08-13T10:10:40.522Z"
"ind_usr_3324","Aakash Jain","aakash.jain.2000@gmail.com","free","Active",5,15,15,"2026-08-13T10:04:54.867Z","2026-08-13T10:04:54.867Z"
"ind_usr_1750","Rohit Tiwari","rohit_tiwari90@gmail.com","free","Active",12,15,15,"2026-08-13T09:55:27.459Z","2026-08-13T09:55:27.459Z"
"ind_usr_2841","Vikram Banerjee","vikram.banerjee6196@gmail.com","free","Active",3,15,15,"2026-08-13T09:45:03.883Z","2026-08-13T09:45:03.883Z"
"ind_usr_2152","Rahul Pandey","rahul.pandey1497@gmail.com","free","Active",10,15,15,"2026-08-13T09:44:23.960Z","2026-08-13T09:44:23.960Z"
"ind_usr_2304","Ishita Narang","ishita.narang.2001@gmail.com","free","Active",10,15,15,"2026-08-13T09:35:19.419Z","2026-08-13T09:35:19.419Z"
"ind_usr_2268","Swati Tripathi","swati.tripathi.work@gmail.com","free","Active",6,15,15,"2026-08-13T09:29:03.628Z","2026-08-13T09:29:03.628Z"
"ind_usr_1780","Shreya Yadav","shreya_yadav64@gmail.com","free","Active",9,15,15,"2026-08-13T09:21:00.605Z","2026-08-13T09:21:00.605Z"
"ind_usr_0220","Siddharth Sinha","siddharth_sinha78@gmail.com","free","Active",15,15,15,"2026-08-13T09:19:42.136Z","2026-08-13T09:19:42.136Z"
"ind_usr_2177","Nisha Verma","nishaverma1998@gmail.com","free","Active",4,15,15,"2026-08-13T09:18:02.360Z","2026-08-13T09:18:02.360Z"
"ind_usr_0070","Gaurav Kapoor","gaurav_kapoor79@gmail.com","free","Active",14,15,15,"2026-08-13T09:17:29.468Z","2026-08-13T09:17:29.468Z"
"ind_usr_2128","Riya Gupta","riya.gupta.work@gmail.com","free","Active",4,15,15,"2026-08-13T09:15:27.004Z","2026-08-13T09:15:27.004Z"
"ind_usr_0261","Riya Deshmukh","riya.deshmukh@gmail.com","free","Active",15,15,15,"2026-08-13T08:57:46.652Z","2026-08-13T08:57:46.652Z"
"ind_usr_1887","Anjali Kapoor","anjalikapoor1995@gmail.com","free","Active",4,15,15,"2026-08-13T08:57:41.569Z","2026-08-13T08:57:41.569Z"
"ind_usr_2168","Varun Aggarwal","varun.aggarwal.work@gmail.com","free","Active",8,15,15,"2026-08-13T08:54:30.429Z","2026-08-13T08:54:30.429Z"
"ind_usr_0603","Varun Tripathi","varun_tripathi@gmail.com","free","Active",13,15,15,"2026-08-13T08:53:08.471Z","2026-08-13T08:53:08.471Z"
"ind_usr_0710","Aakash Dutta","aakash_dutta80@gmail.com","free","Active",11,15,15,"2026-08-13T08:51:59.027Z","2026-08-13T08:51:59.027Z"
"ind_usr_0902","Kunal Pandey","kunalpandey99@gmail.com","free","Active",4,15,15,"2026-08-13T08:45:48.904Z","2026-08-13T08:45:48.904Z"
"ind_usr_2163","Saurabh Malhotra","saurabh_malhotra@gmail.com","free","Active",9,15,15,"2026-08-13T08:32:16.218Z","2026-08-13T08:32:16.218Z"
"ind_usr_2437","Nitin Narang","nitinnarang1995@gmail.com","free","Active",7,15,15,"2026-08-13T08:30:36.534Z","2026-08-13T08:30:36.534Z"
"ind_usr_0396","Sunil Goyal","sunilg64@gmail.com","free","Active",3,15,15,"2026-08-13T08:25:15.779Z","2026-08-13T08:25:15.779Z"
"ind_usr_1382","Amit Bajaj","amitbajaj42@gmail.com","free","Active",3,15,15,"2026-08-13T08:22:42.954Z","2026-08-13T08:22:42.954Z"
"ind_usr_0015","Swati Joshi","sjoshi26@gmail.com","free","Active",15,15,15,"2026-08-13T08:16:44.177Z","2026-08-13T08:16:44.177Z"
"ind_usr_0715","Ishita Verma","iverma94@gmail.com","free","Active",4,15,15,"2026-08-13T08:15:04.561Z","2026-08-13T08:15:04.561Z"
"ind_usr_0380","Vikram Joshi","vikram_joshi69@gmail.com","free","Active",14,15,15,"2026-08-13T08:10:10.524Z","2026-08-13T08:10:10.524Z"
"ind_usr_1666","Rakesh Tiwari","rakesht55@gmail.com","free","Active",10,15,15,"2026-08-13T08:06:00.277Z","2026-08-13T08:06:00.277Z"
"ind_usr_3172","Prashant Bhatia","prashantbhatia73@gmail.com","free","Active",15,15,15,"2026-08-13T07:57:40.107Z","2026-08-13T07:57:40.107Z"
"ind_usr_1257","Swati Goyal","swatigoyal1998@gmail.com","free","Active",12,15,15,"2026-08-13T07:52:57.506Z","2026-08-13T07:52:57.506Z"
"ind_usr_2348","Yash Aggarwal","yash.aggarwal.work@gmail.com","free","Active",14,15,15,"2026-08-13T07:30:54.871Z","2026-08-13T07:30:54.871Z"
"ind_usr_0861","Riya Kumar","riya.kumar@gmail.com","free","Active",15,15,15,"2026-08-13T07:29:34.549Z","2026-08-13T07:29:34.549Z"
"ind_usr_3048","Karan Aggarwal","karan.aggarwal.work@gmail.com","free","Active",8,15,15,"2026-08-13T07:16:15.813Z","2026-08-13T07:16:15.813Z"
"ind_usr_1553","Deepak Chawla","deepak_chawla@gmail.com","free","Active",9,15,15,"2026-08-13T07:11:20.252Z","2026-08-13T07:11:20.252Z"
"ind_usr_0033","Sunil Rao","sunil_rao@gmail.com","free","Active",13,15,15,"2026-08-13T07:09:06.148Z","2026-08-13T07:09:06.148Z"
"ind_usr_3025","Riya Tiwari","rtiwari95@gmail.com","free","Active",14,15,15,"2026-08-13T06:59:59.615Z","2026-08-13T06:59:59.615Z"
"ind_usr_2400","Amit Jain","amit_jain64@gmail.com","free","Active",11,15,15,"2026-08-13T06:44:56.101Z","2026-08-13T06:44:56.101Z"
"ind_usr_0439","Nikhil Narang","iam.nikhilnarang@gmail.com","free","Active",8,15,15,"2026-08-13T06:39:53.315Z","2026-08-13T06:39:53.315Z"
"ind_usr_1947","Vikram Kumar","vikramkumar2003@gmail.com","free","Active",4,15,15,"2026-08-13T06:36:26.263Z","2026-08-13T06:36:26.263Z"
"ind_usr_1888","Varun Kumar","varun.kumar.work@gmail.com","free","Active",13,15,15,"2026-08-13T06:14:27.952Z","2026-08-13T06:14:27.952Z"
"ind_usr_2881","Monika Choudhury","monika.choudhury@gmail.com","free","Active",8,15,15,"2026-08-13T06:06:06.488Z","2026-08-13T06:06:06.488Z"
"ind_usr_1081","Sonam Reddy","sonam.reddy@gmail.com","free","Active",12,15,15,"2026-08-13T06:01:32.719Z","2026-08-13T06:01:32.719Z"
"ind_usr_3006","Deepika Dutta","deepikad76@gmail.com","free","Active",9,15,15,"2026-08-13T05:40:04.879Z","2026-08-13T05:40:04.879Z"
"ind_usr_2125","Neha Chawla","nchawla36@gmail.com","free","Active",11,15,15,"2026-08-13T05:25:46.579Z","2026-08-13T05:25:46.579Z"
"ind_usr_0474","Deepika Yadav","deepika.yadav.1993@gmail.com","free","Active",7,15,15,"2026-08-13T05:19:37.655Z","2026-08-13T05:19:37.655Z"
"ind_usr_2571","Abhishek Patel","abhishek.patel@gmail.com","free","Active",12,15,15,"2026-08-13T05:13:54.293Z","2026-08-13T05:13:54.293Z"
"ind_usr_2134","Vandana Mishra","vandana.mishra.2001@gmail.com","free","Active",13,15,15,"2026-08-13T05:12:53.116Z","2026-08-13T05:12:53.116Z"
"ind_usr_0883","Kunal Dutta","kunal_dutta@gmail.com","free","Active",8,15,15,"2026-08-13T05:10:26.118Z","2026-08-13T05:10:26.118Z"
"ind_usr_1448","Ananya Choudhury","ananya.choudhury.work@gmail.com","free","Active",10,15,15,"2026-08-13T05:09:30.479Z","2026-08-13T05:09:30.479Z"
"ind_usr_2118","Aakash Shah","aakash.shah.work@gmail.com","free","Active",4,15,15,"2026-08-13T05:04:57.941Z","2026-08-13T05:04:57.941Z"
"ind_usr_0457","Rashmi Sharma","rashmisharma2003@gmail.com","free","Active",8,15,15,"2026-08-13T05:04:46.750Z","2026-08-13T05:04:46.750Z"
"ind_usr_1577","Priya Verma","priyaverma1999@gmail.com","free","Active",14,15,15,"2026-08-13T05:00:59.836Z","2026-08-13T05:00:59.836Z"
"ind_usr_2476","Riya Ahuja","riyaa76@gmail.com","free","Active",12,15,15,"2026-08-13T04:52:33.065Z","2026-08-13T04:52:33.065Z"
"ind_usr_2465","Vivek Sinha","vsinha20@gmail.com","free","Active",8,15,15,"2026-08-13T04:41:08.444Z","2026-08-13T04:41:08.444Z"
"ind_usr_1540","Varun Bhatia","varun_bhatia52@gmail.com","free","Active",12,15,15,"2026-08-13T04:18:48.012Z","2026-08-13T04:18:48.012Z"
"ind_usr_2077","Vikram Mehta","vikrammehta2001@gmail.com","free","Active",9,15,15,"2026-08-13T04:15:26.871Z","2026-08-13T04:15:26.871Z"
"ind_usr_0274","Sunil Yadav","sunil.yadav.1995@gmail.com","free","Active",5,15,15,"2026-08-13T04:09:38.163Z","2026-08-13T04:09:38.163Z"
"ind_usr_2247","Nitin Reddy","nitinreddy1997@gmail.com","free","Active",13,15,15,"2026-08-13T04:02:17.327Z","2026-08-13T04:02:17.327Z"
"ind_usr_2541","Sunil Patel","sunil.patel@gmail.com","free","Active",8,15,15,"2026-08-13T03:56:17.010Z","2026-08-13T03:56:17.010Z"
"ind_usr_0514","Prashant Bhasin","prashant.bhasin.1995@gmail.com","free","Active",14,15,15,"2026-08-13T03:42:36.165Z","2026-08-13T03:42:36.165Z"
"ind_usr_0166","Rashmi Ahuja","rashmia50@gmail.com","free","Active",10,15,15,"2026-08-13T03:39:15.355Z","2026-08-13T03:39:15.355Z"
"ind_usr_1316","Aarav Singh","aaravs97@gmail.com","free","Active",10,15,15,"2026-08-13T03:31:05.338Z","2026-08-13T03:31:05.338Z"
"ind_usr_0548","Jyoti Patel","jyoti.patel.work@gmail.com","free","Active",10,15,15,"2026-08-13T03:31:00.418Z","2026-08-13T03:31:00.418Z"
"ind_usr_0116","Karan Jain","karanj14@gmail.com","free","Active",8,15,15,"2026-08-13T03:25:58.796Z","2026-08-13T03:25:58.796Z"
"ind_usr_0472","Rakesh Mehta","rakeshmehta92@gmail.com","free","Active",14,15,15,"2026-08-13T03:24:13.913Z","2026-08-13T03:24:13.913Z"
"ind_usr_2566","Kiran Malhotra","kiranm98@gmail.com","free","Active",15,15,15,"2026-08-13T03:07:26.994Z","2026-08-13T03:07:26.994Z"
"ind_usr_0076","Neha Mishra","neham91@gmail.com","free","Active",6,15,15,"2026-08-13T03:05:18.424Z","2026-08-13T03:05:18.424Z"
"ind_usr_2758","Ananya Tiwari","ananya.tiwari.work@gmail.com","free","Active",12,15,15,"2026-08-13T03:04:11.664Z","2026-08-13T03:04:11.664Z"
"ind_usr_1039","Payal Dutta","iam.payaldutta@gmail.com","free","Active",9,15,15,"2026-08-13T03:03:37.107Z","2026-08-13T03:03:37.107Z"
"ind_usr_1160","Kiran Rao","kiran_rao89@gmail.com","free","Active",15,15,15,"2026-08-13T02:54:43.255Z","2026-08-13T02:54:43.255Z"
"ind_usr_1345","Rajesh Bhatia","rbhatia18@gmail.com","free","Active",15,15,15,"2026-08-13T02:53:33.178Z","2026-08-13T02:53:33.178Z"
"ind_usr_0726","Nikhil Chauhan","nikhilc80@gmail.com","free","Active",15,15,15,"2026-08-13T02:49:46.927Z","2026-08-13T02:49:46.927Z"
"ind_usr_1729","Yash Deshmukh","iam.yashdeshmukh@gmail.com","free","Active",13,15,15,"2026-08-13T02:47:52.599Z","2026-08-13T02:47:52.599Z"
"ind_usr_2236","Bhavna Goyal","bhavnag20@gmail.com","free","Active",6,15,15,"2026-08-13T02:45:10.506Z","2026-08-13T02:45:10.506Z"
"ind_usr_1126","Ishita Kapoor","ishitak40@gmail.com","free","Active",9,15,15,"2026-08-13T02:41:19.652Z","2026-08-13T02:41:19.652Z"
"ind_usr_1542","Rakesh Aggarwal","rakeshaggarwal72@gmail.com","free","Active",7,15,15,"2026-08-13T02:34:12.465Z","2026-08-13T02:34:12.465Z"
"ind_usr_0567","Prashant Deshmukh","prashantdeshmukh1996@gmail.com","free","Active",9,15,15,"2026-08-13T02:27:01.747Z","2026-08-13T02:27:01.747Z"
"ind_usr_0869","Siddharth Pandey","iam.siddharthpandey@gmail.com","free","Active",14,15,15,"2026-08-13T02:23:50.903Z","2026-08-13T02:23:50.903Z"
"ind_usr_2931","Abhishek Bhasin","abhishek.bhasin@gmail.com","free","Active",3,15,15,"2026-08-13T02:20:29.466Z","2026-08-13T02:20:29.466Z"
"ind_usr_0763","Mayank Thakur","mayank_thakur@gmail.com","free","Active",11,15,15,"2026-08-13T02:19:09.685Z","2026-08-13T02:19:09.685Z"
"ind_usr_1002","Gaurav Yadav","gauravyadav37@gmail.com","free","Active",10,15,15,"2026-08-13T02:14:54.019Z","2026-08-13T02:14:54.019Z"
"ind_usr_1055","Monika Tiwari","mtiwari63@gmail.com","free","Active",11,15,15,"2026-08-13T02:14:53.967Z","2026-08-13T02:14:53.967Z"
"ind_usr_2031","Gaurav Chauhan","gaurav.chauhan@gmail.com","free","Active",4,15,15,"2026-08-13T02:09:13.212Z","2026-08-13T02:09:13.212Z"
"ind_usr_1393","Yash Bhatia","yash_bhatia@gmail.com","free","Active",8,15,15,"2026-08-13T02:04:57.896Z","2026-08-13T02:04:57.896Z"
"ind_usr_0135","Rajesh Reddy","rreddy73@gmail.com","free","Active",7,15,15,"2026-08-13T02:02:34.786Z","2026-08-13T02:02:34.786Z"
"ind_usr_2865","Kiran Mishra","kmishra23@gmail.com","free","Active",3,15,15,"2026-08-13T01:57:05.681Z","2026-08-13T01:57:05.681Z"
"ind_usr_1465","Alok Mehta","amehta80@gmail.com","free","Active",10,15,15,"2026-08-13T01:56:29.029Z","2026-08-13T01:56:29.029Z"
"ind_usr_0087","Neha Verma","nehaverma2000@gmail.com","free","Active",13,15,15,"2026-08-13T01:52:27.190Z","2026-08-13T01:52:27.190Z"
"ind_usr_0582","Nitin Choudhury","nitinchoudhury60@gmail.com","free","Active",12,15,15,"2026-08-13T01:51:48.468Z","2026-08-13T01:51:48.468Z"
"ind_usr_2754","Suresh Dubey","suresh.dubey.2000@gmail.com","free","Active",12,15,15,"2026-08-13T01:48:04.449Z","2026-08-13T01:48:04.449Z"
"ind_usr_1482","Alok Malhotra","alokmalhotra20@gmail.com","free","Active",13,15,15,"2026-08-13T01:43:37.892Z","2026-08-13T01:43:37.892Z"
"ind_usr_0328","Siddharth Banerjee","siddharth.banerjee.work@gmail.com","free","Active",7,15,15,"2026-08-13T01:40:14.174Z","2026-08-13T01:40:14.174Z"
"ind_usr_1842","Anjali Rathore","anjalirathore45@gmail.com","free","Active",11,15,15,"2026-08-13T01:33:28.327Z","2026-08-13T01:33:28.327Z"
"ind_usr_2231","Nitin Patel","nitin.patel@gmail.com","free","Active",11,15,15,"2026-08-13T01:26:40.313Z","2026-08-13T01:26:40.313Z"
"ind_usr_2159","Manish Dhar","iam.manishdhar@gmail.com","free","Active",9,15,15,"2026-08-13T01:21:19.090Z","2026-08-13T01:21:19.090Z"
"ind_usr_1847","Rakesh Singh","rakeshsingh1996@gmail.com","free","Active",6,15,15,"2026-08-13T01:09:01.989Z","2026-08-13T01:09:01.989Z"
"ind_usr_1425","Abhishek Bhatia","abhatia80@gmail.com","free","Active",15,15,15,"2026-08-13T01:06:57.069Z","2026-08-13T01:06:57.069Z"
"ind_usr_0443","Gaurav Dubey","gaurav_dubey@gmail.com","free","Active",6,15,15,"2026-08-13T01:03:58.918Z","2026-08-13T01:03:58.918Z"
"ind_usr_2924","Rohan Nair","rohan.nair.1995@gmail.com","free","Active",10,15,15,"2026-08-13T00:55:34.277Z","2026-08-13T00:55:34.277Z"
"ind_usr_0385","Nisha Bhatia","nbhatia90@gmail.com","free","Active",4,15,15,"2026-08-13T00:50:51.903Z","2026-08-13T00:50:51.903Z"
"ind_usr_1576","Aditya Banerjee","adityab21@gmail.com","free","Active",8,15,15,"2026-08-13T00:48:39.292Z","2026-08-13T00:48:39.292Z"
"ind_usr_3169","Siddharth Singh","siddharth.singh5547@gmail.com","free","Active",11,15,15,"2026-08-13T00:44:22.044Z","2026-08-13T00:44:22.044Z"
"ind_usr_1619","Sneha Aggarwal","iam.snehaaggarwal@gmail.com","free","Active",8,15,15,"2026-08-13T00:43:41.503Z","2026-08-13T00:43:41.503Z"
"ind_usr_0891","Megha Gupta","megha.gupta@gmail.com","free","Active",9,15,15,"2026-08-13T00:40:51.042Z","2026-08-13T00:40:51.042Z"
"ind_usr_2547","Payal Banerjee","payalbanerjee1996@gmail.com","free","Active",5,15,15,"2026-08-13T00:40:28.041Z","2026-08-13T00:40:28.041Z"
"ind_usr_0074","Deepak Nair","deepak.nair.1993@gmail.com","free","Active",5,15,15,"2026-08-13T00:38:30.640Z","2026-08-13T00:38:30.640Z"
"ind_usr_2664","Rashmi Goyal","rashmi.goyal.1995@gmail.com","free","Active",7,15,15,"2026-08-13T00:37:51.836Z","2026-08-13T00:37:51.836Z"
"ind_usr_2956","Kiran Jain","kiranj23@gmail.com","free","Active",11,15,15,"2026-08-13T00:32:32.798Z","2026-08-13T00:32:32.798Z"
"ind_usr_3097","Aakash Joshi","aakashjoshi2003@gmail.com","free","Active",12,15,15,"2026-08-13T00:22:55.360Z","2026-08-13T00:22:55.360Z"
"ind_usr_0921","Rohan Jain","rohan.jain@gmail.com","free","Active",15,15,15,"2026-08-13T00:16:46.871Z","2026-08-13T00:16:46.871Z"
"ind_usr_2442","Pooja Bajaj","poojabajaj80@gmail.com","free","Active",11,15,15,"2026-08-13T00:13:11.086Z","2026-08-13T00:13:11.086Z"
"ind_usr_0777","Deepika Shah","deepikashah1998@gmail.com","free","Active",4,15,15,"2026-08-13T00:09:40.431Z","2026-08-13T00:09:40.431Z"
"ind_usr_2944","Shreya Tripathi","shreya.tripathi.1998@gmail.com","free","Active",11,15,15,"2026-08-12T23:43:13.842Z","2026-08-12T23:43:13.842Z"
"ind_usr_1967","Riya Bhatia","riyabhatia1993@gmail.com","free","Active",11,15,15,"2026-08-12T23:38:31.398Z","2026-08-12T23:38:31.398Z"
"ind_usr_2674","Sunil Verma","sunil.verma.2001@gmail.com","free","Active",5,15,15,"2026-08-12T23:38:17.895Z","2026-08-12T23:38:17.895Z"
"ind_usr_2326","Kritika Sharma","kritikas72@gmail.com","free","Active",12,15,15,"2026-08-12T23:34:12.238Z","2026-08-12T23:34:12.238Z"
"ind_usr_1392","Ananya Malhotra","ananyamalhotra81@gmail.com","free","Active",4,15,15,"2026-08-12T23:27:51.876Z","2026-08-12T23:27:51.876Z"
"ind_usr_0938","Simran Joshi","simran.joshi.work@gmail.com","free","Active",12,15,15,"2026-08-12T23:23:37.746Z","2026-08-12T23:23:37.746Z"
"ind_usr_1067","Suresh Dubey","sureshdubey1995@gmail.com","free","Active",8,15,15,"2026-08-12T23:19:06.045Z","2026-08-12T23:19:06.045Z"
"ind_usr_3014","Nikhil Gupta","nikhil.gupta.1999@gmail.com","free","Active",15,15,15,"2026-08-12T23:11:21.655Z","2026-08-12T23:11:21.655Z"
"ind_usr_1732","Kritika Narang","kritikanarang72@gmail.com","free","Active",8,15,15,"2026-08-12T23:10:55.950Z","2026-08-12T23:10:55.950Z"
"ind_usr_3030","Alok Sinha","alok_sinha75@gmail.com","free","Active",7,15,15,"2026-08-12T23:01:43.256Z","2026-08-12T23:01:43.256Z"
"ind_usr_2139","Simran Pandey","iam.simranpandey@gmail.com","free","Active",5,15,15,"2026-08-12T22:51:30.472Z","2026-08-12T22:51:30.472Z"
"ind_usr_2149","Kunal Aggarwal","iam.kunalaggarwal@gmail.com","free","Active",12,15,15,"2026-08-12T22:49:42.817Z","2026-08-12T22:49:42.817Z"
"ind_usr_2748","Gaurav Chawla","gaurav.chawla.work@gmail.com","free","Active",8,15,15,"2026-08-12T22:39:36.034Z","2026-08-12T22:39:36.034Z"
"ind_usr_2257","Manish Goyal","manishgoyal1996@gmail.com","free","Active",3,15,15,"2026-08-12T22:31:32.885Z","2026-08-12T22:31:32.885Z"
"ind_usr_0960","Amit Tripathi","amit_tripathi73@gmail.com","free","Active",7,15,15,"2026-08-12T22:25:32.820Z","2026-08-12T22:25:32.820Z"
"ind_usr_0657","Gaurav Nair","gauravnair1995@gmail.com","free","Active",12,15,15,"2026-08-12T22:21:30.759Z","2026-08-12T22:21:30.759Z"
"ind_usr_2466","Swati Shah","swatis67@gmail.com","free","Active",11,15,15,"2026-08-12T22:20:38.052Z","2026-08-12T22:20:38.052Z"
"ind_usr_1130","Megha Patel","megha_patel98@gmail.com","free","Active",14,15,15,"2026-08-12T22:14:26.865Z","2026-08-12T22:14:26.865Z"
"ind_usr_0126","Alok Aggarwal","aloka81@gmail.com","free","Active",15,15,15,"2026-08-12T22:14:07.068Z","2026-08-12T22:14:07.068Z"
"ind_usr_0885","Payal Yadav","pyadav53@gmail.com","free","Active",12,15,15,"2026-08-12T22:12:14.342Z","2026-08-12T22:12:14.342Z"
"ind_usr_2322","Kunal Deshmukh","kunaldeshmukh99@gmail.com","free","Active",12,15,15,"2026-08-12T22:09:09.083Z","2026-08-12T22:09:09.083Z"
"ind_usr_0389","Varun Joshi","iam.varunjoshi@gmail.com","free","Active",10,15,15,"2026-08-12T22:07:53.057Z","2026-08-12T22:07:53.057Z"
"ind_usr_3384","Kavya Joshi","kavya.joshi.1996@gmail.com","free","Active",9,15,15,"2026-08-12T21:38:01.648Z","2026-08-12T21:38:01.648Z"
"ind_usr_2292","Kavya Nair","kavyanair87@gmail.com","free","Active",14,15,15,"2026-08-12T21:37:34.753Z","2026-08-12T21:37:34.753Z"
"ind_usr_1931","Pooja Malhotra","pooja.malhotra@gmail.com","free","Active",7,15,15,"2026-08-12T21:34:13.860Z","2026-08-12T21:34:13.860Z"
"ind_usr_2728","Simran Dutta","simran.dutta.work@gmail.com","free","Active",10,15,15,"2026-08-12T21:29:40.127Z","2026-08-12T21:29:40.127Z"
"ind_usr_1077","Rashmi Mehta","rashmimehta2001@gmail.com","free","Active",10,15,15,"2026-08-12T21:23:38.952Z","2026-08-12T21:23:38.952Z"
"ind_usr_0907","Rashmi Reddy","rashmireddy1995@gmail.com","free","Active",10,15,15,"2026-08-12T21:14:18.793Z","2026-08-12T21:14:18.793Z"
"ind_usr_0040","Megha Nair","megha_nair81@gmail.com","free","Active",10,15,15,"2026-08-12T21:12:54.986Z","2026-08-12T21:12:54.986Z"
"ind_usr_0939","Rahul Dhar","iam.rahuldhar@gmail.com","free","Active",8,15,15,"2026-08-12T21:11:18.577Z","2026-08-12T21:11:18.577Z"
"ind_usr_1243","Kiran Sharma","kiran_sharma@gmail.com","free","Active",13,15,15,"2026-08-12T21:10:02.074Z","2026-08-12T21:10:02.074Z"
"ind_usr_3302","Vivek Sharma","viveksharma59@gmail.com","free","Active",7,15,15,"2026-08-12T21:09:33.138Z","2026-08-12T21:09:33.138Z"
"ind_usr_2317","Komal Verma","komalverma1995@gmail.com","free","Active",3,15,15,"2026-08-12T21:07:41.886Z","2026-08-12T21:07:41.886Z"
"ind_usr_2596","Kunal Yadav","kunaly95@gmail.com","free","Active",3,15,15,"2026-08-12T21:05:20.736Z","2026-08-12T21:05:20.736Z"
"ind_usr_0371","Vikram Kumar","vikram.kumar@gmail.com","free","Active",13,15,15,"2026-08-12T20:42:25.867Z","2026-08-12T20:42:25.867Z"
"ind_usr_2335","Payal Dhar","pdhar20@gmail.com","free","Active",13,15,15,"2026-08-12T20:38:48.177Z","2026-08-12T20:38:48.177Z"
"ind_usr_0812","Amit Banerjee","amitbanerjee93@gmail.com","free","Active",10,15,15,"2026-08-12T20:35:53.096Z","2026-08-12T20:35:53.096Z"
"ind_usr_1440","Alok Bhatia","alok_bhatia82@gmail.com","free","Active",14,15,15,"2026-08-12T20:31:28.096Z","2026-08-12T20:31:28.096Z"
"ind_usr_3258","Deepak Aggarwal","deepak.aggarwal.work@gmail.com","free","Active",4,15,15,"2026-08-12T20:21:53.023Z","2026-08-12T20:21:53.023Z"
"ind_usr_1224","Sneha Dhar","sneha.dhar.2002@gmail.com","free","Active",12,15,15,"2026-08-12T20:18:27.360Z","2026-08-12T20:18:27.360Z"
"ind_usr_2815","Sneha Patel","spatel71@gmail.com","free","Active",3,15,15,"2026-08-12T20:15:11.076Z","2026-08-12T20:15:11.076Z"
"ind_usr_2510","Mayank Verma","mayank_verma36@gmail.com","free","Active",9,15,15,"2026-08-12T20:14:02.784Z","2026-08-12T20:14:02.784Z"
"ind_usr_2738","Arjun Tripathi","arjun.tripathi.work@gmail.com","free","Active",3,15,15,"2026-08-12T20:13:04.827Z","2026-08-12T20:13:04.827Z"
"ind_usr_3018","Varun Singh","varun.singh.work@gmail.com","free","Active",11,15,15,"2026-08-12T20:09:21.911Z","2026-08-12T20:09:21.911Z"
"ind_usr_1348","Komal Verma","komal.verma.work@gmail.com","free","Active",4,15,15,"2026-08-12T20:06:43.109Z","2026-08-12T20:06:43.109Z"
"ind_usr_1414","Shreya Mehta","shreya.mehta.2000@gmail.com","free","Active",5,15,15,"2026-08-12T19:59:57.110Z","2026-08-12T19:59:57.110Z"
"ind_usr_1143","Rohan Dubey","rohan.dubey4350@gmail.com","free","Active",11,15,15,"2026-08-12T19:59:16.168Z","2026-08-12T19:59:16.168Z"
"ind_usr_2457","Tarun Sharma","tarunsharma2001@gmail.com","free","Active",12,15,15,"2026-08-12T19:55:49.154Z","2026-08-12T19:55:49.154Z"
"ind_usr_1304","Monika Bhatia","monika.bhatia.1996@gmail.com","free","Active",9,15,15,"2026-08-12T19:55:41.520Z","2026-08-12T19:55:41.520Z"
"ind_usr_1424","Sunil Jain","sunil.jain.2000@gmail.com","free","Active",12,15,15,"2026-08-12T19:52:07.901Z","2026-08-12T19:52:07.901Z"
"ind_usr_2388","Nitin Joshi","nitin.joshi.work@gmail.com","free","Active",6,15,15,"2026-08-12T19:50:41.086Z","2026-08-12T19:50:41.086Z"
"ind_usr_3346","Rajesh Aggarwal","rajesha25@gmail.com","free","Active",11,15,15,"2026-08-12T19:47:48.488Z","2026-08-12T19:47:48.488Z"
"ind_usr_2371","Alok Bhatia","alok.bhatia@gmail.com","free","Active",4,15,15,"2026-08-12T19:38:00.660Z","2026-08-12T19:38:00.660Z"
"ind_usr_0910","Deepika Choudhury","deepika_choudhury90@gmail.com","free","Active",9,15,15,"2026-08-12T19:35:58.279Z","2026-08-12T19:35:58.279Z"
"ind_usr_2921","Simran Patel","simran.patel@gmail.com","free","Active",6,15,15,"2026-08-12T19:35:57.059Z","2026-08-12T19:35:57.059Z"
"ind_usr_1350","Rahul Verma","rahul_verma13@gmail.com","free","Active",12,15,15,"2026-08-12T19:26:59.057Z","2026-08-12T19:26:59.057Z"
"ind_usr_1413","Nisha Rathore","nisha_rathore@gmail.com","free","Active",11,15,15,"2026-08-12T19:22:42.314Z","2026-08-12T19:22:42.314Z"
"ind_usr_1085","Shreya Bhatia","sbhatia97@gmail.com","free","Active",14,15,15,"2026-08-12T19:17:50.402Z","2026-08-12T19:17:50.402Z"
"ind_usr_1360","Mayank Narang","mayank_narang46@gmail.com","free","Active",11,15,15,"2026-08-12T19:15:19.799Z","2026-08-12T19:15:19.799Z"
"ind_usr_1821","Suresh Dubey","suresh.dubey@gmail.com","free","Active",15,15,15,"2026-08-12T19:07:30.176Z","2026-08-12T19:07:30.176Z"
"ind_usr_1791","Yash Gupta","yash.gupta@gmail.com","free","Active",15,15,15,"2026-08-12T18:55:45.981Z","2026-08-12T18:55:45.981Z"
"ind_usr_1268","Payal Bhatia","payal.bhatia.work@gmail.com","free","Active",11,15,15,"2026-08-12T18:53:39.414Z","2026-08-12T18:53:39.414Z"
"ind_usr_2513","Archana Tiwari","archana_tiwari@gmail.com","free","Active",9,15,15,"2026-08-12T18:51:00.628Z","2026-08-12T18:51:00.628Z"
"ind_usr_1532","Aakash Bhatia","aakashbhatia18@gmail.com","free","Active",15,15,15,"2026-08-12T18:50:02.512Z","2026-08-12T18:50:02.512Z"
"ind_usr_0951","Aditya Narang","aditya.narang@gmail.com","free","Active",4,15,15,"2026-08-12T18:47:35.482Z","2026-08-12T18:47:35.482Z"
"ind_usr_2820","Divya Patel","divya_patel52@gmail.com","free","Active",4,15,15,"2026-08-12T18:45:41.192Z","2026-08-12T18:45:41.192Z"
"ind_usr_2281","Sonia Yadav","sonia.yadav@gmail.com","free","Active",7,15,15,"2026-08-12T18:44:58.587Z","2026-08-12T18:44:58.587Z"
"ind_usr_1943","Rajesh Joshi","rajesh_joshi@gmail.com","free","Active",10,15,15,"2026-08-12T18:43:07.401Z","2026-08-12T18:43:07.401Z"
"ind_usr_0119","Riya Kapoor","iam.riyakapoor@gmail.com","free","Active",8,15,15,"2026-08-12T18:36:03.440Z","2026-08-12T18:36:03.440Z"
"ind_usr_2975","Nikhil Dhar","ndhar14@gmail.com","free","Active",13,15,15,"2026-08-12T18:33:01.618Z","2026-08-12T18:33:01.618Z"
"ind_usr_0569","Pooja Mehta","iam.poojamehta@gmail.com","free","Active",5,15,15,"2026-08-12T18:31:29.303Z","2026-08-12T18:31:29.303Z"
"ind_usr_2724","Sonia Nair","sonia.nair.2003@gmail.com","free","Active",8,15,15,"2026-08-12T18:28:00.747Z","2026-08-12T18:28:00.747Z"
"ind_usr_1823","Monika Nair","monika_nair@gmail.com","free","Active",8,15,15,"2026-08-12T18:13:34.215Z","2026-08-12T18:13:34.215Z"
"ind_usr_0707","Aakash Dhar","aakashdhar1993@gmail.com","free","Active",6,15,15,"2026-08-12T18:08:06.907Z","2026-08-12T18:08:06.907Z"
"ind_usr_2471","Aakash Sinha","aakash.sinha3007@gmail.com","free","Active",13,15,15,"2026-08-12T17:43:48.656Z","2026-08-12T17:43:48.656Z"
"ind_usr_1062","Vivek Pandey","vivekpandey44@gmail.com","free","Active",15,15,15,"2026-08-12T17:40:41.891Z","2026-08-12T17:40:41.891Z"
"ind_usr_1270","Priya Thakur","priya_thakur58@gmail.com","free","Active",5,15,15,"2026-08-12T17:36:50.343Z","2026-08-12T17:36:50.343Z"
"ind_usr_0547","Manish Tripathi","manishtripathi1995@gmail.com","free","Active",6,15,15,"2026-08-12T17:33:16.433Z","2026-08-12T17:33:16.433Z"
"ind_usr_1135","Rohit Dutta","rdutta36@gmail.com","free","Active",3,15,15,"2026-08-12T17:18:39.506Z","2026-08-12T17:18:39.506Z"
"ind_usr_1602","Deepak Deshmukh","deepakdeshmukh91@gmail.com","free","Active",12,15,15,"2026-08-12T17:17:37.855Z","2026-08-12T17:17:37.855Z"
"ind_usr_1399","Nisha Tiwari","iam.nishatiwari@gmail.com","free","Active",15,15,15,"2026-08-12T17:11:47.436Z","2026-08-12T17:11:47.436Z"
"ind_usr_0843","Ishita Pandey","ishita_pandey@gmail.com","free","Active",7,15,15,"2026-08-12T17:01:06.256Z","2026-08-12T17:01:06.256Z"
"ind_usr_2894","Bhavna Goyal","bhavna.goyal.1995@gmail.com","free","Active",12,15,15,"2026-08-12T16:55:06.802Z","2026-08-12T16:55:06.802Z"
"ind_usr_0534","Arjun Kapoor","arjun.kapoor.1995@gmail.com","free","Active",14,15,15,"2026-08-12T16:55:02.861Z","2026-08-12T16:55:02.861Z"
"ind_usr_2474","Jyoti Jain","jyoti.jain.2002@gmail.com","free","Active",3,15,15,"2026-08-12T16:54:39.225Z","2026-08-12T16:54:39.225Z"
"ind_usr_0488","Riya Jain","riya.jain.work@gmail.com","free","Active",13,15,15,"2026-08-12T16:52:17.528Z","2026-08-12T16:52:17.528Z"
"ind_usr_0507","Mayank Chawla","mayankchawla1993@gmail.com","free","Active",14,15,15,"2026-08-12T16:44:16.287Z","2026-08-12T16:44:16.287Z"
"ind_usr_3158","Tarun Mehta","tarun.mehta.work@gmail.com","free","Active",12,15,15,"2026-08-12T16:38:54.438Z","2026-08-12T16:38:54.438Z"
"ind_usr_1950","Kiran Goyal","kiran_goyal79@gmail.com","free","Active",6,15,15,"2026-08-12T16:37:47.531Z","2026-08-12T16:37:47.531Z"
"ind_usr_0864","Gaurav Rathore","gaurav.rathore.1997@gmail.com","free","Active",3,15,15,"2026-08-12T16:36:09.232Z","2026-08-12T16:36:09.232Z"
"ind_usr_1409","Varun Chawla","iam.varunchawla@gmail.com","free","Active",3,15,15,"2026-08-12T16:32:32.401Z","2026-08-12T16:32:32.401Z"
"ind_usr_1526","Mayank Goyal","mayankg36@gmail.com","free","Active",7,15,15,"2026-08-12T16:15:20.403Z","2026-08-12T16:15:20.403Z"
"ind_usr_0424","Tanya Reddy","tanya.reddy.1998@gmail.com","free","Active",10,15,15,"2026-08-12T16:02:28.293Z","2026-08-12T16:02:28.293Z"
"ind_usr_0576","Simran Deshmukh","simrand63@gmail.com","free","Active",9,15,15,"2026-08-12T16:01:55.861Z","2026-08-12T16:01:55.861Z"
"ind_usr_0925","Kavya Gupta","kgupta75@gmail.com","free","Active",4,15,15,"2026-08-12T15:50:14.165Z","2026-08-12T15:50:14.165Z"
"ind_usr_0163","Sonia Pandey","sonia_pandey@gmail.com","free","Active",13,15,15,"2026-08-12T15:48:49.702Z","2026-08-12T15:48:49.702Z"
"ind_usr_0656","Sonam Deshmukh","sonamd66@gmail.com","free","Active",3,15,15,"2026-08-12T15:47:49.583Z","2026-08-12T15:47:49.583Z"
"ind_usr_2145","Tanya Singh","tsingh81@gmail.com","free","Active",9,15,15,"2026-08-12T15:44:22.676Z","2026-08-12T15:44:22.676Z"
"ind_usr_3126","Amit Sinha","amits17@gmail.com","free","Active",7,15,15,"2026-08-12T15:29:47.466Z","2026-08-12T15:29:47.466Z"
"ind_usr_2780","Nikhil Ahuja","nikhil_ahuja87@gmail.com","free","Active",4,15,15,"2026-08-12T15:28:55.188Z","2026-08-12T15:28:55.188Z"
"ind_usr_2290","Aditya Shah","aditya_shah31@gmail.com","free","Active",8,15,15,"2026-08-12T15:24:53.459Z","2026-08-12T15:24:53.459Z"
"ind_usr_2871","Jyoti Bhatia","jyoti.bhatia@gmail.com","free","Active",6,15,15,"2026-08-12T14:54:45.263Z","2026-08-12T14:54:45.263Z"
"ind_usr_2318","Vivek Patel","vivek.patel7220@gmail.com","free","Active",7,15,15,"2026-08-12T14:52:46.442Z","2026-08-12T14:52:46.442Z"
"ind_usr_1945","Komal Tripathi","ktripathi91@gmail.com","free","Active",3,15,15,"2026-08-12T14:51:11.202Z","2026-08-12T14:51:11.202Z"
"ind_usr_2364","Kritika Aggarwal","kritika.aggarwal.2001@gmail.com","free","Active",14,15,15,"2026-08-12T14:46:05.934Z","2026-08-12T14:46:05.934Z"
"ind_usr_0593","Nikhil Kumar","nikhil_kumar@gmail.com","free","Active",11,15,15,"2026-08-12T14:42:43.518Z","2026-08-12T14:42:43.518Z"
"ind_usr_2850","Sonia Chawla","sonia_chawla67@gmail.com","free","Active",11,15,15,"2026-08-12T14:41:52.807Z","2026-08-12T14:41:52.807Z"
"ind_usr_0121","Monika Yadav","monika.yadav@gmail.com","free","Active",9,15,15,"2026-08-12T14:32:24.880Z","2026-08-12T14:32:24.880Z"
"ind_usr_1377","Rohan Mishra","rohanmishra1997@gmail.com","free","Active",3,15,15,"2026-08-12T14:27:36.025Z","2026-08-12T14:27:36.025Z"
"ind_usr_0032","Mohit Narang","mohitnarang15@gmail.com","free","Active",6,15,15,"2026-08-12T14:26:02.481Z","2026-08-12T14:26:02.481Z"
"ind_usr_0993","Rohan Mishra","rohan_mishra@gmail.com","free","Active",9,15,15,"2026-08-12T14:24:52.348Z","2026-08-12T14:24:52.348Z"
"ind_usr_2699","Kritika Yadav","kritika.yadav4575@gmail.com","free","Active",7,15,15,"2026-08-12T14:18:13.663Z","2026-08-12T14:18:13.663Z"
"ind_usr_1034","Kritika Thakur","kritika.thakur.2003@gmail.com","free","Active",12,15,15,"2026-08-12T14:16:28.257Z","2026-08-12T14:16:28.257Z"
"ind_usr_1983","Kiran Chatterjee","kiran_chatterjee@gmail.com","free","Active",11,15,15,"2026-08-12T14:15:24.470Z","2026-08-12T14:15:24.470Z"
"ind_usr_1356","Payal Tripathi","payalt95@gmail.com","free","Active",3,15,15,"2026-08-12T14:14:36.130Z","2026-08-12T14:14:36.130Z"
"ind_usr_3196","Vikram Chawla","vikramc57@gmail.com","free","Active",8,15,15,"2026-08-12T14:12:07.264Z","2026-08-12T14:12:07.264Z"
"ind_usr_0269","Rohan Choudhury","iam.rohanchoudhury@gmail.com","free","Active",13,15,15,"2026-08-12T14:11:58.299Z","2026-08-12T14:11:58.299Z"
"ind_usr_3039","Karan Patel","iam.karanpatel@gmail.com","free","Active",10,15,15,"2026-08-12T14:04:20.021Z","2026-08-12T14:04:20.021Z"
"ind_usr_0665","Bhavna Gupta","bgupta66@gmail.com","free","Active",14,15,15,"2026-08-12T14:03:41.789Z","2026-08-12T14:03:41.789Z"
"ind_usr_2666","Rakesh Choudhury","rakeshc11@gmail.com","free","Active",14,15,15,"2026-08-12T14:00:32.113Z","2026-08-12T14:00:32.113Z"
"ind_usr_2942","Rohan Choudhury","rohanchoudhury97@gmail.com","free","Active",14,15,15,"2026-08-12T13:52:17.177Z","2026-08-12T13:52:17.177Z"
"ind_usr_1071","Nitin Verma","nitin.verma@gmail.com","free","Active",4,15,15,"2026-08-12T13:50:57.329Z","2026-08-12T13:50:57.329Z"
"ind_usr_3198","Aakash Rathore","aakash.rathore.work@gmail.com","free","Active",8,15,15,"2026-08-12T13:41:04.770Z","2026-08-12T13:41:04.770Z"
"ind_usr_0386","Sonia Kumar","soniak81@gmail.com","free","Active",5,15,15,"2026-08-12T13:41:03.493Z","2026-08-12T13:41:03.493Z"
"ind_usr_0049","Nitin Banerjee","iam.nitinbanerjee@gmail.com","free","Active",12,15,15,"2026-08-12T13:27:45.695Z","2026-08-12T13:27:45.695Z"
"ind_usr_3370","Neha Malhotra","neha_malhotra71@gmail.com","free","Active",8,15,15,"2026-08-12T13:27:24.772Z","2026-08-12T13:27:24.772Z"
"ind_usr_0676","Kritika Mishra","kritikam60@gmail.com","free","Active",10,15,15,"2026-08-12T13:26:12.507Z","2026-08-12T13:26:12.507Z"
"ind_usr_0671","Kritika Chawla","kritika.chawla@gmail.com","free","Active",10,15,15,"2026-08-12T13:18:39.798Z","2026-08-12T13:18:39.798Z"
"ind_usr_1891","Vandana Bhasin","vandana.bhasin2496@gmail.com","free","Active",11,15,15,"2026-08-12T13:16:46.891Z","2026-08-12T13:16:46.891Z"
"ind_usr_0915","Sneha Kumar","skumar33@gmail.com","free","Active",5,15,15,"2026-08-12T13:15:53.487Z","2026-08-12T13:15:53.487Z"
"ind_usr_1463","Tanya Saxena","tanya_saxena@gmail.com","free","Active",3,15,15,"2026-08-12T13:13:34.138Z","2026-08-12T13:13:34.138Z"
"ind_usr_2508","Kritika Dutta","kritika.dutta.work@gmail.com","free","Active",10,15,15,"2026-08-12T13:13:31.446Z","2026-08-12T13:13:31.446Z"
"ind_usr_3284","Aditya Chawla","aditya.chawla.2002@gmail.com","free","Active",14,15,15,"2026-08-12T13:09:57.628Z","2026-08-12T13:09:57.628Z"
"ind_usr_1828","Megha Sharma","megha.sharma.work@gmail.com","free","Active",6,15,15,"2026-08-12T13:06:45.273Z","2026-08-12T13:06:45.273Z"
"ind_usr_0992","Bhavna Chatterjee","bhavnachatterjee55@gmail.com","free","Active",12,15,15,"2026-08-12T13:05:53.788Z","2026-08-12T13:05:53.788Z"
"ind_usr_2868","Nisha Mishra","nisha.mishra.work@gmail.com","free","Active",7,15,15,"2026-08-12T13:01:53.895Z","2026-08-12T13:01:53.895Z"
"ind_usr_0025","Komal Dubey","kdubey79@gmail.com","free","Active",5,15,15,"2026-08-12T13:00:31.637Z","2026-08-12T13:00:31.637Z"
"ind_usr_1212","Aakash Sinha","aakashsinha65@gmail.com","free","Active",3,15,15,"2026-08-12T12:35:44.036Z","2026-08-12T12:35:44.036Z"
"ind_usr_0502","Sneha Dutta","snehadutta54@gmail.com","free","Active",9,15,15,"2026-08-12T12:33:32.001Z","2026-08-12T12:33:32.001Z"
"ind_usr_0078","Nikhil Dutta","nikhil.dutta.work@gmail.com","free","Active",14,15,15,"2026-08-12T12:31:55.452Z","2026-08-12T12:31:55.452Z"
"ind_usr_0058","Monika Patel","monika.patel.work@gmail.com","free","Active",8,15,15,"2026-08-12T12:29:07.225Z","2026-08-12T12:29:07.225Z"
"ind_usr_0868","Deepak Mehta","deepak.mehta.work@gmail.com","free","Active",15,15,15,"2026-08-12T12:28:46.162Z","2026-08-12T12:28:46.162Z"
"ind_usr_2544","Gaurav Sinha","gaurav.sinha.2003@gmail.com","free","Active",5,15,15,"2026-08-12T12:25:19.487Z","2026-08-12T12:25:19.487Z"
"ind_usr_0209","Saurabh Singh","iam.saurabhsingh@gmail.com","free","Active",6,15,15,"2026-08-12T12:21:23.923Z","2026-08-12T12:21:23.923Z"
"ind_usr_1838","Anjali Bajaj","anjali.bajaj.work@gmail.com","free","Active",3,15,15,"2026-08-12T12:11:33.680Z","2026-08-12T12:11:33.680Z"
"ind_usr_1616","Jyoti Shah","jyotis56@gmail.com","free","Active",8,15,15,"2026-08-12T12:09:31.143Z","2026-08-12T12:09:31.143Z"
"ind_usr_0538","Kiran Singh","kiran.singh.work@gmail.com","free","Active",11,15,15,"2026-08-12T12:07:27.544Z","2026-08-12T12:07:27.544Z"
"ind_usr_1344","Simran Narang","simran.narang.1998@gmail.com","free","Active",6,15,15,"2026-08-12T12:05:46.568Z","2026-08-12T12:05:46.568Z"
"ind_usr_2509","Tarun Dhar","iam.tarundhar@gmail.com","free","Active",13,15,15,"2026-08-12T11:58:27.552Z","2026-08-12T11:58:27.552Z"
"ind_usr_2925","Kavya Patel","kavya.patel7382@gmail.com","free","Active",8,15,15,"2026-08-12T11:53:40.816Z","2026-08-12T11:53:40.816Z"
"ind_usr_0051","Deepak Tripathi","deepak.tripathi@gmail.com","free","Active",9,15,15,"2026-08-12T11:49:26.658Z","2026-08-12T11:49:26.658Z"
"ind_usr_1935","Kiran Yadav","kyadav76@gmail.com","free","Active",8,15,15,"2026-08-12T11:45:53.271Z","2026-08-12T11:45:53.271Z"
"ind_usr_0924","Nitin Dutta","nitin.dutta.1995@gmail.com","free","Active",12,15,15,"2026-08-12T11:18:18.697Z","2026-08-12T11:18:18.697Z"
"ind_usr_3361","Manish Bhasin","manish.bhasin@gmail.com","free","Active",5,15,15,"2026-08-12T11:16:51.220Z","2026-08-12T11:16:51.220Z"
"ind_usr_1223","Arjun Gupta","arjun_gupta@gmail.com","free","Active",14,15,15,"2026-08-12T11:15:52.542Z","2026-08-12T11:15:52.542Z"
"ind_usr_1562","Mayank Pandey","mayankpandey69@gmail.com","free","Active",8,15,15,"2026-08-12T11:13:54.795Z","2026-08-12T11:13:54.795Z"
"ind_usr_0598","Aditya Chawla","aditya.chawla.work@gmail.com","free","Active",4,15,15,"2026-08-12T11:13:27.815Z","2026-08-12T11:13:27.815Z"
"ind_usr_0872","Ishita Tripathi","ishitatripathi38@gmail.com","free","Active",8,15,15,"2026-08-12T11:11:15.690Z","2026-08-12T11:11:15.690Z"
"ind_usr_1934","Deepak Deshmukh","deepak.deshmukh.1999@gmail.com","free","Active",12,15,15,"2026-08-12T11:03:31.430Z","2026-08-12T11:03:31.430Z"
"ind_usr_0128","Nikhil Choudhury","nikhil.choudhury.work@gmail.com","free","Active",8,15,15,"2026-08-12T11:03:05.878Z","2026-08-12T11:03:05.878Z"
"ind_usr_1038","Monika Pandey","monika.pandey.work@gmail.com","free","Active",12,15,15,"2026-08-12T10:55:48.669Z","2026-08-12T10:55:48.669Z"
"ind_usr_3209","Komal Joshi","iam.komaljoshi@gmail.com","free","Active",9,15,15,"2026-08-12T10:50:59.935Z","2026-08-12T10:50:59.935Z"
"ind_usr_1378","Kritika Chatterjee","kritika.chatterjee.work@gmail.com","free","Active",13,15,15,"2026-08-12T10:43:06.362Z","2026-08-12T10:43:06.362Z"
"ind_usr_0831","Suresh Rao","suresh.rao@gmail.com","free","Active",8,15,15,"2026-08-12T10:38:34.328Z","2026-08-12T10:38:34.328Z"
"ind_usr_0159","Sonam Sharma","iam.sonamsharma@gmail.com","free","Active",14,15,15,"2026-08-12T10:30:55.595Z","2026-08-12T10:30:55.595Z"
"ind_usr_3156","Sneha Saxena","snehas27@gmail.com","free","Active",7,15,15,"2026-08-12T10:28:31.200Z","2026-08-12T10:28:31.200Z"
"ind_usr_2350","Priya Tripathi","priya_tripathi30@gmail.com","free","Active",9,15,15,"2026-08-12T10:20:36.185Z","2026-08-12T10:20:36.185Z"
"ind_usr_1977","Kunal Pandey","kunalpandey2003@gmail.com","free","Active",3,15,15,"2026-08-12T10:06:27.133Z","2026-08-12T10:06:27.133Z"
"ind_usr_1314","Deepak Chatterjee","deepak.chatterjee.2003@gmail.com","free","Active",14,15,15,"2026-08-12T09:45:52.880Z","2026-08-12T09:45:52.880Z"
"ind_usr_2233","Komal Reddy","komal_reddy@gmail.com","free","Active",8,15,15,"2026-08-12T09:34:19.137Z","2026-08-12T09:34:19.137Z"
"ind_usr_2972","Tarun Verma","tarunverma13@gmail.com","free","Active",11,15,15,"2026-08-12T09:31:27.108Z","2026-08-12T09:31:27.108Z"
"ind_usr_2283","Alok Malhotra","alok_malhotra@gmail.com","free","Active",15,15,15,"2026-08-12T09:24:53.099Z","2026-08-12T09:24:53.099Z"
"ind_usr_2460","Jyoti Mishra","jyoti_mishra36@gmail.com","free","Active",13,15,15,"2026-08-12T09:23:21.901Z","2026-08-12T09:23:21.901Z"
"ind_usr_0660","Kiran Deshmukh","kiran_deshmukh44@gmail.com","free","Active",11,15,15,"2026-08-12T09:19:55.202Z","2026-08-12T09:19:55.202Z"
"ind_usr_1544","Ishita Chawla","ishita.chawla.1998@gmail.com","free","Active",11,15,15,"2026-08-12T09:13:47.211Z","2026-08-12T09:13:47.211Z"
"ind_usr_0144","Neha Rao","neha.rao.1995@gmail.com","free","Active",8,15,15,"2026-08-12T08:47:50.945Z","2026-08-12T08:47:50.945Z"
"ind_usr_0594","Amit Narang","amit.narang.2003@gmail.com","free","Active",13,15,15,"2026-08-12T08:38:32.670Z","2026-08-12T08:38:32.670Z"
"ind_usr_0639","Komal Nair","iam.komalnair@gmail.com","free","Active",11,15,15,"2026-08-12T08:37:35.870Z","2026-08-12T08:37:35.870Z"
"ind_usr_1061","Pooja Narang","pooja.narang@gmail.com","free","Active",11,15,15,"2026-08-12T08:31:47.061Z","2026-08-12T08:31:47.061Z"
"ind_usr_1076","Vikram Kumar","vikramk13@gmail.com","free","Active",15,15,15,"2026-08-12T08:29:59.536Z","2026-08-12T08:29:59.536Z"
"ind_usr_0942","Nikhil Narang","nikhilnarang58@gmail.com","free","Active",15,15,15,"2026-08-12T08:28:27.171Z","2026-08-12T08:28:27.171Z"
"ind_usr_2812","Alok Jain","alokjain26@gmail.com","free","Active",11,15,15,"2026-08-12T08:22:14.968Z","2026-08-12T08:22:14.968Z"
"ind_usr_2467","Varun Narang","varunnarang1996@gmail.com","free","Active",8,15,15,"2026-08-12T08:17:09.281Z","2026-08-12T08:17:09.281Z"
"ind_usr_2511","Payal Jain","payal.jain@gmail.com","free","Active",7,15,15,"2026-08-12T08:13:44.898Z","2026-08-12T08:13:44.898Z"
"ind_usr_1088","Shreya Patel","shreya.patel.work@gmail.com","free","Active",7,15,15,"2026-08-12T08:13:18.573Z","2026-08-12T08:13:18.573Z"
"ind_usr_1777","Ishita Rathore","ishitarathore2001@gmail.com","free","Active",10,15,15,"2026-08-12T08:10:13.684Z","2026-08-12T08:10:13.684Z"
"ind_usr_2332","Karan Rao","karanrao77@gmail.com","free","Active",3,15,15,"2026-08-12T08:02:08.074Z","2026-08-12T08:02:08.074Z"
"ind_usr_0345","Sonia Nair","snair96@gmail.com","free","Active",13,15,15,"2026-08-12T07:56:26.675Z","2026-08-12T07:56:26.675Z"
"ind_usr_0259","Simran Deshmukh","iam.simrandeshmukh@gmail.com","free","Active",4,15,15,"2026-08-12T07:52:45.804Z","2026-08-12T07:52:45.804Z"
"ind_usr_3393","Bhavna Chauhan","bhavna_chauhan@gmail.com","free","Active",9,15,15,"2026-08-12T07:49:16.744Z","2026-08-12T07:49:16.744Z"
"ind_usr_2055","Gaurav Verma","gverma80@gmail.com","free","Active",15,15,15,"2026-08-12T07:46:03.004Z","2026-08-12T07:46:03.004Z"
"ind_usr_2463","Rajesh Tiwari","rajesh_tiwari@gmail.com","free","Active",13,15,15,"2026-08-12T07:41:08.658Z","2026-08-12T07:41:08.658Z"
"ind_usr_2531","Saurabh Joshi","saurabh.joshi@gmail.com","free","Active",5,15,15,"2026-08-12T07:41:02.395Z","2026-08-12T07:41:02.395Z"
"ind_usr_3348","Aakash Malhotra","aakash.malhotra.work@gmail.com","free","Active",15,15,15,"2026-08-12T07:34:45.216Z","2026-08-12T07:34:45.216Z"
"ind_usr_0692","Amit Saxena","amitsaxena12@gmail.com","free","Active",14,15,15,"2026-08-12T07:30:55.441Z","2026-08-12T07:30:55.441Z"
"ind_usr_2930","Abhishek Bajaj","abhishek_bajaj75@gmail.com","free","Active",14,15,15,"2026-08-12T07:21:05.002Z","2026-08-12T07:21:05.002Z"
"ind_usr_0450","Rashmi Rathore","rashmi_rathore94@gmail.com","free","Active",14,15,15,"2026-08-12T07:19:46.222Z","2026-08-12T07:19:46.222Z"
"ind_usr_1349","Pooja Singh","iam.poojasingh@gmail.com","free","Active",8,15,15,"2026-08-12T07:17:27.591Z","2026-08-12T07:17:27.591Z"
"ind_usr_3103","Amit Chauhan","amit_chauhan@gmail.com","free","Active",10,15,15,"2026-08-12T07:15:10.080Z","2026-08-12T07:15:10.080Z"
"ind_usr_0399","Riya Banerjee","iam.riyabanerjee@gmail.com","free","Active",15,15,15,"2026-08-12T07:14:28.599Z","2026-08-12T07:14:28.599Z"
"ind_usr_1742","Varun Aggarwal","varunaggarwal96@gmail.com","free","Active",8,15,15,"2026-08-12T07:05:52.642Z","2026-08-12T07:05:52.642Z"
"ind_usr_1597","Riya Tiwari","riyatiwari1995@gmail.com","free","Active",14,15,15,"2026-08-12T07:05:18.390Z","2026-08-12T07:05:18.390Z"
"ind_usr_2411","Ananya Bhatia","ananya.bhatia@gmail.com","free","Active",10,15,15,"2026-08-12T07:04:28.799Z","2026-08-12T07:04:28.799Z"
"ind_usr_2819","Kunal Bhatia","iam.kunalbhatia@gmail.com","free","Active",8,15,15,"2026-08-12T06:50:59.593Z","2026-08-12T06:50:59.593Z"
"ind_usr_3392","Sneha Deshmukh","snehadeshmukh89@gmail.com","free","Active",15,15,15,"2026-08-12T06:49:46.059Z","2026-08-12T06:49:46.059Z"
"ind_usr_1089","Saurabh Dubey","iam.saurabhdubey@gmail.com","free","Active",4,15,15,"2026-08-12T06:47:43.645Z","2026-08-12T06:47:43.645Z"
"ind_usr_0713","Rahul Kumar","rahul_kumar@gmail.com","free","Active",13,15,15,"2026-08-12T06:34:01.514Z","2026-08-12T06:34:01.514Z"
"ind_usr_2714","Kritika Narang","kritika.narang.2003@gmail.com","free","Active",7,15,15,"2026-08-12T06:30:47.914Z","2026-08-12T06:30:47.914Z"
"ind_usr_1743","Mayank Pandey","mayank_pandey@gmail.com","free","Active",4,15,15,"2026-08-12T06:29:10.432Z","2026-08-12T06:29:10.432Z"
"ind_usr_3215","Tarun Ahuja","tahuja35@gmail.com","free","Active",8,15,15,"2026-08-12T06:22:18.417Z","2026-08-12T06:22:18.417Z"
"ind_usr_2901","Sunil Chawla","sunil.chawla@gmail.com","free","Active",6,15,15,"2026-08-12T06:20:14.588Z","2026-08-12T06:20:14.588Z"
"ind_usr_2174","Vivek Tripathi","vivek.tripathi.2001@gmail.com","free","Active",6,15,15,"2026-08-12T06:16:05.393Z","2026-08-12T06:16:05.393Z"
"ind_usr_1103","Neha Singh","neha_singh@gmail.com","free","Active",6,15,15,"2026-08-12T06:15:56.266Z","2026-08-12T06:15:56.266Z"
"ind_usr_0908","Amit Saxena","amit.saxena.work@gmail.com","free","Active",9,15,15,"2026-08-12T06:02:00.534Z","2026-08-12T06:02:00.534Z"
"ind_usr_2075","Pooja Choudhury","pchoudhury36@gmail.com","free","Active",7,15,15,"2026-08-12T05:46:33.548Z","2026-08-12T05:46:33.548Z"
"ind_usr_1618","Yash Choudhury","yash.choudhury4115@gmail.com","free","Active",13,15,15,"2026-08-12T05:45:06.710Z","2026-08-12T05:45:06.710Z"
"ind_usr_0706","Sonia Narang","sonian75@gmail.com","free","Active",11,15,15,"2026-08-12T05:43:56.682Z","2026-08-12T05:43:56.682Z"
"ind_usr_3162","Neha Kumar","nehakumar20@gmail.com","free","Active",5,15,15,"2026-08-12T05:41:58.606Z","2026-08-12T05:41:58.606Z"
"ind_usr_2920","Varun Bajaj","varun_bajaj64@gmail.com","free","Active",8,15,15,"2026-08-12T05:39:01.433Z","2026-08-12T05:39:01.433Z"
"ind_usr_1495","Divya Dubey","ddubey88@gmail.com","free","Active",3,15,15,"2026-08-12T05:23:55.204Z","2026-08-12T05:23:55.204Z"
"ind_usr_0253","Pooja Sharma","pooja_sharma@gmail.com","free","Active",12,15,15,"2026-08-12T05:17:13.030Z","2026-08-12T05:17:13.030Z"
"ind_usr_1346","Kritika Bajaj","kritikab43@gmail.com","free","Active",5,15,15,"2026-08-12T05:16:14.616Z","2026-08-12T05:16:14.616Z"
"ind_usr_1427","Swati Bhatia","swatibhatia2000@gmail.com","free","Active",15,15,15,"2026-08-12T05:09:57.542Z","2026-08-12T05:09:57.542Z"
"ind_usr_1024","Ananya Kumar","ananya.kumar.2002@gmail.com","free","Active",14,15,15,"2026-08-12T05:05:31.574Z","2026-08-12T05:05:31.574Z"
"ind_usr_1560","Jyoti Bhatia","jyoti_bhatia73@gmail.com","free","Active",14,15,15,"2026-08-12T05:03:22.955Z","2026-08-12T05:03:22.955Z"
"ind_usr_1551","Ananya Shah","ananya.shah@gmail.com","free","Active",6,15,15,"2026-08-12T05:01:55.052Z","2026-08-12T05:01:55.052Z"
"ind_usr_0197","Kritika Reddy","kritikareddy2000@gmail.com","free","Active",8,15,15,"2026-08-12T05:00:37.230Z","2026-08-12T05:00:37.230Z"
"ind_usr_0504","Vikram Nair","vikram.nair.2001@gmail.com","free","Active",6,15,15,"2026-08-12T04:58:58.417Z","2026-08-12T04:58:58.417Z"
"ind_usr_1095","Anjali Goyal","agoyal40@gmail.com","free","Active",13,15,15,"2026-08-12T04:48:50.967Z","2026-08-12T04:48:50.967Z"
"ind_usr_3202","Jyoti Bhatia","jyotibhatia47@gmail.com","free","Active",6,15,15,"2026-08-12T04:48:37.908Z","2026-08-12T04:48:37.908Z"
"ind_usr_1675","Gaurav Aggarwal","gaggarwal56@gmail.com","free","Active",6,15,15,"2026-08-12T04:48:26.783Z","2026-08-12T04:48:26.783Z"
"ind_usr_1271","Rahul Joshi","rahul.joshi@gmail.com","free","Active",9,15,15,"2026-08-12T04:48:22.108Z","2026-08-12T04:48:22.108Z"
"ind_usr_2796","Prashant Verma","prashantv92@gmail.com","free","Active",6,15,15,"2026-08-12T04:39:29.387Z","2026-08-12T04:39:29.387Z"
"ind_usr_2831","Vikram Chatterjee","vikram.chatterjee@gmail.com","free","Active",15,15,15,"2026-08-12T04:16:42.070Z","2026-08-12T04:16:42.070Z"
"ind_usr_1517","Arjun Chauhan","arjunchauhan1997@gmail.com","free","Active",13,15,15,"2026-08-12T04:13:43.646Z","2026-08-12T04:13:43.646Z"
"ind_usr_1131","Monika Patel","monika.patel@gmail.com","free","Active",4,15,15,"2026-08-12T04:11:45.819Z","2026-08-12T04:11:45.819Z"
"ind_usr_2034","Siddharth Nair","siddharth.nair.1999@gmail.com","free","Active",9,15,15,"2026-08-12T04:10:57.992Z","2026-08-12T04:10:57.992Z"
"ind_usr_2070","Aarav Sharma","aarav_sharma56@gmail.com","free","Active",5,15,15,"2026-08-12T04:08:07.038Z","2026-08-12T04:08:07.038Z"
"ind_usr_1812","Shreya Sinha","shreyasinha47@gmail.com","free","Active",4,15,15,"2026-08-12T04:05:04.711Z","2026-08-12T04:05:04.711Z"
"ind_usr_1734","Arjun Nair","arjun.nair.2002@gmail.com","free","Active",8,15,15,"2026-08-12T03:57:44.039Z","2026-08-12T03:57:44.039Z"
"ind_usr_0035","Pooja Malhotra","pmalhotra75@gmail.com","free","Active",11,15,15,"2026-08-12T03:44:31.501Z","2026-08-12T03:44:31.501Z"
"ind_usr_3298","Shreya Banerjee","shreya.banerjee7547@gmail.com","free","Active",8,15,15,"2026-08-12T03:35:01.075Z","2026-08-12T03:35:01.075Z"
"ind_usr_0338","Arjun Bajaj","arjun.bajaj.work@gmail.com","free","Active",4,15,15,"2026-08-12T03:32:52.867Z","2026-08-12T03:32:52.867Z"
"ind_usr_1434","Ananya Chauhan","ananya.chauhan.1997@gmail.com","free","Active",14,15,15,"2026-08-12T03:25:08.678Z","2026-08-12T03:25:08.678Z"
"ind_usr_1333","Payal Mishra","payal_mishra@gmail.com","free","Active",6,15,15,"2026-08-12T03:17:26.293Z","2026-08-12T03:17:26.293Z"
"ind_usr_2037","Anjali Chawla","anjalichawla1993@gmail.com","free","Active",6,15,15,"2026-08-12T03:10:12.519Z","2026-08-12T03:10:12.519Z"
"ind_usr_2390","Aditya Singh","aditya_singh76@gmail.com","free","Active",6,15,15,"2026-08-12T03:09:22.987Z","2026-08-12T03:09:22.987Z"
"ind_usr_2336","Pooja Shah","poojas53@gmail.com","free","Active",13,15,15,"2026-08-12T03:08:22.027Z","2026-08-12T03:08:22.027Z"
"ind_usr_1248","Nisha Dubey","nisha.dubey.work@gmail.com","free","Active",11,15,15,"2026-08-12T03:08:08.418Z","2026-08-12T03:08:08.418Z"
"ind_usr_0651","Tarun Malhotra","tarun.malhotra@gmail.com","free","Active",15,15,15,"2026-08-12T03:02:04.958Z","2026-08-12T03:02:04.958Z"
"ind_usr_2768","Aarav Malhotra","aarav.malhotra.work@gmail.com","free","Active",14,15,15,"2026-08-12T03:01:33.933Z","2026-08-12T03:01:33.933Z"
"ind_usr_2339","Deepika Mehta","iam.deepikamehta@gmail.com","free","Active",12,15,15,"2026-08-12T03:00:06.309Z","2026-08-12T03:00:06.309Z"
"ind_usr_1876","Mohit Reddy","mohitr69@gmail.com","free","Active",8,15,15,"2026-08-12T02:57:17.933Z","2026-08-12T02:57:17.933Z"
"ind_usr_2535","Pooja Tripathi","ptripathi15@gmail.com","free","Active",15,15,15,"2026-08-12T02:55:04.181Z","2026-08-12T02:55:04.181Z"
"ind_usr_1792","Vikram Thakur","vikramthakur55@gmail.com","free","Active",10,15,15,"2026-08-12T02:50:54.955Z","2026-08-12T02:50:54.955Z"
"ind_usr_2289","Komal Ahuja","iam.komalahuja@gmail.com","free","Active",14,15,15,"2026-08-12T02:45:21.045Z","2026-08-12T02:45:21.045Z"
"ind_usr_2313","Riya Thakur","riya_thakur@gmail.com","free","Active",9,15,15,"2026-08-12T02:43:45.196Z","2026-08-12T02:43:45.196Z"
"ind_usr_1269","Karan Singh","iam.karansingh@gmail.com","free","Active",3,15,15,"2026-08-12T02:31:47.922Z","2026-08-12T02:31:47.922Z"
"ind_usr_1776","Jyoti Banerjee","jyotib76@gmail.com","free","Active",6,15,15,"2026-08-12T02:25:20.010Z","2026-08-12T02:25:20.010Z"
"ind_usr_1944","Kritika Rao","kritika.rao.2000@gmail.com","free","Active",8,15,15,"2026-08-12T02:21:27.702Z","2026-08-12T02:21:27.702Z"
"ind_usr_1677","Archana Chauhan","archanachauhan2000@gmail.com","free","Active",3,15,15,"2026-08-12T02:20:57.443Z","2026-08-12T02:20:57.443Z"
"ind_usr_1454","Riya Kumar","riya.kumar.1997@gmail.com","free","Active",5,15,15,"2026-08-12T02:13:19.277Z","2026-08-12T02:13:19.277Z"
"ind_usr_1959","Ishita Banerjee","iam.ishitabanerjee@gmail.com","free","Active",14,15,15,"2026-08-12T02:08:38.803Z","2026-08-12T02:08:38.803Z"
"ind_usr_1592","Rohan Kumar","rohankumar70@gmail.com","free","Active",14,15,15,"2026-08-12T02:02:20.397Z","2026-08-12T02:02:20.397Z"
"ind_usr_0313","Riya Verma","riya_verma@gmail.com","free","Active",12,15,15,"2026-08-12T02:00:38.097Z","2026-08-12T02:00:38.097Z"
"ind_usr_2121","Simran Narang","simran.narang@gmail.com","free","Active",14,15,15,"2026-08-12T01:59:31.794Z","2026-08-12T01:59:31.794Z"
"ind_usr_0890","Vikram Aggarwal","vikram_aggarwal49@gmail.com","free","Active",10,15,15,"2026-08-12T01:50:33.383Z","2026-08-12T01:50:33.383Z"
"ind_usr_2568","Kavya Saxena","kavya.saxena6625@gmail.com","free","Active",7,15,15,"2026-08-12T01:50:23.209Z","2026-08-12T01:50:23.209Z"
"ind_usr_3273","Kunal Aggarwal","kunal_aggarwal@gmail.com","free","Active",6,15,15,"2026-08-12T01:42:28.585Z","2026-08-12T01:42:28.585Z"
"ind_usr_0046","Swati Joshi","swatij61@gmail.com","free","Active",13,15,15,"2026-08-12T01:41:09.069Z","2026-08-12T01:41:09.069Z"
"ind_usr_2481","Kritika Rao","kritika.rao@gmail.com","free","Active",10,15,15,"2026-08-12T01:30:47.630Z","2026-08-12T01:30:47.630Z"
"ind_usr_1233","Priya Reddy","priya_reddy@gmail.com","free","Active",14,15,15,"2026-08-12T01:28:34.664Z","2026-08-12T01:28:34.664Z"
"ind_usr_1190","Abhishek Tripathi","abhishek_tripathi73@gmail.com","free","Active",14,15,15,"2026-08-12T01:15:10.257Z","2026-08-12T01:15:10.257Z"
"ind_usr_1721","Mayank Mishra","mayank.mishra@gmail.com","free","Active",6,15,15,"2026-08-12T01:15:01.277Z","2026-08-12T01:15:01.277Z"
"ind_usr_2753","Suresh Goyal","suresh_goyal@gmail.com","free","Active",10,15,15,"2026-08-12T01:06:20.028Z","2026-08-12T01:06:20.028Z"
"ind_usr_2448","Rakesh Goyal","rakesh.goyal.work@gmail.com","free","Active",9,15,15,"2026-08-12T00:57:49.740Z","2026-08-12T00:57:49.740Z"
"ind_usr_3134","Mohit Dhar","mohit.dhar.1997@gmail.com","free","Active",13,15,15,"2026-08-12T00:51:19.693Z","2026-08-12T00:51:19.693Z"
"ind_usr_3290","Shreya Chawla","shreya_chawla77@gmail.com","free","Active",5,15,15,"2026-08-12T00:47:32.544Z","2026-08-12T00:47:32.544Z"
"ind_usr_1803","Ananya Ahuja","ananya_ahuja@gmail.com","free","Active",3,15,15,"2026-08-12T00:44:13.779Z","2026-08-12T00:44:13.779Z"
"ind_usr_3135","Jyoti Rathore","jrathore19@gmail.com","free","Active",9,15,15,"2026-08-12T00:41:40.613Z","2026-08-12T00:41:40.613Z"
"ind_usr_3296","Deepak Chatterjee","deepakc96@gmail.com","free","Active",6,15,15,"2026-08-12T00:28:18.153Z","2026-08-12T00:28:18.153Z"
"ind_usr_1924","Aditya Malhotra","aditya.malhotra.2002@gmail.com","free","Active",11,15,15,"2026-08-12T00:23:25.658Z","2026-08-12T00:23:25.658Z"
"ind_usr_1464","Abhishek Shah","abhishek.shah.1999@gmail.com","free","Active",11,15,15,"2026-08-12T00:13:40.185Z","2026-08-12T00:13:40.185Z"
"ind_usr_0103","Riya Jain","riya_jain@gmail.com","free","Active",15,15,15,"2026-08-12T00:06:06.017Z","2026-08-12T00:06:06.017Z"
"ind_usr_1231","Siddharth Nair","siddharth.nair@gmail.com","free","Active",3,15,15,"2026-08-12T00:03:43.481Z","2026-08-12T00:03:43.481Z"
"ind_usr_1763","Mayank Dhar","mayank_dhar@gmail.com","free","Active",9,15,15,"2026-08-12T00:03:14.802Z","2026-08-12T00:03:14.802Z"
"ind_usr_0067","Siddharth Saxena","siddharthsaxena1998@gmail.com","free","Active",5,15,15,"2026-08-11T23:48:00.664Z","2026-08-11T23:48:00.664Z"
"ind_usr_0277","Sunil Saxena","sunilsaxena1999@gmail.com","free","Active",11,15,15,"2026-08-11T23:29:26.792Z","2026-08-11T23:29:26.792Z"
"ind_usr_1396","Abhishek Reddy","abhishekr37@gmail.com","free","Active",8,15,15,"2026-08-11T23:12:40.956Z","2026-08-11T23:12:40.956Z"
"ind_usr_2632","Shreya Jain","shreyajain44@gmail.com","free","Active",9,15,15,"2026-08-11T23:04:00.984Z","2026-08-11T23:04:00.984Z"
"ind_usr_0740","Amit Bhatia","amit_bhatia19@gmail.com","free","Active",12,15,15,"2026-08-11T23:00:00.785Z","2026-08-11T23:00:00.785Z"
"ind_usr_0279","Swati Ahuja","iam.swatiahuja@gmail.com","free","Active",7,15,15,"2026-08-11T22:58:22.364Z","2026-08-11T22:58:22.364Z"
"ind_usr_3124","Tarun Sinha","tarun.sinha.1993@gmail.com","free","Active",12,15,15,"2026-08-11T22:53:30.129Z","2026-08-11T22:53:30.129Z"
"ind_usr_2106","Swati Chatterjee","swatic23@gmail.com","free","Active",4,15,15,"2026-08-11T22:52:37.842Z","2026-08-11T22:52:37.842Z"
"ind_usr_2458","Alok Jain","alok.jain7517@gmail.com","free","Active",14,15,15,"2026-08-11T22:48:21.432Z","2026-08-11T22:48:21.432Z"
"ind_usr_0824","Suresh Mishra","suresh.mishra.1998@gmail.com","free","Active",5,15,15,"2026-08-11T22:44:15.966Z","2026-08-11T22:44:15.966Z"
"ind_usr_3329","Rajesh Goyal","iam.rajeshgoyal@gmail.com","free","Active",6,15,15,"2026-08-11T22:41:38.721Z","2026-08-11T22:41:38.721Z"
"ind_usr_2306","Riya Joshi","riyaj28@gmail.com","free","Active",5,15,15,"2026-08-11T22:39:44.394Z","2026-08-11T22:39:44.394Z"
"ind_usr_0311","Nikhil Thakur","nikhil.thakur@gmail.com","free","Active",6,15,15,"2026-08-11T22:37:08.671Z","2026-08-11T22:37:08.671Z"
"ind_usr_1072","Alok Banerjee","alokbanerjee12@gmail.com","free","Active",8,15,15,"2026-08-11T22:33:57.246Z","2026-08-11T22:33:57.246Z"
"ind_usr_2038","Rohan Verma","rohan.verma.work@gmail.com","free","Active",5,15,15,"2026-08-11T22:26:30.955Z","2026-08-11T22:26:30.955Z"
"ind_usr_0624","Priya Pandey","priya.pandey.1996@gmail.com","free","Active",12,15,15,"2026-08-11T22:25:57.584Z","2026-08-11T22:25:57.584Z"
"ind_usr_2647","Monika Kapoor","monikakapoor1995@gmail.com","free","Active",14,15,15,"2026-08-11T22:17:35.849Z","2026-08-11T22:17:35.849Z"
"ind_usr_1093","Arjun Patel","arjun_patel@gmail.com","free","Active",3,15,15,"2026-08-11T22:11:57.965Z","2026-08-11T22:11:57.965Z"
"ind_usr_2846","Siddharth Singh","siddharths41@gmail.com","free","Active",15,15,15,"2026-08-11T22:09:08.667Z","2026-08-11T22:09:08.667Z"
"ind_usr_0929","Monika Banerjee","iam.monikabanerjee@gmail.com","free","Active",7,15,15,"2026-08-11T22:06:46.967Z","2026-08-11T22:06:46.967Z"
"ind_usr_2105","Divya Banerjee","dbanerjee96@gmail.com","free","Active",8,15,15,"2026-08-11T22:06:21.990Z","2026-08-11T22:06:21.990Z"
"ind_usr_2170","Gaurav Dhar","gaurav_dhar67@gmail.com","free","Active",3,15,15,"2026-08-11T21:56:56.779Z","2026-08-11T21:56:56.779Z"
"ind_usr_2866","Aakash Thakur","aakasht43@gmail.com","free","Active",10,15,15,"2026-08-11T21:54:14.393Z","2026-08-11T21:54:14.393Z"
"ind_usr_1368","Aditya Nair","aditya.nair.work@gmail.com","free","Active",4,15,15,"2026-08-11T21:50:13.449Z","2026-08-11T21:50:13.449Z"
"ind_usr_2300","Rahul Chawla","rahul_chawla97@gmail.com","free","Active",8,15,15,"2026-08-11T21:47:14.621Z","2026-08-11T21:47:14.621Z"
"ind_usr_0173","Varun Dhar","varun_dhar@gmail.com","free","Active",13,15,15,"2026-08-11T21:37:33.921Z","2026-08-11T21:37:33.921Z"
"ind_usr_1899","Shreya Goyal","iam.shreyagoyal@gmail.com","free","Active",13,15,15,"2026-08-11T21:35:45.879Z","2026-08-11T21:35:45.879Z"
"ind_usr_2020","Rohan Chatterjee","rohan_chatterjee51@gmail.com","free","Active",6,15,15,"2026-08-11T21:33:42.472Z","2026-08-11T21:33:42.472Z"
"ind_usr_0433","Sneha Aggarwal","sneha_aggarwal@gmail.com","free","Active",7,15,15,"2026-08-11T21:31:38.844Z","2026-08-11T21:31:38.844Z"
"ind_usr_2775","Komal Choudhury","kchoudhury99@gmail.com","free","Active",14,15,15,"2026-08-11T21:23:34.156Z","2026-08-11T21:23:34.156Z"
"ind_usr_0585","Komal Patel","kpatel46@gmail.com","free","Active",10,15,15,"2026-08-11T21:20:43.690Z","2026-08-11T21:20:43.690Z"
"ind_usr_1573","Neha Patel","neha_patel@gmail.com","free","Active",10,15,15,"2026-08-11T21:16:43.315Z","2026-08-11T21:16:43.315Z"
"ind_usr_0972","Sunil Ahuja","sunilahuja17@gmail.com","free","Active",3,15,15,"2026-08-11T21:08:01.205Z","2026-08-11T21:08:01.205Z"
"ind_usr_2640","Sneha Nair","sneha_nair50@gmail.com","free","Active",14,15,15,"2026-08-11T21:06:22.186Z","2026-08-11T21:06:22.186Z"
"ind_usr_2545","Saurabh Kapoor","skapoor58@gmail.com","free","Active",13,15,15,"2026-08-11T21:03:28.185Z","2026-08-11T21:03:28.185Z"
"ind_usr_0998","Aditya Banerjee","aditya.banerjee.work@gmail.com","free","Active",4,15,15,"2026-08-11T20:59:57.402Z","2026-08-11T20:59:57.402Z"
"ind_usr_2202","Ishita Rathore","ishitarathore23@gmail.com","free","Active",12,15,15,"2026-08-11T20:49:06.834Z","2026-08-11T20:49:06.834Z"
"ind_usr_3121","Kavya Chawla","kavya.chawla@gmail.com","free","Active",6,15,15,"2026-08-11T20:47:26.797Z","2026-08-11T20:47:26.797Z"
"ind_usr_1831","Kiran Chawla","kiran.chawla@gmail.com","free","Active",14,15,15,"2026-08-11T20:45:22.726Z","2026-08-11T20:45:22.726Z"
"ind_usr_1090","Bhavna Sinha","bhavna_sinha18@gmail.com","free","Active",13,15,15,"2026-08-11T20:40:10.643Z","2026-08-11T20:40:10.643Z"
"ind_usr_1094","Gaurav Thakur","gaurav.thakur.1997@gmail.com","free","Active",10,15,15,"2026-08-11T20:39:42.285Z","2026-08-11T20:39:42.285Z"
"ind_usr_2325","Riya Choudhury","rchoudhury97@gmail.com","free","Active",5,15,15,"2026-08-11T20:29:53.076Z","2026-08-11T20:29:53.076Z"
"ind_usr_3096","Arjun Dubey","arjund22@gmail.com","free","Active",8,15,15,"2026-08-11T20:23:47.810Z","2026-08-11T20:23:47.810Z"
"ind_usr_2778","Aakash Kapoor","aakash.kapoor.work@gmail.com","free","Active",6,15,15,"2026-08-11T20:19:12.027Z","2026-08-11T20:19:12.027Z"
"ind_usr_3206","Kavya Tiwari","kavyat51@gmail.com","free","Active",14,15,15,"2026-08-11T20:18:16.574Z","2026-08-11T20:18:16.574Z"
"ind_usr_2967","Arjun Aggarwal","arjunaggarwal1998@gmail.com","free","Active",3,15,15,"2026-08-11T20:11:20.813Z","2026-08-11T20:11:20.813Z"
"ind_usr_3131","Tarun Gupta","tarun.gupta@gmail.com","free","Active",6,15,15,"2026-08-11T20:11:17.822Z","2026-08-11T20:11:17.822Z"
"ind_usr_1279","Tanya Dutta","tanya.dutta9919@gmail.com","free","Active",14,15,15,"2026-08-11T20:03:06.904Z","2026-08-11T20:03:06.904Z"
"ind_usr_3141","Manish Patel","manish.patel@gmail.com","free","Active",13,15,15,"2026-08-11T19:58:16.792Z","2026-08-11T19:58:16.792Z"
"ind_usr_2534","Gaurav Choudhury","gaurav.choudhury.1999@gmail.com","free","Active",8,15,15,"2026-08-11T19:51:23.140Z","2026-08-11T19:51:23.140Z"
"ind_usr_1339","Pooja Joshi","iam.poojajoshi@gmail.com","free","Active",6,15,15,"2026-08-11T19:48:11.640Z","2026-08-11T19:48:11.640Z"
"ind_usr_1119","Neha Pandey","iam.nehapandey@gmail.com","free","Active",8,15,15,"2026-08-11T19:42:45.365Z","2026-08-11T19:42:45.365Z"
"ind_usr_2122","Nisha Ahuja","nishaahuja56@gmail.com","free","Active",7,15,15,"2026-08-11T19:40:30.402Z","2026-08-11T19:40:30.402Z"
"ind_usr_1746","Rahul Bhatia","rahulb22@gmail.com","free","Active",15,15,15,"2026-08-11T19:39:19.121Z","2026-08-11T19:39:19.121Z"
"ind_usr_2605","Kavya Reddy","kreddy80@gmail.com","free","Active",15,15,15,"2026-08-11T19:36:41.751Z","2026-08-11T19:36:41.751Z"
"ind_usr_0797","Saurabh Sharma","saurabhsharma1999@gmail.com","free","Active",3,15,15,"2026-08-11T19:30:34.663Z","2026-08-11T19:30:34.663Z"
"ind_usr_0123","Aarav Saxena","aarav_saxena@gmail.com","free","Active",6,15,15,"2026-08-11T19:28:40.576Z","2026-08-11T19:28:40.576Z"
"ind_usr_1347","Kunal Singh","kunalsingh1993@gmail.com","free","Active",12,15,15,"2026-08-11T19:25:01.866Z","2026-08-11T19:25:01.866Z"
"ind_usr_2600","Alok Dutta","alok_dutta90@gmail.com","free","Active",6,15,15,"2026-08-11T19:24:56.629Z","2026-08-11T19:24:56.629Z"
"ind_usr_2358","Riya Tiwari","riya.tiwari.work@gmail.com","free","Active",11,15,15,"2026-08-11T19:22:07.541Z","2026-08-11T19:22:07.541Z"
"ind_usr_2201","Vikram Sharma","vikram.sharma@gmail.com","free","Active",9,15,15,"2026-08-11T18:39:27.990Z","2026-08-11T18:39:27.990Z"
"ind_usr_2021","Varun Ahuja","varun.ahuja@gmail.com","free","Active",12,15,15,"2026-08-11T18:39:09.545Z","2026-08-11T18:39:09.545Z"
"ind_usr_0508","Rohan Gupta","rohan.gupta.work@gmail.com","free","Active",5,15,15,"2026-08-11T18:35:43.188Z","2026-08-11T18:35:43.188Z"
"ind_usr_3334","Deepak Tripathi","deepak.tripathi.1998@gmail.com","free","Active",6,15,15,"2026-08-11T18:30:18.503Z","2026-08-11T18:30:18.503Z"
"ind_usr_0844","Monika Rathore","monika.rathore.2000@gmail.com","free","Active",6,15,15,"2026-08-11T18:19:57.426Z","2026-08-11T18:19:57.426Z"
"ind_usr_1993","Rohan Choudhury","rohan_choudhury@gmail.com","free","Active",5,15,15,"2026-08-11T18:14:27.226Z","2026-08-11T18:14:27.226Z"
"ind_usr_0814","Priya Banerjee","priya.banerjee.2000@gmail.com","free","Active",15,15,15,"2026-08-11T18:03:53.096Z","2026-08-11T18:03:53.096Z"
"ind_usr_0368","Kritika Malhotra","kritika.malhotra.work@gmail.com","free","Active",3,15,15,"2026-08-11T18:01:05.441Z","2026-08-11T18:01:05.441Z"
"ind_usr_0901","Kunal Narang","kunal.narang@gmail.com","free","Active",9,15,15,"2026-08-11T17:58:12.052Z","2026-08-11T17:58:12.052Z"
"ind_usr_1832","Kritika Chawla","kritikachawla17@gmail.com","free","Active",12,15,15,"2026-08-11T17:45:50.314Z","2026-08-11T17:45:50.314Z"
"ind_usr_3090","Saurabh Patel","saurabh_patel49@gmail.com","free","Active",6,15,15,"2026-08-11T17:43:54.798Z","2026-08-11T17:43:54.798Z"
"ind_usr_2743","Archana Gupta","archana_gupta@gmail.com","free","Active",15,15,15,"2026-08-11T17:38:21.389Z","2026-08-11T17:38:21.389Z"
"ind_usr_1712","Mayank Bajaj","mayankbajaj83@gmail.com","free","Active",6,15,15,"2026-08-11T17:35:26.929Z","2026-08-11T17:35:26.929Z"
"ind_usr_2892","Divya Shah","divyashah98@gmail.com","free","Active",14,15,15,"2026-08-11T17:29:05.758Z","2026-08-11T17:29:05.758Z"
"ind_usr_0372","Tanya Gupta","tanyagupta19@gmail.com","free","Active",11,15,15,"2026-08-11T17:28:01.623Z","2026-08-11T17:28:01.623Z"
"ind_usr_1806","Deepak Bhasin","deepakb42@gmail.com","free","Active",6,15,15,"2026-08-11T17:22:11.102Z","2026-08-11T17:22:11.102Z"
"ind_usr_1711","Kiran Bhasin","kiran.bhasin@gmail.com","free","Active",9,15,15,"2026-08-11T17:11:23.027Z","2026-08-11T17:11:23.027Z"
"ind_usr_1987","Deepak Banerjee","deepakbanerjee2001@gmail.com","free","Active",15,15,15,"2026-08-11T17:05:44.792Z","2026-08-11T17:05:44.792Z"
"ind_usr_2907","Mohit Bajaj","mohitbajaj1995@gmail.com","free","Active",6,15,15,"2026-08-11T17:02:46.707Z","2026-08-11T17:02:46.707Z"
"ind_usr_2797","Riya Rathore","riyarathore2003@gmail.com","free","Active",12,15,15,"2026-08-11T17:01:59.550Z","2026-08-11T17:01:59.550Z"
"ind_usr_1701","Rajesh Joshi","rajesh.joshi@gmail.com","free","Active",4,15,15,"2026-08-11T16:40:16.108Z","2026-08-11T16:40:16.108Z"
"ind_usr_3291","Kritika Bhatia","kritika.bhatia@gmail.com","free","Active",15,15,15,"2026-08-11T16:26:59.844Z","2026-08-11T16:26:59.844Z"
"ind_usr_3026","Neha Tripathi","nehat72@gmail.com","free","Active",4,15,15,"2026-08-11T16:14:45.971Z","2026-08-11T16:14:45.971Z"
"ind_usr_1635","Payal Mishra","pmishra50@gmail.com","free","Active",5,15,15,"2026-08-11T16:12:57.197Z","2026-08-11T16:12:57.197Z"
"ind_usr_0858","Rahul Sharma","rahul.sharma.work@gmail.com","free","Active",12,15,15,"2026-08-11T16:12:28.403Z","2026-08-11T16:12:28.403Z"
"ind_usr_1361","Nitin Dhar","nitin.dhar@gmail.com","free","Active",6,15,15,"2026-08-11T16:07:53.659Z","2026-08-11T16:07:53.659Z"
"ind_usr_0147","Pooja Patel","poojapatel2001@gmail.com","free","Active",6,15,15,"2026-08-11T16:04:02.471Z","2026-08-11T16:04:02.471Z"
"ind_usr_2553","Aarav Banerjee","aarav_banerjee@gmail.com","free","Active",12,15,15,"2026-08-11T15:59:47.300Z","2026-08-11T15:59:47.300Z"
"ind_usr_2675","Arjun Thakur","athakur34@gmail.com","free","Active",10,15,15,"2026-08-11T15:47:45.812Z","2026-08-11T15:47:45.812Z"
"ind_usr_2761","Mohit Mehta","mohit.mehta7661@gmail.com","free","Active",6,15,15,"2026-08-11T15:47:08.726Z","2026-08-11T15:47:08.726Z"
"ind_usr_0416","Kiran Chawla","kiranc27@gmail.com","free","Active",8,15,15,"2026-08-11T15:45:52.199Z","2026-08-11T15:45:52.199Z"
"ind_usr_0845","Arjun Malhotra","amalhotra98@gmail.com","free","Active",6,15,15,"2026-08-11T15:43:34.326Z","2026-08-11T15:43:34.326Z"
"ind_usr_0595","Tanya Bhatia","tbhatia60@gmail.com","free","Active",3,15,15,"2026-08-11T15:28:22.372Z","2026-08-11T15:28:22.372Z"
"ind_usr_0625","Nikhil Pandey","npandey54@gmail.com","free","Active",15,15,15,"2026-08-11T15:19:40.560Z","2026-08-11T15:19:40.560Z"
"ind_usr_1822","Manish Jain","manishjain94@gmail.com","free","Active",12,15,15,"2026-08-11T15:15:10.452Z","2026-08-11T15:15:10.452Z"
"ind_usr_2995","Sonam Bajaj","sbajaj15@gmail.com","free","Active",9,15,15,"2026-08-11T15:14:14.668Z","2026-08-11T15:14:14.668Z"
"ind_usr_3367","Sneha Bajaj","snehabajaj2001@gmail.com","free","Active",11,15,15,"2026-08-11T15:08:48.795Z","2026-08-11T15:08:48.795Z"
"ind_usr_3292","Rakesh Mehta","rakeshmehta19@gmail.com","free","Active",9,15,15,"2026-08-11T14:56:36.406Z","2026-08-11T14:56:36.406Z"
"ind_usr_2660","Priya Goyal","priya_goyal51@gmail.com","free","Active",15,15,15,"2026-08-11T14:55:27.024Z","2026-08-11T14:55:27.024Z"
"ind_usr_0410","Vandana Choudhury","vandana_choudhury44@gmail.com","free","Active",9,15,15,"2026-08-11T14:51:19.010Z","2026-08-11T14:51:19.010Z"
"ind_usr_3306","Sonia Tiwari","soniat75@gmail.com","free","Active",12,15,15,"2026-08-11T14:36:58.716Z","2026-08-11T14:36:58.716Z"
"ind_usr_0610","Rohan Kapoor","rohan_kapoor62@gmail.com","free","Active",8,15,15,"2026-08-11T14:26:31.444Z","2026-08-11T14:26:31.444Z"
"ind_usr_2766","Nisha Narang","nishan46@gmail.com","free","Active",12,15,15,"2026-08-11T14:20:02.565Z","2026-08-11T14:20:02.565Z"
"ind_usr_2282","Rashmi Bhasin","rashmibhasin19@gmail.com","free","Active",11,15,15,"2026-08-11T14:17:44.507Z","2026-08-11T14:17:44.507Z"
"ind_usr_0193","Gaurav Tiwari","gaurav_tiwari@gmail.com","free","Active",5,15,15,"2026-08-11T14:15:24.758Z","2026-08-11T14:15:24.758Z"
"ind_usr_2524","Prashant Pandey","prashant.pandey.1993@gmail.com","free","Active",8,15,15,"2026-08-11T14:09:11.243Z","2026-08-11T14:09:11.243Z"
"ind_usr_3200","Pooja Kapoor","pooja_kapoor56@gmail.com","free","Active",10,15,15,"2026-08-11T14:07:28.309Z","2026-08-11T14:07:28.309Z"
"ind_usr_2889","Bhavna Bhatia","iam.bhavnabhatia@gmail.com","free","Active",7,15,15,"2026-08-11T14:01:32.997Z","2026-08-11T14:01:32.997Z"
"ind_usr_2932","Yash Chauhan","yashchauhan52@gmail.com","free","Active",8,15,15,"2026-08-11T14:00:32.293Z","2026-08-11T14:00:32.293Z"
"ind_usr_0877","Pooja Jain","poojajain1998@gmail.com","free","Active",5,15,15,"2026-08-11T13:55:37.445Z","2026-08-11T13:55:37.445Z"
"ind_usr_2434","Aakash Choudhury","aakash.choudhury.1998@gmail.com","free","Active",7,15,15,"2026-08-11T13:51:54.091Z","2026-08-11T13:51:54.091Z"
"ind_usr_3185","Rohit Singh","rsingh83@gmail.com","free","Active",10,15,15,"2026-08-11T13:47:44.784Z","2026-08-11T13:47:44.784Z"
"ind_usr_1154","Tarun Mishra","tarun.mishra.2000@gmail.com","free","Active",6,15,15,"2026-08-11T13:47:12.434Z","2026-08-11T13:47:12.434Z"
"ind_usr_0928","Ananya Tripathi","ananya.tripathi.work@gmail.com","free","Active",8,15,15,"2026-08-11T13:36:16.696Z","2026-08-11T13:36:16.696Z"
"ind_usr_1123","Amit Ahuja","amit_ahuja@gmail.com","free","Active",13,15,15,"2026-08-11T13:21:47.072Z","2026-08-11T13:21:47.072Z"
"ind_usr_2338","Rohan Ahuja","rohan.ahuja.work@gmail.com","free","Active",8,15,15,"2026-08-11T13:18:37.680Z","2026-08-11T13:18:37.680Z"
"ind_usr_3382","Simran Dhar","simrandhar39@gmail.com","free","Active",9,15,15,"2026-08-11T13:16:00.905Z","2026-08-11T13:16:00.905Z"
"ind_usr_3028","Manish Jain","manish.jain4426@gmail.com","free","Active",4,15,15,"2026-08-11T13:08:59.263Z","2026-08-11T13:08:59.263Z"
"ind_usr_1881","Siddharth Mishra","siddharth.mishra@gmail.com","free","Active",12,15,15,"2026-08-11T12:58:57.621Z","2026-08-11T12:58:57.621Z"
"ind_usr_1872","Bhavna Tripathi","bhavnatripathi60@gmail.com","free","Active",11,15,15,"2026-08-11T12:44:21.599Z","2026-08-11T12:44:21.599Z"
"ind_usr_1128","Deepak Chatterjee","deepak.chatterjee.work@gmail.com","free","Active",7,15,15,"2026-08-11T12:43:29.058Z","2026-08-11T12:43:29.058Z"
"ind_usr_0489","Priya Ahuja","iam.priyaahuja@gmail.com","free","Active",4,15,15,"2026-08-11T12:29:06.268Z","2026-08-11T12:29:06.268Z"
"ind_usr_2737","Megha Aggarwal","meghaaggarwal1998@gmail.com","free","Active",15,15,15,"2026-08-11T12:26:21.969Z","2026-08-11T12:26:21.969Z"
"ind_usr_1720","Vivek Rao","vivek_rao25@gmail.com","free","Active",13,15,15,"2026-08-11T12:26:08.779Z","2026-08-11T12:26:08.779Z"
"ind_usr_2469","Rohit Yadav","iam.rohityadav@gmail.com","free","Active",3,15,15,"2026-08-11T12:18:24.237Z","2026-08-11T12:18:24.237Z"
"ind_usr_2293","Prashant Rao","prashant_rao@gmail.com","free","Active",15,15,15,"2026-08-11T12:09:36.375Z","2026-08-11T12:09:36.375Z"
"ind_usr_1400","Rashmi Chauhan","rashmi_chauhan51@gmail.com","free","Active",12,15,15,"2026-08-11T12:08:35.040Z","2026-08-11T12:08:35.040Z"
"ind_usr_1145","Sonam Dutta","sdutta96@gmail.com","free","Active",11,15,15,"2026-08-11T12:01:31.724Z","2026-08-11T12:01:31.724Z"
"ind_usr_2033","Megha Pandey","megha_pandey@gmail.com","free","Active",6,15,15,"2026-08-11T12:00:20.874Z","2026-08-11T12:00:20.874Z"
"ind_usr_3231","Megha Gupta","megha.gupta4562@gmail.com","free","Active",6,15,15,"2026-08-11T11:54:04.360Z","2026-08-11T11:54:04.360Z"
"ind_usr_2830","Neha Yadav","neha_yadav87@gmail.com","free","Active",10,15,15,"2026-08-11T11:52:06.142Z","2026-08-11T11:52:06.142Z"
"ind_usr_1519","Ishita Dutta","iam.ishitadutta@gmail.com","free","Active",7,15,15,"2026-08-11T11:43:39.326Z","2026-08-11T11:43:39.326Z"
"ind_usr_2781","Riya Singh","riya.singh@gmail.com","free","Active",10,15,15,"2026-08-11T11:42:10.030Z","2026-08-11T11:42:10.030Z"
"ind_usr_1168","Prashant Kapoor","prashant.kapoor.work@gmail.com","free","Active",8,15,15,"2026-08-11T11:24:58.578Z","2026-08-11T11:24:58.578Z"
"ind_usr_0613","Alok Chawla","alok_chawla@gmail.com","free","Active",3,15,15,"2026-08-11T11:20:03.009Z","2026-08-11T11:20:03.009Z"
"ind_usr_3000","Pooja Chatterjee","pooja_chatterjee34@gmail.com","free","Active",9,15,15,"2026-08-11T11:18:24.439Z","2026-08-11T11:18:24.439Z"
"ind_usr_0343","Saurabh Bhatia","saurabh_bhatia@gmail.com","free","Active",15,15,15,"2026-08-11T11:18:21.498Z","2026-08-11T11:18:21.498Z"
"ind_usr_0028","Jyoti Gupta","jyoti.gupta.work@gmail.com","free","Active",4,15,15,"2026-08-11T11:15:46.225Z","2026-08-11T11:15:46.225Z"
"ind_usr_0892","Simran Chauhan","simranchauhan85@gmail.com","free","Active",6,15,15,"2026-08-11T10:45:54.316Z","2026-08-11T10:45:54.316Z"
"ind_usr_0619","Sonia Dhar","iam.soniadhar@gmail.com","free","Active",4,15,15,"2026-08-11T10:39:40.428Z","2026-08-11T10:39:40.428Z"
"ind_usr_0184","Riya Tiwari","riya.tiwari.1997@gmail.com","free","Active",5,15,15,"2026-08-11T10:35:38.322Z","2026-08-11T10:35:38.322Z"
"ind_usr_0819","Siddharth Singh","iam.siddharthsingh@gmail.com","free","Active",7,15,15,"2026-08-11T10:35:36.446Z","2026-08-11T10:35:36.446Z"
"ind_usr_0647","Sneha Patel","snehapatel1996@gmail.com","free","Active",15,15,15,"2026-08-11T10:33:17.053Z","2026-08-11T10:33:17.053Z"
"ind_usr_0503","Monika Sinha","monika_sinha@gmail.com","free","Active",11,15,15,"2026-08-11T10:28:58.104Z","2026-08-11T10:28:58.104Z"
"ind_usr_1097","Gaurav Verma","gauravverma2001@gmail.com","free","Active",9,15,15,"2026-08-11T10:28:21.894Z","2026-08-11T10:28:21.894Z"
"ind_usr_2990","Saurabh Reddy","saurabh_reddy89@gmail.com","free","Active",14,15,15,"2026-08-11T10:27:35.343Z","2026-08-11T10:27:35.343Z"
"ind_usr_0304","Ishita Banerjee","ishita.banerjee.2002@gmail.com","free","Active",8,15,15,"2026-08-11T10:19:58.256Z","2026-08-11T10:19:58.256Z"
"ind_usr_2117","Deepika Dhar","deepikadhar2001@gmail.com","free","Active",3,15,15,"2026-08-11T10:14:25.858Z","2026-08-11T10:14:25.858Z"
"ind_usr_2810","Manish Kumar","manish_kumar35@gmail.com","free","Active",9,15,15,"2026-08-11T10:14:05.746Z","2026-08-11T10:14:05.746Z"
"ind_usr_2964","Arjun Rathore","arjun.rathore.1996@gmail.com","free","Active",13,15,15,"2026-08-11T10:13:51.004Z","2026-08-11T10:13:51.004Z"
"ind_usr_1158","Swati Aggarwal","swati.aggarwal.work@gmail.com","free","Active",3,15,15,"2026-08-11T10:12:50.617Z","2026-08-11T10:12:50.617Z"
"ind_usr_1948","Riya Tripathi","riya.tripathi.work@gmail.com","free","Active",15,15,15,"2026-08-11T10:06:57.476Z","2026-08-11T10:06:57.476Z"
"ind_usr_1893","Kavya Reddy","kavya_reddy@gmail.com","free","Active",9,15,15,"2026-08-11T10:02:17.385Z","2026-08-11T10:02:17.385Z"
"ind_usr_1710","Nitin Verma","nitin_verma76@gmail.com","free","Active",11,15,15,"2026-08-11T09:50:39.410Z","2026-08-11T09:50:39.410Z"
"ind_usr_2359","Yash Bhasin","iam.yashbhasin@gmail.com","free","Active",15,15,15,"2026-08-11T09:39:25.869Z","2026-08-11T09:39:25.869Z"
"ind_usr_3088","Shreya Nair","shreya.nair.work@gmail.com","free","Active",4,15,15,"2026-08-11T09:37:00.199Z","2026-08-11T09:37:00.199Z"
"ind_usr_2764","Nisha Narang","nisha.narang.1993@gmail.com","free","Active",14,15,15,"2026-08-11T09:27:28.548Z","2026-08-11T09:27:28.548Z"
"ind_usr_2776","Manish Bhasin","manishb34@gmail.com","free","Active",3,15,15,"2026-08-11T09:27:24.939Z","2026-08-11T09:27:24.939Z"
"ind_usr_0681","Vivek Dubey","vivek.dubey@gmail.com","free","Active",3,15,15,"2026-08-11T09:20:47.413Z","2026-08-11T09:20:47.413Z"
"ind_usr_3160","Rohan Goyal","rohan_goyal50@gmail.com","free","Active",10,15,15,"2026-08-11T09:19:34.883Z","2026-08-11T09:19:34.883Z"
"ind_usr_0265","Nitin Chawla","nchawla90@gmail.com","free","Active",13,15,15,"2026-08-11T09:04:23.417Z","2026-08-11T09:04:23.417Z"
"ind_usr_1858","Deepak Verma","deepak.verma.work@gmail.com","free","Active",10,15,15,"2026-08-11T08:55:02.094Z","2026-08-11T08:55:02.094Z"
"ind_usr_2807","Bhavna Kumar","bhavnakumar2001@gmail.com","free","Active",13,15,15,"2026-08-11T08:47:24.464Z","2026-08-11T08:47:24.464Z"
"ind_usr_2024","Ananya Patel","ananya.patel.1999@gmail.com","free","Active",13,15,15,"2026-08-11T08:45:39.220Z","2026-08-11T08:45:39.220Z"
"ind_usr_1912","Nitin Shah","nitinshah51@gmail.com","free","Active",9,15,15,"2026-08-11T08:41:42.182Z","2026-08-11T08:41:42.182Z"
"ind_usr_1354","Vivek Malhotra","vivek.malhotra.1997@gmail.com","free","Active",8,15,15,"2026-08-11T08:32:49.362Z","2026-08-11T08:32:49.362Z"
"ind_usr_0370","Prashant Goyal","prashant_goyal15@gmail.com","free","Active",5,15,15,"2026-08-11T08:28:07.174Z","2026-08-11T08:28:07.174Z"
"ind_usr_0521","Tarun Chauhan","tarun.chauhan@gmail.com","free","Active",14,15,15,"2026-08-11T08:25:10.271Z","2026-08-11T08:25:10.271Z"
"ind_usr_0709","Sonam Rao","iam.sonamrao@gmail.com","free","Active",12,15,15,"2026-08-11T08:19:48.924Z","2026-08-11T08:19:48.924Z"
"ind_usr_0675","Megha Deshmukh","mdeshmukh41@gmail.com","free","Active",15,15,15,"2026-08-11T08:13:11.996Z","2026-08-11T08:13:11.996Z"
"ind_usr_1195","Divya Narang","dnarang43@gmail.com","free","Active",6,15,15,"2026-08-11T08:12:37.021Z","2026-08-11T08:12:37.021Z"
"ind_usr_0527","Kritika Banerjee","kritikabanerjee1997@gmail.com","free","Active",13,15,15,"2026-08-11T08:11:46.826Z","2026-08-11T08:11:46.826Z"
"ind_usr_2452","Deepika Bajaj","deepikabajaj88@gmail.com","free","Active",14,15,15,"2026-08-11T08:10:53.039Z","2026-08-11T08:10:53.039Z"
"ind_usr_1687","Kunal Aggarwal","kunalaggarwal1993@gmail.com","free","Active",9,15,15,"2026-08-11T07:49:13.271Z","2026-08-11T07:49:13.271Z"
"ind_usr_0297","Suresh Bajaj","sureshbajaj1993@gmail.com","free","Active",11,15,15,"2026-08-11T07:44:06.749Z","2026-08-11T07:44:06.749Z"
"ind_usr_2520","Mohit Chauhan","mohit_chauhan51@gmail.com","free","Active",13,15,15,"2026-08-11T07:40:57.754Z","2026-08-11T07:40:57.754Z"
"ind_usr_0839","Simran Bhatia","iam.simranbhatia@gmail.com","free","Active",10,15,15,"2026-08-11T07:38:06.703Z","2026-08-11T07:38:06.703Z"
"ind_usr_3283","Monika Bhatia","monika_bhatia@gmail.com","free","Active",3,15,15,"2026-08-11T07:32:52.512Z","2026-08-11T07:32:52.512Z"
"ind_usr_1211","Monika Chauhan","monika.chauhan@gmail.com","free","Active",13,15,15,"2026-08-11T07:27:40.740Z","2026-08-11T07:27:40.740Z"
"ind_usr_3305","Tarun Ahuja","tahuja68@gmail.com","free","Active",15,15,15,"2026-08-11T07:22:09.604Z","2026-08-11T07:22:09.604Z"
"ind_usr_2477","Anjali Tripathi","anjalitripathi1997@gmail.com","free","Active",6,15,15,"2026-08-11T07:21:39.053Z","2026-08-11T07:21:39.053Z"
"ind_usr_0742","Karan Bajaj","karanbajaj73@gmail.com","free","Active",15,15,15,"2026-08-11T07:20:56.012Z","2026-08-11T07:20:56.012Z"
"ind_usr_2893","Arjun Bhatia","arjun_bhatia@gmail.com","free","Active",7,15,15,"2026-08-11T07:10:40.193Z","2026-08-11T07:10:40.193Z"
"ind_usr_2079","Alok Nair","alok.nair7574@gmail.com","free","Active",4,15,15,"2026-08-11T07:08:22.062Z","2026-08-11T07:08:22.062Z"
"ind_usr_2493","Gaurav Ahuja","gaurav_ahuja@gmail.com","free","Active",13,15,15,"2026-08-11T07:08:06.548Z","2026-08-11T07:08:06.548Z"
"ind_usr_0606","Pooja Tripathi","poojat82@gmail.com","free","Active",9,15,15,"2026-08-11T07:07:05.828Z","2026-08-11T07:07:05.828Z"
"ind_usr_0456","Rohit Ahuja","rohita92@gmail.com","free","Active",8,15,15,"2026-08-11T06:37:37.176Z","2026-08-11T06:37:37.176Z"
"ind_usr_3210","Mohit Patel","mohit_patel34@gmail.com","free","Active",12,15,15,"2026-08-11T06:32:27.740Z","2026-08-11T06:32:27.740Z"
"ind_usr_2538","Nitin Deshmukh","nitin.deshmukh.work@gmail.com","free","Active",13,15,15,"2026-08-11T06:01:54.959Z","2026-08-11T06:01:54.959Z"
"ind_usr_0458","Aakash Choudhury","aakash.choudhury.work@gmail.com","free","Active",12,15,15,"2026-08-11T06:00:29.633Z","2026-08-11T06:00:29.633Z"
"ind_usr_2420","Prashant Banerjee","prashant_banerjee68@gmail.com","free","Active",12,15,15,"2026-08-11T06:00:19.803Z","2026-08-11T06:00:19.803Z"
"ind_usr_2266","Simran Sinha","simrans70@gmail.com","free","Active",6,15,15,"2026-08-11T05:51:50.060Z","2026-08-11T05:51:50.060Z"
"ind_usr_3112","Amit Deshmukh","amitdeshmukh93@gmail.com","free","Active",10,15,15,"2026-08-11T05:50:22.610Z","2026-08-11T05:50:22.610Z"
"ind_usr_1058","Suresh Mishra","suresh.mishra.work@gmail.com","free","Active",13,15,15,"2026-08-11T05:40:32.758Z","2026-08-11T05:40:32.758Z"
"ind_usr_3104","Pooja Bhasin","pooja.bhasin.1999@gmail.com","free","Active",15,15,15,"2026-08-11T05:37:28.738Z","2026-08-11T05:37:28.738Z"
"ind_usr_1421","Aakash Sinha","aakash.sinha9191@gmail.com","free","Active",11,15,15,"2026-08-11T05:31:43.521Z","2026-08-11T05:31:43.521Z"
"ind_usr_2755","Alok Bhasin","abhasin24@gmail.com","free","Active",15,15,15,"2026-08-11T05:29:15.583Z","2026-08-11T05:29:15.583Z"
"ind_usr_3147","Rajesh Kumar","rajeshkumar2001@gmail.com","free","Active",5,15,15,"2026-08-11T05:24:02.656Z","2026-08-11T05:24:02.656Z"
"ind_usr_1765","Tarun Banerjee","tbanerjee58@gmail.com","free","Active",15,15,15,"2026-08-11T05:19:28.597Z","2026-08-11T05:19:28.597Z"
"ind_usr_2933","Rashmi Dutta","rashmi_dutta@gmail.com","free","Active",13,15,15,"2026-08-11T05:09:29.379Z","2026-08-11T05:09:29.379Z"
"ind_usr_3218","Anjali Bhatia","anjali.bhatia.work@gmail.com","free","Active",13,15,15,"2026-08-11T05:06:36.171Z","2026-08-11T05:06:36.171Z"
"ind_usr_2403","Kiran Tiwari","kiran_tiwari@gmail.com","free","Active",8,15,15,"2026-08-11T04:59:10.999Z","2026-08-11T04:59:10.999Z"
"ind_usr_0007","Tanya Bhasin","tanyabhasin2000@gmail.com","free","Active",6,15,15,"2026-08-11T04:52:03.717Z","2026-08-11T04:52:03.717Z"
"ind_usr_0611","Aarav Chauhan","aarav.chauhan@gmail.com","free","Active",15,15,15,"2026-08-11T04:19:13.317Z","2026-08-11T04:19:13.317Z"
"ind_usr_1994","Pooja Deshmukh","pooja.deshmukh.1997@gmail.com","free","Active",14,15,15,"2026-08-11T04:18:56.307Z","2026-08-11T04:18:56.307Z"
"ind_usr_0120","Kritika Dubey","kritika_dubey82@gmail.com","free","Active",12,15,15,"2026-08-11T04:13:55.782Z","2026-08-11T04:13:55.782Z"
"ind_usr_2565","Rohan Saxena","rsaxena49@gmail.com","free","Active",14,15,15,"2026-08-11T04:08:00.046Z","2026-08-11T04:08:00.046Z"
"ind_usr_1173","Sneha Rao","sneha_rao@gmail.com","free","Active",8,15,15,"2026-08-11T04:04:32.955Z","2026-08-11T04:04:32.955Z"
"ind_usr_0089","Ishita Joshi","iam.ishitajoshi@gmail.com","free","Active",3,15,15,"2026-08-11T04:00:19.750Z","2026-08-11T04:00:19.750Z"
"ind_usr_0079","Vikram Tripathi","iam.vikramtripathi@gmail.com","free","Active",15,15,15,"2026-08-11T03:57:32.955Z","2026-08-11T03:57:32.955Z"
"ind_usr_2616","Aarav Sharma","aaravs83@gmail.com","free","Active",9,15,15,"2026-08-11T03:52:37.848Z","2026-08-11T03:52:37.848Z"
"ind_usr_0009","Sonia Dutta","iam.soniadutta@gmail.com","free","Active",4,15,15,"2026-08-11T03:51:32.935Z","2026-08-11T03:51:32.935Z"
"ind_usr_3389","Karan Reddy","iam.karanreddy@gmail.com","free","Active",7,15,15,"2026-08-11T03:50:59.176Z","2026-08-11T03:50:59.176Z"
"ind_usr_0719","Nitin Chauhan","iam.nitinchauhan@gmail.com","free","Active",14,15,15,"2026-08-11T03:48:39.360Z","2026-08-11T03:48:39.360Z"
"ind_usr_0555","Nitin Bajaj","nbajaj19@gmail.com","free","Active",11,15,15,"2026-08-11T03:40:44.972Z","2026-08-11T03:40:44.972Z"
"ind_usr_1798","Vandana Gupta","vandana.gupta.work@gmail.com","free","Active",7,15,15,"2026-08-11T03:36:09.354Z","2026-08-11T03:36:09.354Z"
"ind_usr_2459","Yash Goyal","iam.yashgoyal@gmail.com","free","Active",3,15,15,"2026-08-11T03:29:25.531Z","2026-08-11T03:29:25.531Z"
"ind_usr_2482","Amit Choudhury","amitchoudhury37@gmail.com","free","Active",4,15,15,"2026-08-11T03:24:42.906Z","2026-08-11T03:24:42.906Z"
"ind_usr_3161","Rashmi Saxena","rashmi.saxena@gmail.com","free","Active",9,15,15,"2026-08-11T03:21:39.140Z","2026-08-11T03:21:39.140Z"
"ind_usr_0964","Monika Singh","monika.singh.1995@gmail.com","free","Active",4,15,15,"2026-08-11T03:15:34.463Z","2026-08-11T03:15:34.463Z"
"ind_usr_1331","Abhishek Joshi","abhishek.joshi@gmail.com","free","Active",13,15,15,"2026-08-11T03:15:30.500Z","2026-08-11T03:15:30.500Z"
"ind_usr_2934","Deepika Tiwari","deepika.tiwari.2000@gmail.com","free","Active",14,15,15,"2026-08-11T03:14:37.180Z","2026-08-11T03:14:37.180Z"
"ind_usr_0799","Payal Chatterjee","iam.payalchatterjee@gmail.com","free","Active",7,15,15,"2026-08-11T03:07:33.593Z","2026-08-11T03:07:33.593Z"
"ind_usr_1370","Riya Banerjee","riya_banerjee29@gmail.com","free","Active",4,15,15,"2026-08-11T03:03:02.616Z","2026-08-11T03:03:02.616Z"
"ind_usr_2885","Neha Dutta","ndutta53@gmail.com","free","Active",13,15,15,"2026-08-11T02:55:20.744Z","2026-08-11T02:55:20.744Z"
"ind_usr_1208","Prashant Bajaj","prashant.bajaj.work@gmail.com","free","Active",12,15,15,"2026-08-11T02:48:15.292Z","2026-08-11T02:48:15.292Z"
"ind_usr_1480","Ananya Narang","ananya_narang44@gmail.com","free","Active",13,15,15,"2026-08-11T02:37:55.714Z","2026-08-11T02:37:55.714Z"
"ind_usr_3228","Sonam Singh","sonam.singh7060@gmail.com","free","Active",14,15,15,"2026-08-11T02:33:27.755Z","2026-08-11T02:33:27.755Z"
"ind_usr_1895","Deepika Chawla","dchawla87@gmail.com","free","Active",12,15,15,"2026-08-11T02:25:55.971Z","2026-08-11T02:25:55.971Z"
"ind_usr_0207","Alok Malhotra","alokmalhotra2001@gmail.com","free","Active",5,15,15,"2026-08-11T02:23:28.949Z","2026-08-11T02:23:28.949Z"
"ind_usr_1472","Varun Bhasin","varunbhasin40@gmail.com","free","Active",15,15,15,"2026-08-11T02:19:03.504Z","2026-08-11T02:19:03.504Z"
"ind_usr_2014","Kavya Yadav","kavya.yadav.2000@gmail.com","free","Active",4,15,15,"2026-08-11T02:13:45.111Z","2026-08-11T02:13:45.111Z"
"ind_usr_3005","Sneha Chawla","schawla41@gmail.com","free","Active",7,15,15,"2026-08-11T02:02:30.405Z","2026-08-11T02:02:30.405Z"
"ind_usr_2239","Deepak Shah","iam.deepakshah@gmail.com","free","Active",15,15,15,"2026-08-11T01:56:57.247Z","2026-08-11T01:56:57.247Z"
"ind_usr_1778","Simran Gupta","simran.gupta.work@gmail.com","free","Active",4,15,15,"2026-08-11T01:30:26.493Z","2026-08-11T01:30:26.493Z"
"ind_usr_1450","Sonam Goyal","sonam_goyal86@gmail.com","free","Active",11,15,15,"2026-08-11T01:27:19.561Z","2026-08-11T01:27:19.561Z"
"ind_usr_0384","Megha Mehta","megha.mehta.2002@gmail.com","free","Active",14,15,15,"2026-08-11T01:26:28.896Z","2026-08-11T01:26:28.896Z"
"ind_usr_2760","Gaurav Dhar","gaurav_dhar80@gmail.com","free","Active",12,15,15,"2026-08-11T01:24:45.421Z","2026-08-11T01:24:45.421Z"
"ind_usr_0237","Komal Jain","komaljain2001@gmail.com","free","Active",12,15,15,"2026-08-11T01:12:27.950Z","2026-08-11T01:12:27.950Z"
"ind_usr_1681","Rahul Rao","rahul.rao@gmail.com","free","Active",12,15,15,"2026-08-11T01:10:33.668Z","2026-08-11T01:10:33.668Z"
"ind_usr_2183","Nikhil Saxena","nikhil.saxena5362@gmail.com","free","Active",5,15,15,"2026-08-11T01:03:41.727Z","2026-08-11T01:03:41.727Z"
"ind_usr_1194","Rakesh Dutta","rakesh.dutta.1997@gmail.com","free","Active",14,15,15,"2026-08-11T00:59:24.430Z","2026-08-11T00:59:24.430Z"
"ind_usr_2978","Suresh Reddy","suresh.reddy.work@gmail.com","free","Active",4,15,15,"2026-08-11T00:53:17.075Z","2026-08-11T00:53:17.075Z"
"ind_usr_1080","Deepika Joshi","deepika_joshi71@gmail.com","free","Active",6,15,15,"2026-08-11T00:52:40.317Z","2026-08-11T00:52:40.317Z"
"ind_usr_0999","Deepak Aggarwal","iam.deepakaggarwal@gmail.com","free","Active",9,15,15,"2026-08-11T00:50:37.278Z","2026-08-11T00:50:37.278Z"
"ind_usr_1242","Archana Joshi","archanajoshi40@gmail.com","free","Active",13,15,15,"2026-08-11T00:45:23.707Z","2026-08-11T00:45:23.707Z"
"ind_usr_2710","Bhavna Tiwari","bhavna_tiwari87@gmail.com","free","Active",6,15,15,"2026-08-11T00:44:17.789Z","2026-08-11T00:44:17.789Z"
"ind_usr_2379","Mohit Tiwari","iam.mohittiwari@gmail.com","free","Active",7,15,15,"2026-08-11T00:43:47.019Z","2026-08-11T00:43:47.019Z"
"ind_usr_0847","Tarun Bajaj","tarunbajaj1998@gmail.com","free","Active",9,15,15,"2026-08-11T00:32:47.563Z","2026-08-11T00:32:47.563Z"
"ind_usr_0769","Pooja Kumar","iam.poojakumar@gmail.com","free","Active",6,15,15,"2026-08-11T00:23:06.594Z","2026-08-11T00:23:06.594Z"
"ind_usr_2468","Nikhil Chawla","nikhil.chawla.work@gmail.com","free","Active",13,15,15,"2026-08-11T00:15:55.218Z","2026-08-11T00:15:55.218Z"
"ind_usr_0298","Jyoti Chatterjee","jyoti.chatterjee.work@gmail.com","free","Active",5,15,15,"2026-08-11T00:14:33.126Z","2026-08-11T00:14:33.126Z"
"ind_usr_2213","Rahul Bajaj","rahul_bajaj@gmail.com","free","Active",14,15,15,"2026-08-11T00:10:08.772Z","2026-08-11T00:10:08.772Z"
"ind_usr_1783","Suresh Mehta","suresh_mehta@gmail.com","free","Active",8,15,15,"2026-08-11T00:08:41.851Z","2026-08-11T00:08:41.851Z"
"ind_usr_2303","Jyoti Kapoor","jyoti_kapoor@gmail.com","free","Active",12,15,15,"2026-08-11T00:04:56.249Z","2026-08-11T00:04:56.249Z"
"ind_usr_1219","Sonia Pandey","iam.soniapandey@gmail.com","free","Active",14,15,15,"2026-08-11T00:02:09.841Z","2026-08-11T00:02:09.841Z"
"ind_usr_2103","Kiran Banerjee","kiran.banerjee2272@gmail.com","free","Active",9,15,15,"2026-08-10T23:59:03.948Z","2026-08-10T23:59:03.948Z"
"ind_usr_1728","Riya Chatterjee","riya.chatterjee.work@gmail.com","free","Active",10,15,15,"2026-08-10T23:58:20.618Z","2026-08-10T23:58:20.618Z"
"ind_usr_2905","Simran Nair","snair62@gmail.com","free","Active",10,15,15,"2026-08-10T23:55:58.885Z","2026-08-10T23:55:58.885Z"
"ind_usr_0531","Swati Rathore","swati.rathore@gmail.com","free","Active",6,15,15,"2026-08-10T23:53:04.690Z","2026-08-10T23:53:04.690Z"
"ind_usr_2138","Rohan Sharma","rohan.sharma.work@gmail.com","free","Active",15,15,15,"2026-08-10T23:50:17.206Z","2026-08-10T23:50:17.206Z"
"ind_usr_3181","Riya Rao","riya.rao@gmail.com","free","Active",6,15,15,"2026-08-10T23:49:47.327Z","2026-08-10T23:49:47.327Z"
"ind_usr_0112","Ananya Singh","ananyasingh83@gmail.com","free","Active",9,15,15,"2026-08-10T23:46:06.127Z","2026-08-10T23:46:06.127Z"
"ind_usr_1713","Neha Rao","neha_rao@gmail.com","free","Active",14,15,15,"2026-08-10T23:30:59.338Z","2026-08-10T23:30:59.338Z"
"ind_usr_0876","Kavya Dutta","kavyad80@gmail.com","free","Active",5,15,15,"2026-08-10T23:19:05.692Z","2026-08-10T23:19:05.692Z"
"ind_usr_3118","Nisha Banerjee","nisha.banerjee.work@gmail.com","free","Active",12,15,15,"2026-08-10T23:15:21.686Z","2026-08-10T23:15:21.686Z"
"ind_usr_1251","Rakesh Sharma","rakesh.sharma@gmail.com","free","Active",12,15,15,"2026-08-10T23:14:20.222Z","2026-08-10T23:14:20.222Z"
"ind_usr_1408","Anjali Jain","anjali.jain.work@gmail.com","free","Active",6,15,15,"2026-08-10T23:14:10.916Z","2026-08-10T23:14:10.916Z"
"ind_usr_2765","Kritika Chauhan","kchauhan49@gmail.com","free","Active",15,15,15,"2026-08-10T23:11:21.728Z","2026-08-10T23:11:21.728Z"
"ind_usr_0069","Divya Gupta","iam.divyagupta@gmail.com","free","Active",11,15,15,"2026-08-10T22:47:30.020Z","2026-08-10T22:47:30.020Z"
"ind_usr_3207","Abhishek Tripathi","abhishektripathi1995@gmail.com","free","Active",8,15,15,"2026-08-10T22:43:35.033Z","2026-08-10T22:43:35.033Z"
"ind_usr_0468","Arjun Thakur","arjun.thakur.work@gmail.com","free","Active",15,15,15,"2026-08-10T22:36:10.955Z","2026-08-10T22:36:10.955Z"
"ind_usr_1240","Priya Chawla","priya_chawla41@gmail.com","free","Active",12,15,15,"2026-08-10T22:35:00.803Z","2026-08-10T22:35:00.803Z"
"ind_usr_0752","Jyoti Tiwari","jyotitiwari52@gmail.com","free","Active",14,15,15,"2026-08-10T22:34:49.673Z","2026-08-10T22:34:49.673Z"
"ind_usr_1830","Vivek Sharma","vivek_sharma85@gmail.com","free","Active",4,15,15,"2026-08-10T22:30:39.840Z","2026-08-10T22:30:39.840Z"
"ind_usr_3319","Vivek Banerjee","iam.vivekbanerjee@gmail.com","free","Active",3,15,15,"2026-08-10T22:30:05.163Z","2026-08-10T22:30:05.163Z"
"ind_usr_0650","Monika Dhar","monika_dhar20@gmail.com","free","Active",3,15,15,"2026-08-10T22:28:03.164Z","2026-08-10T22:28:03.164Z"
"ind_usr_0689","Nisha Patel","iam.nishapatel@gmail.com","free","Active",11,15,15,"2026-08-10T22:16:48.014Z","2026-08-10T22:16:48.014Z"
"ind_usr_2661","Yash Banerjee","yash.banerjee@gmail.com","free","Active",10,15,15,"2026-08-10T22:06:35.600Z","2026-08-10T22:06:35.600Z"
"ind_usr_2223","Rashmi Dubey","rashmi_dubey@gmail.com","free","Active",14,15,15,"2026-08-10T22:06:15.161Z","2026-08-10T22:06:15.161Z"
"ind_usr_0605","Kritika Pandey","kpandey73@gmail.com","free","Active",4,15,15,"2026-08-10T22:06:04.486Z","2026-08-10T22:06:04.486Z"
"ind_usr_1515","Priya Shah","pshah88@gmail.com","free","Active",5,15,15,"2026-08-10T22:04:16.333Z","2026-08-10T22:04:16.333Z"
"ind_usr_2271","Arjun Mishra","arjun.mishra@gmail.com","free","Active",10,15,15,"2026-08-10T22:02:44.240Z","2026-08-10T22:02:44.240Z"
"ind_usr_2190","Kritika Jain","kritika_jain73@gmail.com","free","Active",4,15,15,"2026-08-10T22:02:06.951Z","2026-08-10T22:02:06.951Z"
"ind_usr_1023","Yash Aggarwal","yash_aggarwal@gmail.com","free","Active",3,15,15,"2026-08-10T21:57:38.746Z","2026-08-10T21:57:38.746Z"
"ind_usr_1715","Rohan Kumar","rkumar82@gmail.com","free","Active",5,15,15,"2026-08-10T21:57:24.065Z","2026-08-10T21:57:24.065Z"
"ind_usr_0811","Tanya Ahuja","tanya.ahuja5560@gmail.com","free","Active",13,15,15,"2026-08-10T21:55:43.023Z","2026-08-10T21:55:43.023Z"
"ind_usr_1433","Simran Dhar","simran_dhar@gmail.com","free","Active",11,15,15,"2026-08-10T21:53:59.325Z","2026-08-10T21:53:59.325Z"
"ind_usr_2259","Archana Joshi","iam.archanajoshi@gmail.com","free","Active",12,15,15,"2026-08-10T21:40:14.588Z","2026-08-10T21:40:14.588Z"
"ind_usr_0351","Payal Saxena","payal.saxena@gmail.com","free","Active",14,15,15,"2026-08-10T21:39:48.538Z","2026-08-10T21:39:48.538Z"
"ind_usr_1445","Deepika Banerjee","dbanerjee17@gmail.com","free","Active",7,15,15,"2026-08-10T21:39:22.977Z","2026-08-10T21:39:22.977Z"
"ind_usr_2115","Komal Banerjee","kbanerjee46@gmail.com","free","Active",5,15,15,"2026-08-10T21:37:20.492Z","2026-08-10T21:37:20.492Z"
"ind_usr_2786","Vivek Mehta","vivekm65@gmail.com","free","Active",8,15,15,"2026-08-10T21:22:56.513Z","2026-08-10T21:22:56.513Z"
"ind_usr_2098","Archana Pandey","archana.pandey.work@gmail.com","free","Active",5,15,15,"2026-08-10T21:21:19.461Z","2026-08-10T21:21:19.461Z"
"ind_usr_0541","Rohit Bhasin","rohit.bhasin@gmail.com","free","Active",5,15,15,"2026-08-10T21:20:05.548Z","2026-08-10T21:20:05.548Z"
"ind_usr_0465","Yash Tripathi","ytripathi71@gmail.com","free","Active",3,15,15,"2026-08-10T21:17:01.130Z","2026-08-10T21:17:01.130Z"
"ind_usr_1447","Aarav Mehta","aaravmehta1993@gmail.com","free","Active",3,15,15,"2026-08-10T21:16:05.384Z","2026-08-10T21:16:05.384Z"
"ind_usr_0937","Suresh Ahuja","sureshahuja2000@gmail.com","free","Active",5,15,15,"2026-08-10T21:01:09.392Z","2026-08-10T21:01:09.392Z"
"ind_usr_3288","Sneha Patel","sneha.patel.work@gmail.com","free","Active",13,15,15,"2026-08-10T20:39:33.680Z","2026-08-10T20:39:33.680Z"
"ind_usr_2312","Deepika Gupta","deepikagupta83@gmail.com","free","Active",13,15,15,"2026-08-10T20:27:07.012Z","2026-08-10T20:27:07.012Z"
"ind_usr_3265","Sonia Saxena","ssaxena27@gmail.com","free","Active",14,15,15,"2026-08-10T20:24:24.455Z","2026-08-10T20:24:24.455Z"
"ind_usr_0065","Aakash Saxena","asaxena83@gmail.com","free","Active",6,15,15,"2026-08-10T20:22:15.857Z","2026-08-10T20:22:15.857Z"
"ind_usr_1491","Manish Dhar","manish.dhar@gmail.com","free","Active",15,15,15,"2026-08-10T20:16:06.407Z","2026-08-10T20:16:06.407Z"
"ind_usr_3142","Bhavna Dhar","bhavnadhar79@gmail.com","free","Active",3,15,15,"2026-08-10T20:15:42.121Z","2026-08-10T20:15:42.121Z"
"ind_usr_0044","Sonam Gupta","sonam.gupta.1998@gmail.com","free","Active",12,15,15,"2026-08-10T20:13:11.403Z","2026-08-10T20:13:11.403Z"
"ind_usr_1902","Deepika Thakur","deepikathakur66@gmail.com","free","Active",4,15,15,"2026-08-10T20:12:10.548Z","2026-08-10T20:12:10.548Z"
"ind_usr_1499","Aakash Joshi","iam.aakashjoshi@gmail.com","free","Active",15,15,15,"2026-08-10T20:12:04.521Z","2026-08-10T20:12:04.521Z"
"ind_usr_1178","Sonam Malhotra","sonam.malhotra.work@gmail.com","free","Active",9,15,15,"2026-08-10T19:46:05.553Z","2026-08-10T19:46:05.553Z"
"ind_usr_2421","Megha Rathore","megha.rathore@gmail.com","free","Active",5,15,15,"2026-08-10T19:40:40.611Z","2026-08-10T19:40:40.611Z"
"ind_usr_3052","Bhavna Gupta","bhavnagupta73@gmail.com","free","Active",9,15,15,"2026-08-10T19:37:12.937Z","2026-08-10T19:37:12.937Z"
"ind_usr_0746","Sneha Mishra","sneham65@gmail.com","free","Active",3,15,15,"2026-08-10T19:35:47.639Z","2026-08-10T19:35:47.639Z"
"ind_usr_1322","Rohit Dhar","rohitdhar78@gmail.com","free","Active",15,15,15,"2026-08-10T19:29:14.507Z","2026-08-10T19:29:14.507Z"
"ind_usr_2490","Rashmi Banerjee","rashmi_banerjee59@gmail.com","free","Active",3,15,15,"2026-08-10T19:28:14.760Z","2026-08-10T19:28:14.760Z"
"ind_usr_0571","Amit Rathore","amit.rathore@gmail.com","free","Active",3,15,15,"2026-08-10T19:20:24.399Z","2026-08-10T19:20:24.399Z"
"ind_usr_1877","Rohit Sharma","rohitsharma1997@gmail.com","free","Active",5,15,15,"2026-08-10T19:19:35.353Z","2026-08-10T19:19:35.353Z"
"ind_usr_2951","Swati Choudhury","swati.choudhury@gmail.com","free","Active",3,15,15,"2026-08-10T19:05:37.902Z","2026-08-10T19:05:37.902Z"
"ind_usr_2593","Manish Kapoor","manish_kapoor@gmail.com","free","Active",6,15,15,"2026-08-10T18:58:10.275Z","2026-08-10T18:58:10.275Z"
"ind_usr_2614","Alok Chatterjee","alok.chatterjee.1999@gmail.com","free","Active",4,15,15,"2026-08-10T18:56:12.511Z","2026-08-10T18:56:12.511Z"
"ind_usr_3036","Deepika Chauhan","deepikac65@gmail.com","free","Active",10,15,15,"2026-08-10T18:41:26.078Z","2026-08-10T18:41:26.078Z"
"ind_usr_3214","Kavya Bajaj","kavya.bajaj.1995@gmail.com","free","Active",5,15,15,"2026-08-10T18:36:47.756Z","2026-08-10T18:36:47.756Z"
"ind_usr_2397","Neha Chatterjee","nehachatterjee1996@gmail.com","free","Active",7,15,15,"2026-08-10T18:34:46.894Z","2026-08-10T18:34:46.894Z"
"ind_usr_1334","Abhishek Bhatia","abhishek.bhatia.1999@gmail.com","free","Active",7,15,15,"2026-08-10T18:30:49.929Z","2026-08-10T18:30:49.929Z"
"ind_usr_0340","Anjali Pandey","anjali_pandey45@gmail.com","free","Active",12,15,15,"2026-08-10T18:30:04.984Z","2026-08-10T18:30:04.984Z"
"ind_usr_2080","Sneha Banerjee","sneha_banerjee44@gmail.com","free","Active",13,15,15,"2026-08-10T18:04:25.973Z","2026-08-10T18:04:25.973Z"
"ind_usr_2813","Kiran Gupta","kiran_gupta@gmail.com","free","Active",5,15,15,"2026-08-10T17:55:41.543Z","2026-08-10T17:55:41.543Z"
"ind_usr_1549","Payal Deshmukh","iam.payaldeshmukh@gmail.com","free","Active",14,15,15,"2026-08-10T17:30:37.706Z","2026-08-10T17:30:37.706Z"
"ind_usr_0850","Divya Gupta","divya_gupta91@gmail.com","free","Active",3,15,15,"2026-08-10T17:29:13.187Z","2026-08-10T17:29:13.187Z"
"ind_usr_0757","Payal Dhar","payaldhar2000@gmail.com","free","Active",11,15,15,"2026-08-10T17:26:10.936Z","2026-08-10T17:26:10.936Z"
"ind_usr_0577","Sneha Choudhury","snehachoudhury2002@gmail.com","free","Active",5,15,15,"2026-08-10T17:21:25.529Z","2026-08-10T17:21:25.529Z"
"ind_usr_0203","Komal Bajaj","komal_bajaj@gmail.com","free","Active",4,15,15,"2026-08-10T17:20:46.254Z","2026-08-10T17:20:46.254Z"
"ind_usr_2046","Deepak Bhasin","deepakb73@gmail.com","free","Active",9,15,15,"2026-08-10T17:11:13.800Z","2026-08-10T17:11:13.800Z"
"ind_usr_0198","Mayank Rao","mayank.rao.work@gmail.com","free","Active",6,15,15,"2026-08-10T17:10:28.909Z","2026-08-10T17:10:28.909Z"
"ind_usr_2960","Anjali Goyal","anjali_goyal33@gmail.com","free","Active",12,15,15,"2026-08-10T17:06:48.250Z","2026-08-10T17:06:48.250Z"
"ind_usr_0068","Yash Choudhury","yash.choudhury.work@gmail.com","free","Active",3,15,15,"2026-08-10T17:05:22.495Z","2026-08-10T17:05:22.495Z"
"ind_usr_2144","Payal Chatterjee","payal.chatterjee.1997@gmail.com","free","Active",9,15,15,"2026-08-10T17:01:07.204Z","2026-08-10T17:01:07.204Z"
"ind_usr_1975","Divya Chauhan","dchauhan15@gmail.com","free","Active",9,15,15,"2026-08-10T17:00:10.498Z","2026-08-10T17:00:10.498Z"
"ind_usr_0968","Anjali Rao","anjali.rao.work@gmail.com","free","Active",9,15,15,"2026-08-10T16:59:48.384Z","2026-08-10T16:59:48.384Z"
"ind_usr_1885","Prashant Dutta","pdutta33@gmail.com","free","Active",5,15,15,"2026-08-10T16:55:32.958Z","2026-08-10T16:55:32.958Z"
"ind_usr_1691","Deepak Ahuja","deepak.ahuja2187@gmail.com","free","Active",9,15,15,"2026-08-10T16:54:05.767Z","2026-08-10T16:54:05.767Z"
"ind_usr_3274","Kunal Kapoor","kunal.kapoor.1998@gmail.com","free","Active",11,15,15,"2026-08-10T16:53:26.232Z","2026-08-10T16:53:26.232Z"
"ind_usr_2537","Bhavna Banerjee","bhavnabanerjee1995@gmail.com","free","Active",7,15,15,"2026-08-10T16:41:40.381Z","2026-08-10T16:41:40.381Z"
"ind_usr_2495","Bhavna Rao","brao90@gmail.com","free","Active",8,15,15,"2026-08-10T16:37:10.144Z","2026-08-10T16:37:10.144Z"
"ind_usr_0609","Anjali Bhasin","iam.anjalibhasin@gmail.com","free","Active",5,15,15,"2026-08-10T16:36:44.582Z","2026-08-10T16:36:44.582Z"
"ind_usr_1533","Jyoti Shah","jyoti_shah@gmail.com","free","Active",11,15,15,"2026-08-10T16:34:41.828Z","2026-08-10T16:34:41.828Z"
"ind_usr_1245","Komal Bhatia","kbhatia27@gmail.com","free","Active",8,15,15,"2026-08-10T16:12:50.991Z","2026-08-10T16:12:50.991Z"
"ind_usr_1658","Kavya Dutta","kavya.dutta.work@gmail.com","free","Active",3,15,15,"2026-08-10T15:50:46.780Z","2026-08-10T15:50:46.780Z"
"ind_usr_0091","Monika Bhasin","monika.bhasin@gmail.com","free","Active",8,15,15,"2026-08-10T15:46:45.291Z","2026-08-10T15:46:45.291Z"
"ind_usr_2319","Divya Chawla","iam.divyachawla@gmail.com","free","Active",13,15,15,"2026-08-10T15:45:50.459Z","2026-08-10T15:45:50.459Z"
"ind_usr_2744","Vandana Yadav","vandana.yadav.1993@gmail.com","free","Active",13,15,15,"2026-08-10T15:42:26.691Z","2026-08-10T15:42:26.691Z"
"ind_usr_2291","Archana Singh","archana.singh@gmail.com","free","Active",8,15,15,"2026-08-10T15:28:47.677Z","2026-08-10T15:28:47.677Z"
"ind_usr_1109","Archana Thakur","iam.archanathakur@gmail.com","free","Active",10,15,15,"2026-08-10T15:20:51.663Z","2026-08-10T15:20:51.663Z"
"ind_usr_2906","Amit Patel","amitp68@gmail.com","free","Active",10,15,15,"2026-08-10T15:16:20.361Z","2026-08-10T15:16:20.361Z"
"ind_usr_1014","Deepak Narang","deepak.narang.1998@gmail.com","free","Active",13,15,15,"2026-08-10T15:07:25.208Z","2026-08-10T15:07:25.208Z"
"ind_usr_0632","Amit Jain","amitjain90@gmail.com","free","Active",10,15,15,"2026-08-10T14:58:03.356Z","2026-08-10T14:58:03.356Z"
"ind_usr_2235","Priya Yadav","pyadav74@gmail.com","free","Active",8,15,15,"2026-08-10T14:52:33.742Z","2026-08-10T14:52:33.742Z"
"ind_usr_2604","Vivek Kapoor","vivek.kapoor.2001@gmail.com","free","Active",4,15,15,"2026-08-10T14:52:09.643Z","2026-08-10T14:52:09.643Z"
"ind_usr_3251","Simran Chatterjee","simran.chatterjee@gmail.com","free","Active",7,15,15,"2026-08-10T14:43:54.047Z","2026-08-10T14:43:54.047Z"
"ind_usr_2353","Deepak Bajaj","deepak_bajaj@gmail.com","free","Active",8,15,15,"2026-08-10T14:37:05.084Z","2026-08-10T14:37:05.084Z"
"ind_usr_0705","Sonia Pandey","spandey21@gmail.com","free","Active",8,15,15,"2026-08-10T14:29:59.211Z","2026-08-10T14:29:59.211Z"
"ind_usr_2912","Rohit Kapoor","rohitkapoor44@gmail.com","free","Active",7,15,15,"2026-08-10T14:28:32.321Z","2026-08-10T14:28:32.321Z"
"ind_usr_2650","Gaurav Choudhury","gaurav_choudhury88@gmail.com","free","Active",6,15,15,"2026-08-10T14:18:01.770Z","2026-08-10T14:18:01.770Z"
"ind_usr_2041","Nisha Choudhury","nisha.choudhury1355@gmail.com","free","Active",3,15,15,"2026-08-10T14:12:50.870Z","2026-08-10T14:12:50.870Z"
"ind_usr_0936","Vivek Thakur","vivekt12@gmail.com","free","Active",11,15,15,"2026-08-10T14:12:11.545Z","2026-08-10T14:12:11.545Z"
"ind_usr_3376","Manish Chauhan","manishc19@gmail.com","free","Active",4,15,15,"2026-08-10T14:02:14.667Z","2026-08-10T14:02:14.667Z"
"ind_usr_1206","Yash Tripathi","yasht48@gmail.com","free","Active",13,15,15,"2026-08-10T13:51:47.493Z","2026-08-10T13:51:47.493Z"
"ind_usr_0637","Aditya Mishra","adityamishra2002@gmail.com","free","Active",11,15,15,"2026-08-10T13:44:14.680Z","2026-08-10T13:44:14.680Z"
"ind_usr_2540","Payal Goyal","payal_goyal22@gmail.com","free","Active",15,15,15,"2026-08-10T13:34:22.554Z","2026-08-10T13:34:22.554Z"
"ind_usr_1163","Aarav Jain","aarav_jain@gmail.com","free","Active",12,15,15,"2026-08-10T13:28:24.119Z","2026-08-10T13:28:24.119Z"
"ind_usr_1395","Aakash Shah","ashah32@gmail.com","free","Active",14,15,15,"2026-08-10T13:24:48.057Z","2026-08-10T13:24:48.057Z"
"ind_usr_1501","Rohan Tripathi","rohan.tripathi@gmail.com","free","Active",4,15,15,"2026-08-10T13:19:12.694Z","2026-08-10T13:19:12.694Z"
"ind_usr_2216","Monika Chauhan","monikac38@gmail.com","free","Active",10,15,15,"2026-08-10T13:15:32.476Z","2026-08-10T13:15:32.476Z"
"ind_usr_1342","Rahul Kapoor","rahulkapoor77@gmail.com","free","Active",7,15,15,"2026-08-10T12:59:12.690Z","2026-08-10T12:59:12.690Z"
"ind_usr_1073","Yash Banerjee","yash_banerjee@gmail.com","free","Active",6,15,15,"2026-08-10T12:44:51.304Z","2026-08-10T12:44:51.304Z"
"ind_usr_3016","Alok Goyal","alokg34@gmail.com","free","Active",3,15,15,"2026-08-10T12:40:56.017Z","2026-08-10T12:40:56.017Z"
"ind_usr_3256","Abhishek Chawla","abhishekc67@gmail.com","free","Active",9,15,15,"2026-08-10T12:30:05.451Z","2026-08-10T12:30:05.451Z"
"ind_usr_0221","Tarun Banerjee","tarun.banerjee@gmail.com","free","Active",7,15,15,"2026-08-10T12:26:54.436Z","2026-08-10T12:26:54.436Z"
"ind_usr_2265","Nisha Choudhury","nchoudhury83@gmail.com","free","Active",10,15,15,"2026-08-10T12:22:51.501Z","2026-08-10T12:22:51.501Z"
"ind_usr_2114","Neha Sharma","neha.sharma.1998@gmail.com","free","Active",4,15,15,"2026-08-10T12:20:15.990Z","2026-08-10T12:20:15.990Z"
"ind_usr_1963","Kiran Kapoor","kiran_kapoor@gmail.com","free","Active",7,15,15,"2026-08-10T12:17:49.814Z","2026-08-10T12:17:49.814Z"
"ind_usr_2256","Sonam Jain","sonamj94@gmail.com","free","Active",10,15,15,"2026-08-10T12:16:45.748Z","2026-08-10T12:16:45.748Z"
"ind_usr_1570","Sonam Singh","sonam_singh83@gmail.com","free","Active",4,15,15,"2026-08-10T12:16:19.825Z","2026-08-10T12:16:19.825Z"
"ind_usr_0188","Riya Ahuja","riya.ahuja.work@gmail.com","free","Active",6,15,15,"2026-08-10T12:10:29.319Z","2026-08-10T12:10:29.319Z"
"ind_usr_1625","Payal Ahuja","pahuja48@gmail.com","free","Active",4,15,15,"2026-08-10T12:07:41.186Z","2026-08-10T12:07:41.186Z"
"ind_usr_2690","Vikram Gupta","vikram_gupta75@gmail.com","free","Active",11,15,15,"2026-08-10T12:04:05.501Z","2026-08-10T12:04:05.501Z"
"ind_usr_3153","Sunil Dhar","sunil_dhar@gmail.com","free","Active",9,15,15,"2026-08-10T12:03:10.081Z","2026-08-10T12:03:10.081Z"
"ind_usr_2558","Payal Choudhury","payal.choudhury.work@gmail.com","free","Active",9,15,15,"2026-08-10T12:01:30.310Z","2026-08-10T12:01:30.310Z"
"ind_usr_2264","Neha Aggarwal","neha.aggarwal.2002@gmail.com","free","Active",14,15,15,"2026-08-10T11:59:31.661Z","2026-08-10T11:59:31.661Z"
"ind_usr_2045","Nitin Goyal","ngoyal27@gmail.com","free","Active",9,15,15,"2026-08-10T11:52:45.658Z","2026-08-10T11:52:45.658Z"
"ind_usr_0930","Shreya Narang","shreya_narang96@gmail.com","free","Active",4,15,15,"2026-08-10T11:45:52.744Z","2026-08-10T11:45:52.744Z"
"ind_usr_1697","Nikhil Rathore","nikhilrathore2003@gmail.com","free","Active",6,15,15,"2026-08-10T11:41:39.767Z","2026-08-10T11:41:39.767Z"
"ind_usr_0513","Neha Mishra","neha_mishra@gmail.com","free","Active",5,15,15,"2026-08-10T11:38:04.121Z","2026-08-10T11:38:04.121Z"
"ind_usr_0413","Amit Sharma","amit_sharma@gmail.com","free","Active",6,15,15,"2026-08-10T11:35:57.881Z","2026-08-10T11:35:57.881Z"
"ind_usr_2444","Sonam Singh","sonam.singh.1999@gmail.com","free","Active",13,15,15,"2026-08-10T11:30:26.677Z","2026-08-10T11:30:26.677Z"
"ind_usr_1879","Siddharth Choudhury","iam.siddharthchoudhury@gmail.com","free","Active",8,15,15,"2026-08-10T11:16:30.020Z","2026-08-10T11:16:30.020Z"
"ind_usr_1203","Aditya Jain","aditya_jain@gmail.com","free","Active",9,15,15,"2026-08-10T11:08:49.504Z","2026-08-10T11:08:49.504Z"
"ind_usr_0150","Sonia Joshi","sonia_joshi66@gmail.com","free","Active",9,15,15,"2026-08-10T11:08:37.742Z","2026-08-10T11:08:37.742Z"
"ind_usr_0285","Saurabh Deshmukh","sdeshmukh50@gmail.com","free","Active",8,15,15,"2026-08-10T11:06:09.874Z","2026-08-10T11:06:09.874Z"
"ind_usr_2188","Manish Kapoor","manish.kapoor.work@gmail.com","free","Active",4,15,15,"2026-08-10T11:05:26.110Z","2026-08-10T11:05:26.110Z"
"ind_usr_1634","Bhavna Dhar","bhavna.dhar.2000@gmail.com","free","Active",8,15,15,"2026-08-10T11:04:07.407Z","2026-08-10T11:04:07.407Z"
"ind_usr_2365","Bhavna Shah","bshah39@gmail.com","free","Active",11,15,15,"2026-08-10T10:51:42.188Z","2026-08-10T10:51:42.188Z"
"ind_usr_0973","Archana Bhasin","archana_bhasin@gmail.com","free","Active",7,15,15,"2026-08-10T10:44:41.555Z","2026-08-10T10:44:41.555Z"
"ind_usr_1013","Abhishek Banerjee","abhishek_banerjee@gmail.com","free","Active",6,15,15,"2026-08-10T10:39:05.463Z","2026-08-10T10:39:05.463Z"
"ind_usr_0545","Suresh Dubey","sdubey45@gmail.com","free","Active",14,15,15,"2026-08-10T10:38:38.202Z","2026-08-10T10:38:38.202Z"
"ind_usr_0486","Aarav Mishra","aaravm81@gmail.com","free","Active",6,15,15,"2026-08-10T10:37:53.158Z","2026-08-10T10:37:53.158Z"
"ind_usr_1159","Prashant Sharma","iam.prashantsharma@gmail.com","free","Active",12,15,15,"2026-08-10T10:24:31.528Z","2026-08-10T10:24:31.528Z"
"ind_usr_1301","Anjali Saxena","anjali.saxena1002@gmail.com","free","Active",13,15,15,"2026-08-10T10:22:25.180Z","2026-08-10T10:22:25.180Z"
"ind_usr_1289","Rakesh Singh","iam.rakeshsingh@gmail.com","free","Active",5,15,15,"2026-08-10T10:16:00.767Z","2026-08-10T10:16:00.767Z"
"ind_usr_1343","Kritika Saxena","kritika_saxena@gmail.com","free","Active",13,15,15,"2026-08-10T10:11:18.670Z","2026-08-10T10:11:18.670Z"
"ind_usr_0476","Payal Rao","payalr90@gmail.com","free","Active",12,15,15,"2026-08-10T10:00:52.084Z","2026-08-10T10:00:52.084Z"
"ind_usr_0137","Kavya Jain","kavyajain1999@gmail.com","free","Active",4,15,15,"2026-08-10T09:59:35.372Z","2026-08-10T09:59:35.372Z"
"ind_usr_2550","Sunil Bhasin","sunil_bhasin64@gmail.com","free","Active",11,15,15,"2026-08-10T09:58:09.727Z","2026-08-10T09:58:09.727Z"
"ind_usr_0597","Siddharth Jain","siddharthjain1993@gmail.com","free","Active",3,15,15,"2026-08-10T09:53:09.472Z","2026-08-10T09:53:09.472Z"
"ind_usr_0232","Nikhil Malhotra","nikhilmalhotra57@gmail.com","free","Active",7,15,15,"2026-08-10T09:52:59.072Z","2026-08-10T09:52:59.072Z"
"ind_usr_2689","Rohan Sinha","iam.rohansinha@gmail.com","free","Active",11,15,15,"2026-08-10T09:45:38.702Z","2026-08-10T09:45:38.702Z"
"ind_usr_1528","Mohit Shah","mohit.shah9514@gmail.com","free","Active",9,15,15,"2026-08-10T09:42:25.374Z","2026-08-10T09:42:25.374Z"
"ind_usr_1808","Mayank Tiwari","mayank.tiwari.work@gmail.com","free","Active",10,15,15,"2026-08-10T09:41:30.173Z","2026-08-10T09:41:30.173Z"
"ind_usr_3336","Rakesh Verma","rakeshv15@gmail.com","free","Active",3,15,15,"2026-08-10T09:30:19.059Z","2026-08-10T09:30:19.059Z"
"ind_usr_2860","Amit Narang","amit_narang91@gmail.com","free","Active",8,15,15,"2026-08-10T09:04:28.441Z","2026-08-10T09:04:28.441Z"
"ind_usr_0570","Divya Mehta","divya_mehta17@gmail.com","free","Active",5,15,15,"2026-08-10T08:55:08.484Z","2026-08-10T08:55:08.484Z"
"ind_usr_0643","Anjali Chawla","anjali_chawla@gmail.com","free","Active",10,15,15,"2026-08-10T08:52:02.970Z","2026-08-10T08:52:02.970Z"
"ind_usr_2373","Ananya Thakur","ananya_thakur@gmail.com","free","Active",11,15,15,"2026-08-10T08:46:15.103Z","2026-08-10T08:46:15.103Z"
"ind_usr_1217","Mohit Verma","mohitverma1995@gmail.com","free","Active",14,15,15,"2026-08-10T08:43:05.174Z","2026-08-10T08:43:05.174Z"
"ind_usr_0917","Aarav Thakur","aaravthakur1998@gmail.com","free","Active",14,15,15,"2026-08-10T08:41:00.561Z","2026-08-10T08:41:00.561Z"
"ind_usr_1840","Suresh Nair","suresh_nair39@gmail.com","free","Active",12,15,15,"2026-08-10T08:27:46.272Z","2026-08-10T08:27:46.272Z"
"ind_usr_3186","Priya Joshi","priyaj41@gmail.com","free","Active",11,15,15,"2026-08-10T08:22:36.253Z","2026-08-10T08:22:36.253Z"
"ind_usr_0354","Payal Kumar","payal.kumar.2002@gmail.com","free","Active",5,15,15,"2026-08-10T08:21:51.810Z","2026-08-10T08:21:51.810Z"
"ind_usr_0828","Kunal Mishra","kunal.mishra.work@gmail.com","free","Active",6,15,15,"2026-08-10T08:18:55.944Z","2026-08-10T08:18:55.944Z"
"ind_usr_2248","Swati Malhotra","swati.malhotra.work@gmail.com","free","Active",12,15,15,"2026-08-10T08:18:40.709Z","2026-08-10T08:18:40.709Z"
"ind_usr_0305","Simran Saxena","ssaxena65@gmail.com","free","Active",13,15,15,"2026-08-10T08:15:59.533Z","2026-08-10T08:15:59.533Z"
"ind_usr_0045","Ananya Mehta","amehta13@gmail.com","free","Active",9,15,15,"2026-08-10T08:13:33.090Z","2026-08-10T08:13:33.090Z"
"ind_usr_1283","Nitin Kumar","nitin_kumar@gmail.com","free","Active",5,15,15,"2026-08-10T08:03:04.418Z","2026-08-10T08:03:04.418Z"
"ind_usr_0031","Karan Bhasin","karan.bhasin@gmail.com","free","Active",8,15,15,"2026-08-10T07:53:07.269Z","2026-08-10T07:53:07.269Z"
"ind_usr_1607","Simran Malhotra","simranmalhotra1997@gmail.com","free","Active",10,15,15,"2026-08-10T07:50:28.005Z","2026-08-10T07:50:28.005Z"
"ind_usr_0494","Sonam Pandey","sonam.pandey.1995@gmail.com","free","Active",5,15,15,"2026-08-10T07:47:12.055Z","2026-08-10T07:47:12.055Z"
"ind_usr_1733","Monika Choudhury","monika_choudhury@gmail.com","free","Active",7,15,15,"2026-08-10T07:36:50.673Z","2026-08-10T07:36:50.673Z"
"ind_usr_1841","Rajesh Dubey","rajesh.dubey@gmail.com","free","Active",11,15,15,"2026-08-10T07:33:57.672Z","2026-08-10T07:33:57.672Z"
"ind_usr_1748","Pooja Tripathi","pooja.tripathi.work@gmail.com","free","Active",13,15,15,"2026-08-10T07:30:53.414Z","2026-08-10T07:30:53.414Z"
"ind_usr_2492","Pooja Thakur","poojathakur13@gmail.com","free","Active",7,15,15,"2026-08-10T07:27:47.705Z","2026-08-10T07:27:47.705Z"
"ind_usr_0694","Mayank Mehta","mayank.mehta.2003@gmail.com","free","Active",6,15,15,"2026-08-10T07:27:38.895Z","2026-08-10T07:27:38.895Z"
"ind_usr_2074","Aakash Rathore","aakash.rathore.2002@gmail.com","free","Active",3,15,15,"2026-08-10T07:14:52.733Z","2026-08-10T07:14:52.733Z"
"ind_usr_2297","Vikram Bhatia","vikrambhatia1993@gmail.com","free","Active",13,15,15,"2026-08-10T07:04:04.399Z","2026-08-10T07:04:04.399Z"
"ind_usr_2023","Manish Chatterjee","manish_chatterjee@gmail.com","free","Active",13,15,15,"2026-08-10T07:03:01.037Z","2026-08-10T07:03:01.037Z"
"ind_usr_0160","Vikram Bhatia","vikram_bhatia75@gmail.com","free","Active",6,15,15,"2026-08-10T06:54:58.875Z","2026-08-10T06:54:58.875Z"
"ind_usr_0768","Rajesh Nair","rajesh.nair.work@gmail.com","free","Active",7,15,15,"2026-08-10T06:50:19.317Z","2026-08-10T06:50:19.317Z"
"ind_usr_2549","Deepika Mishra","iam.deepikamishra@gmail.com","free","Active",6,15,15,"2026-08-10T06:48:33.840Z","2026-08-10T06:48:33.840Z"
"ind_usr_1908","Tarun Singh","tarun.singh.work@gmail.com","free","Active",15,15,15,"2026-08-10T06:47:21.732Z","2026-08-10T06:47:21.732Z"
"ind_usr_1575","Vivek Rao","vrao14@gmail.com","free","Active",14,15,15,"2026-08-10T06:42:05.374Z","2026-08-10T06:42:05.374Z"
"ind_usr_0409","Kunal Shah","iam.kunalshah@gmail.com","free","Active",9,15,15,"2026-08-10T06:31:38.159Z","2026-08-10T06:31:38.159Z"
"ind_usr_0427","Ishita Saxena","ishitasaxena2003@gmail.com","free","Active",10,15,15,"2026-08-10T06:30:56.700Z","2026-08-10T06:30:56.700Z"
"ind_usr_0667","Aarav Narang","aaravnarang1995@gmail.com","free","Active",6,15,15,"2026-08-10T06:28:46.714Z","2026-08-10T06:28:46.714Z"
"ind_usr_1458","Komal Mehta","komal.mehta.work@gmail.com","free","Active",10,15,15,"2026-08-10T06:27:50.529Z","2026-08-10T06:27:50.529Z"
"ind_usr_2127","Pooja Chatterjee","poojachatterjee1993@gmail.com","free","Active",7,15,15,"2026-08-10T06:23:16.000Z","2026-08-10T06:23:16.000Z"
"ind_usr_3398","Kiran Nair","kiran.nair.work@gmail.com","free","Active",11,15,15,"2026-08-10T06:16:18.943Z","2026-08-10T06:16:18.943Z"
"ind_usr_1075","Rashmi Pandey","rpandey41@gmail.com","free","Active",11,15,15,"2026-08-10T06:13:37.412Z","2026-08-10T06:13:37.412Z"
"ind_usr_1914","Aarav Saxena","aarav.saxena.1999@gmail.com","free","Active",3,15,15,"2026-08-10T06:09:17.375Z","2026-08-10T06:09:17.375Z"
"ind_usr_1771","Deepika Thakur","deepika.thakur8421@gmail.com","free","Active",3,15,15,"2026-08-10T06:07:04.251Z","2026-08-10T06:07:04.251Z"
"ind_usr_0829","Rohan Singh","iam.rohansingh@gmail.com","free","Active",4,15,15,"2026-08-10T06:02:11.112Z","2026-08-10T06:02:11.112Z"
"ind_usr_2008","Deepak Tiwari","deepak.tiwari.work@gmail.com","free","Active",4,15,15,"2026-08-10T05:59:50.530Z","2026-08-10T05:59:50.530Z"
"ind_usr_1124","Megha Mishra","megha.mishra.1995@gmail.com","free","Active",6,15,15,"2026-08-10T05:35:51.962Z","2026-08-10T05:35:51.962Z"
"ind_usr_3049","Alok Rathore","iam.alokrathore@gmail.com","free","Active",14,15,15,"2026-08-10T05:30:12.349Z","2026-08-10T05:30:12.349Z"
"ind_usr_3387","Vikram Rao","vikramrao1998@gmail.com","free","Active",15,15,15,"2026-08-10T05:26:05.337Z","2026-08-10T05:26:05.337Z"
"ind_usr_1125","Nisha Patel","npatel32@gmail.com","free","Active",15,15,15,"2026-08-10T05:11:48.906Z","2026-08-10T05:11:48.906Z"
"ind_usr_2858","Manish Mishra","manish.mishra.work@gmail.com","free","Active",10,15,15,"2026-08-10T05:11:00.281Z","2026-08-10T05:11:00.281Z"
"ind_usr_0113","Prashant Narang","prashant_narang@gmail.com","free","Active",3,15,15,"2026-08-10T05:09:30.697Z","2026-08-10T05:09:30.697Z"
"ind_usr_2961","Tanya Shah","tanya.shah@gmail.com","free","Active",11,15,15,"2026-08-10T05:07:31.636Z","2026-08-10T05:07:31.636Z"
"ind_usr_1196","Priya Bhatia","priyab14@gmail.com","free","Active",6,15,15,"2026-08-10T04:56:31.699Z","2026-08-10T04:56:31.699Z"
"ind_usr_0897","Vikram Rathore","vikramrathore1995@gmail.com","free","Active",3,15,15,"2026-08-10T04:49:36.491Z","2026-08-10T04:49:36.491Z"
"ind_usr_1804","Rahul Bajaj","rahul.bajaj.1995@gmail.com","free","Active",15,15,15,"2026-08-10T04:35:15.342Z","2026-08-10T04:35:15.342Z"
"ind_usr_2695","Kavya Chatterjee","kchatterjee82@gmail.com","free","Active",3,15,15,"2026-08-10T04:33:19.898Z","2026-08-10T04:33:19.898Z"
"ind_usr_1939","Varun Shah","varun.shah7582@gmail.com","free","Active",10,15,15,"2026-08-10T04:31:55.782Z","2026-08-10T04:31:55.782Z"
"ind_usr_1142","Manish Ahuja","manishahuja70@gmail.com","free","Active",9,15,15,"2026-08-10T04:31:36.774Z","2026-08-10T04:31:36.774Z"
"ind_usr_0151","Aditya Patel","aditya.patel@gmail.com","free","Active",11,15,15,"2026-08-10T04:29:06.722Z","2026-08-10T04:29:06.722Z"
"ind_usr_0617","Anjali Deshmukh","anjalideshmukh2000@gmail.com","free","Active",9,15,15,"2026-08-10T04:27:16.696Z","2026-08-10T04:27:16.696Z"
"ind_usr_0607","Rohit Tripathi","rohittripathi1993@gmail.com","free","Active",4,15,15,"2026-08-10T04:09:07.799Z","2026-08-10T04:09:07.799Z"
"ind_usr_1139","Alok Nair","iam.aloknair@gmail.com","free","Active",4,15,15,"2026-08-10T04:06:40.745Z","2026-08-10T04:06:40.745Z"
"ind_usr_0026","Deepak Verma","deepakv66@gmail.com","free","Active",10,15,15,"2026-08-10T04:04:56.463Z","2026-08-10T04:04:56.463Z"
"ind_usr_1457","Priya Jain","priyajain1995@gmail.com","free","Active",4,15,15,"2026-08-10T04:02:55.561Z","2026-08-10T04:02:55.561Z"
"ind_usr_1817","Suresh Sinha","sureshsinha2001@gmail.com","free","Active",7,15,15,"2026-08-10T03:52:26.686Z","2026-08-10T03:52:26.686Z"
"ind_usr_1274","Ishita Dubey","ishita.dubey.1995@gmail.com","free","Active",5,15,15,"2026-08-10T03:43:11.846Z","2026-08-10T03:43:11.846Z"
"ind_usr_2438","Neha Sinha","neha.sinha.work@gmail.com","free","Active",8,15,15,"2026-08-10T03:39:28.781Z","2026-08-10T03:39:28.781Z"
"ind_usr_0231","Priya Deshmukh","priya.deshmukh@gmail.com","free","Active",11,15,15,"2026-08-10T03:20:09.426Z","2026-08-10T03:20:09.426Z"
"ind_usr_3246","Amit Deshmukh","amitd12@gmail.com","free","Active",8,15,15,"2026-08-10T03:18:38.351Z","2026-08-10T03:18:38.351Z"
"ind_usr_1394","Kunal Thakur","kunal.thakur.2003@gmail.com","free","Active",13,15,15,"2026-08-10T03:00:38.192Z","2026-08-10T03:00:38.192Z"
"ind_usr_2337","Siddharth Yadav","siddharthyadav1995@gmail.com","free","Active",8,15,15,"2026-08-10T02:49:51.531Z","2026-08-10T02:49:51.531Z"
"ind_usr_2499","Komal Narang","iam.komalnarang@gmail.com","free","Active",5,15,15,"2026-08-10T02:49:28.370Z","2026-08-10T02:49:28.370Z"
"ind_usr_1589","Ishita Goyal","iam.ishitagoyal@gmail.com","free","Active",8,15,15,"2026-08-10T02:43:23.707Z","2026-08-10T02:43:23.707Z"
"ind_usr_3057","Saurabh Patel","saurabhpatel1993@gmail.com","free","Active",10,15,15,"2026-08-10T02:42:21.388Z","2026-08-10T02:42:21.388Z"
"ind_usr_2517","Deepika Verma","deepikaverma2002@gmail.com","free","Active",15,15,15,"2026-08-10T02:40:49.428Z","2026-08-10T02:40:49.428Z"
"ind_usr_2969","Saurabh Bajaj","iam.saurabhbajaj@gmail.com","free","Active",4,15,15,"2026-08-10T02:37:28.762Z","2026-08-10T02:37:28.762Z"
"ind_usr_3220","Pooja Choudhury","pooja_choudhury30@gmail.com","free","Active",15,15,15,"2026-08-10T02:25:28.321Z","2026-08-10T02:25:28.321Z"
"ind_usr_1754","Vandana Patel","vandana.patel.1996@gmail.com","free","Active",10,15,15,"2026-08-10T02:14:54.945Z","2026-08-10T02:14:54.945Z"
"ind_usr_0668","Amit Narang","amit.narang.work@gmail.com","free","Active",5,15,15,"2026-08-10T02:12:24.573Z","2026-08-10T02:12:24.573Z"
"ind_usr_1496","Neha Nair","nehan33@gmail.com","free","Active",7,15,15,"2026-08-10T02:11:51.637Z","2026-08-10T02:11:51.637Z"
"ind_usr_0183","Karan Pandey","karan_pandey@gmail.com","free","Active",4,15,15,"2026-08-10T01:50:24.192Z","2026-08-10T01:50:24.192Z"
"ind_usr_1015","Vikram Banerjee","vbanerjee82@gmail.com","free","Active",4,15,15,"2026-08-10T01:44:02.370Z","2026-08-10T01:44:02.370Z"
"ind_usr_1810","Alok Goyal","alok_goyal32@gmail.com","free","Active",12,15,15,"2026-08-10T01:37:27.881Z","2026-08-10T01:37:27.881Z"
"ind_usr_3031","Jyoti Bajaj","jyoti.bajaj@gmail.com","free","Active",3,15,15,"2026-08-10T01:33:11.430Z","2026-08-10T01:33:11.430Z"
"ind_usr_0798","Tanya Joshi","tanya.joshi.work@gmail.com","free","Active",8,15,15,"2026-08-10T01:25:43.027Z","2026-08-10T01:25:43.027Z"
"ind_usr_1291","Komal Banerjee","komal.banerjee@gmail.com","free","Active",14,15,15,"2026-08-10T01:25:15.653Z","2026-08-10T01:25:15.653Z"
"ind_usr_0732","Manish Rao","manishrao63@gmail.com","free","Active",5,15,15,"2026-08-10T01:19:29.837Z","2026-08-10T01:19:29.837Z"
"ind_usr_2116","Rajesh Rao","rajeshr30@gmail.com","free","Active",13,15,15,"2026-08-10T01:11:46.072Z","2026-08-10T01:11:46.072Z"
"ind_usr_0391","Mohit Saxena","mohit.saxena@gmail.com","free","Active",7,15,15,"2026-08-10T01:03:45.596Z","2026-08-10T01:03:45.596Z"
"ind_usr_2349","Amit Goyal","iam.amitgoyal@gmail.com","free","Active",12,15,15,"2026-08-10T00:51:20.901Z","2026-08-10T00:51:20.901Z"
"ind_usr_1996","Karan Jain","karanj97@gmail.com","free","Active",10,15,15,"2026-08-10T00:47:03.258Z","2026-08-10T00:47:03.258Z"
"ind_usr_0735","Aditya Gupta","agupta24@gmail.com","free","Active",11,15,15,"2026-08-10T00:34:39.938Z","2026-08-10T00:34:39.938Z"
"ind_usr_1813","Mohit Ahuja","mohit_ahuja@gmail.com","free","Active",5,15,15,"2026-08-10T00:14:06.929Z","2026-08-10T00:14:06.929Z"
"ind_usr_2752","Archana Bhasin","archanabhasin22@gmail.com","free","Active",15,15,15,"2026-08-09T23:57:07.330Z","2026-08-09T23:57:07.330Z"
"ind_usr_1310","Aakash Nair","aakash_nair37@gmail.com","free","Active",14,15,15,"2026-08-09T23:53:11.806Z","2026-08-09T23:53:11.806Z"
"ind_usr_0080","Sonia Mehta","sonia_mehta30@gmail.com","free","Active",13,15,15,"2026-08-09T23:41:25.496Z","2026-08-09T23:41:25.496Z"
"ind_usr_2205","Nisha Nair","nnair89@gmail.com","free","Active",12,15,15,"2026-08-09T23:39:24.554Z","2026-08-09T23:39:24.554Z"
"ind_usr_1567","Simran Tripathi","simrantripathi2003@gmail.com","free","Active",10,15,15,"2026-08-09T23:32:30.482Z","2026-08-09T23:32:30.482Z"
"ind_usr_0012","Rakesh Tiwari","rakeshtiwari43@gmail.com","free","Active",10,15,15,"2026-08-09T23:30:05.216Z","2026-08-09T23:30:05.216Z"
"ind_usr_1696","Tanya Malhotra","tanyam90@gmail.com","free","Active",11,15,15,"2026-08-09T23:28:26.914Z","2026-08-09T23:28:26.914Z"
"ind_usr_1170","Aarav Reddy","aarav_reddy70@gmail.com","free","Active",8,15,15,"2026-08-09T23:28:17.111Z","2026-08-09T23:28:17.111Z"
"ind_usr_0357","Ishita Gupta","ishitagupta2003@gmail.com","free","Active",9,15,15,"2026-08-09T23:27:12.430Z","2026-08-09T23:27:12.430Z"
"ind_usr_2634","Rakesh Aggarwal","rakesh.aggarwal.1999@gmail.com","free","Active",11,15,15,"2026-08-09T23:20:20.961Z","2026-08-09T23:20:20.961Z"
"ind_usr_1786","Swati Thakur","swatit63@gmail.com","free","Active",8,15,15,"2026-08-09T23:15:55.679Z","2026-08-09T23:15:55.679Z"
"ind_usr_2631","Rahul Yadav","rahul.yadav@gmail.com","free","Active",9,15,15,"2026-08-09T23:14:22.343Z","2026-08-09T23:14:22.343Z"
"ind_usr_0187","Nikhil Reddy","nikhilreddy1998@gmail.com","free","Active",3,15,15,"2026-08-09T23:14:05.067Z","2026-08-09T23:14:05.067Z"
"ind_usr_3102","Riya Gupta","riyagupta56@gmail.com","free","Active",3,15,15,"2026-08-09T23:09:14.249Z","2026-08-09T23:09:14.249Z"
"ind_usr_1101","Kavya Chatterjee","kavya.chatterjee@gmail.com","free","Active",11,15,15,"2026-08-09T23:05:12.625Z","2026-08-09T23:05:12.625Z"
"ind_usr_0117","Saurabh Narang","saurabhnarang2001@gmail.com","free","Active",15,15,15,"2026-08-09T23:02:42.033Z","2026-08-09T23:02:42.033Z"
"ind_usr_3340","Ishita Thakur","ishita_thakur90@gmail.com","free","Active",8,15,15,"2026-08-09T22:54:39.152Z","2026-08-09T22:54:39.152Z"
"ind_usr_0765","Monika Banerjee","mbanerjee73@gmail.com","free","Active",6,15,15,"2026-08-09T22:51:18.568Z","2026-08-09T22:51:18.568Z"
"ind_usr_0563","Komal Aggarwal","komal_aggarwal@gmail.com","free","Active",15,15,15,"2026-08-09T22:34:56.547Z","2026-08-09T22:34:56.547Z"
"ind_usr_1486","Sneha Malhotra","sneham88@gmail.com","free","Active",8,15,15,"2026-08-09T22:26:20.962Z","2026-08-09T22:26:20.962Z"
"ind_usr_3293","Kunal Patel","kunal_patel@gmail.com","free","Active",5,15,15,"2026-08-09T22:25:15.420Z","2026-08-09T22:25:15.420Z"
"ind_usr_0258","Priya Nair","priya.nair.work@gmail.com","free","Active",11,15,15,"2026-08-09T22:23:02.758Z","2026-08-09T22:23:02.758Z"
"ind_usr_0836","Riya Bhasin","riyab18@gmail.com","free","Active",3,15,15,"2026-08-09T22:23:00.160Z","2026-08-09T22:23:00.160Z"
"ind_usr_0971","Sonia Thakur","sonia.thakur@gmail.com","free","Active",3,15,15,"2026-08-09T22:12:54.268Z","2026-08-09T22:12:54.268Z"
"ind_usr_1853","Sneha Aggarwal","sneha.aggarwal7784@gmail.com","free","Active",3,15,15,"2026-08-09T22:08:10.430Z","2026-08-09T22:08:10.430Z"
"ind_usr_0493","Swati Tiwari","swati.tiwari7170@gmail.com","free","Active",5,15,15,"2026-08-09T21:58:59.600Z","2026-08-09T21:58:59.600Z"
"ind_usr_2653","Archana Dubey","archana_dubey@gmail.com","free","Active",4,15,15,"2026-08-09T21:42:45.467Z","2026-08-09T21:42:45.467Z"
"ind_usr_3136","Karan Tiwari","karant95@gmail.com","free","Active",3,15,15,"2026-08-09T21:36:45.232Z","2026-08-09T21:36:45.232Z"
"ind_usr_2198","Mohit Joshi","mohit.joshi.work@gmail.com","free","Active",11,15,15,"2026-08-09T21:34:45.922Z","2026-08-09T21:34:45.922Z"
"ind_usr_2016","Kritika Jain","kritikaj63@gmail.com","free","Active",14,15,15,"2026-08-09T21:30:35.069Z","2026-08-09T21:30:35.069Z"
"ind_usr_1875","Gaurav Shah","gshah69@gmail.com","free","Active",11,15,15,"2026-08-09T21:26:11.501Z","2026-08-09T21:26:11.501Z"
"ind_usr_1990","Alok Rathore","alok_rathore88@gmail.com","free","Active",12,15,15,"2026-08-09T21:18:34.095Z","2026-08-09T21:18:34.095Z"
"ind_usr_3363","Deepak Yadav","deepak_yadav@gmail.com","free","Active",7,15,15,"2026-08-09T21:17:27.421Z","2026-08-09T21:17:27.421Z"
"ind_usr_1179","Vikram Tripathi","vikram.tripathi4816@gmail.com","free","Active",3,15,15,"2026-08-09T21:15:26.050Z","2026-08-09T21:15:26.050Z"
"ind_usr_1801","Abhishek Gupta","abhishek.gupta@gmail.com","free","Active",5,15,15,"2026-08-09T21:12:30.980Z","2026-08-09T21:12:30.980Z"
"ind_usr_1432","Arjun Jain","arjunjain32@gmail.com","free","Active",8,15,15,"2026-08-09T20:59:59.616Z","2026-08-09T20:59:59.616Z"
"ind_usr_0363","Jyoti Tripathi","jyoti_tripathi@gmail.com","free","Active",7,15,15,"2026-08-09T20:57:06.391Z","2026-08-09T20:57:06.391Z"
"ind_usr_2849","Yash Nair","iam.yashnair@gmail.com","free","Active",14,15,15,"2026-08-09T20:54:17.150Z","2026-08-09T20:54:17.150Z"
"ind_usr_2711","Divya Malhotra","divya.malhotra@gmail.com","free","Active",4,15,15,"2026-08-09T20:53:48.488Z","2026-08-09T20:53:48.488Z"
"ind_usr_2391","Varun Saxena","varun.saxena@gmail.com","free","Active",4,15,15,"2026-08-09T20:48:55.504Z","2026-08-09T20:48:55.504Z"
"ind_usr_3211","Rajesh Gupta","rajesh.gupta6433@gmail.com","free","Active",12,15,15,"2026-08-09T20:46:47.333Z","2026-08-09T20:46:47.333Z"
"ind_usr_1883","Ishita Chawla","ishita_chawla@gmail.com","free","Active",13,15,15,"2026-08-09T20:29:11.270Z","2026-08-09T20:29:11.270Z"
"ind_usr_3270","Archana Bajaj","archana_bajaj80@gmail.com","free","Active",14,15,15,"2026-08-09T20:25:38.348Z","2026-08-09T20:25:38.348Z"
"ind_usr_0957","Rahul Dutta","rahuldutta1995@gmail.com","free","Active",4,15,15,"2026-08-09T20:23:10.591Z","2026-08-09T20:23:10.591Z"
"ind_usr_0984","Siddharth Mehta","siddharth.mehta.1995@gmail.com","free","Active",15,15,15,"2026-08-09T20:22:48.150Z","2026-08-09T20:22:48.150Z"
"ind_usr_0852","Rajesh Singh","rajeshsingh24@gmail.com","free","Active",12,15,15,"2026-08-09T19:56:17.211Z","2026-08-09T19:56:17.211Z"
"ind_usr_1376","Anjali Joshi","anjalij49@gmail.com","free","Active",8,15,15,"2026-08-09T19:37:28.369Z","2026-08-09T19:37:28.369Z"
"ind_usr_2895","Aarav Verma","averma61@gmail.com","free","Active",8,15,15,"2026-08-09T19:36:51.329Z","2026-08-09T19:36:51.329Z"
"ind_usr_0640","Tanya Mishra","tanya_mishra82@gmail.com","free","Active",3,15,15,"2026-08-09T19:32:11.839Z","2026-08-09T19:32:11.839Z"
"ind_usr_0655","Prashant Sharma","psharma64@gmail.com","free","Active",7,15,15,"2026-08-09T19:31:48.513Z","2026-08-09T19:31:48.513Z"
"ind_usr_0734","Aditya Chauhan","aditya.chauhan.2002@gmail.com","free","Active",8,15,15,"2026-08-09T19:21:00.669Z","2026-08-09T19:21:00.669Z"
"ind_usr_0905","Sonam Banerjee","sbanerjee13@gmail.com","free","Active",9,15,15,"2026-08-09T19:14:23.948Z","2026-08-09T19:14:23.948Z"
"ind_usr_2068","Sunil Narang","sunil.narang.work@gmail.com","free","Active",13,15,15,"2026-08-09T19:09:55.017Z","2026-08-09T19:09:55.017Z"
"ind_usr_0553","Rohit Chawla","rohit_chawla@gmail.com","free","Active",7,15,15,"2026-08-09T19:02:30.817Z","2026-08-09T19:02:30.817Z"
"ind_usr_0096","Amit Dubey","amitd45@gmail.com","free","Active",12,15,15,"2026-08-09T19:01:35.050Z","2026-08-09T19:01:35.050Z"
"ind_usr_0099","Swati Saxena","iam.swatisaxena@gmail.com","free","Active",3,15,15,"2026-08-09T19:00:50.512Z","2026-08-09T19:00:50.512Z"
"ind_usr_3230","Rohit Aggarwal","rohit_aggarwal16@gmail.com","free","Active",3,15,15,"2026-08-09T18:47:11.321Z","2026-08-09T18:47:11.321Z"
"ind_usr_2044","Sonia Gupta","sonia.gupta.2000@gmail.com","free","Active",6,15,15,"2026-08-09T18:45:32.717Z","2026-08-09T18:45:32.717Z"
"ind_usr_0980","Rohit Chatterjee","rohit_chatterjee66@gmail.com","free","Active",9,15,15,"2026-08-09T18:20:57.542Z","2026-08-09T18:20:57.542Z"
"ind_usr_1816","Sonia Chatterjee","soniac42@gmail.com","free","Active",12,15,15,"2026-08-09T18:16:33.803Z","2026-08-09T18:16:33.803Z"
"ind_usr_2750","Ishita Dutta","ishita_dutta44@gmail.com","free","Active",9,15,15,"2026-08-09T18:13:32.867Z","2026-08-09T18:13:32.867Z"
"ind_usr_0438","Sonam Pandey","sonam.pandey.work@gmail.com","free","Active",6,15,15,"2026-08-09T18:11:43.026Z","2026-08-09T18:11:43.026Z"
"ind_usr_0755","Megha Saxena","msaxena53@gmail.com","free","Active",15,15,15,"2026-08-09T18:10:36.147Z","2026-08-09T18:10:36.147Z"
"ind_usr_0350","Tanya Tiwari","tanya_tiwari91@gmail.com","free","Active",12,15,15,"2026-08-09T18:00:34.602Z","2026-08-09T18:00:34.602Z"
"ind_usr_3176","Suresh Malhotra","sureshm43@gmail.com","free","Active",14,15,15,"2026-08-09T18:00:18.362Z","2026-08-09T18:00:18.362Z"
"ind_usr_0870","Priya Dutta","priya_dutta13@gmail.com","free","Active",4,15,15,"2026-08-09T17:54:49.157Z","2026-08-09T17:54:49.157Z"
"ind_usr_0519","Deepika Narang","iam.deepikanarang@gmail.com","free","Active",14,15,15,"2026-08-09T17:43:55.513Z","2026-08-09T17:43:55.513Z"
"ind_usr_2836","Swati Rathore","swatir41@gmail.com","free","Active",14,15,15,"2026-08-09T17:41:51.416Z","2026-08-09T17:41:51.416Z"
"ind_usr_0654","Deepika Jain","deepika.jain.2003@gmail.com","free","Active",7,15,15,"2026-08-09T17:26:39.012Z","2026-08-09T17:26:39.012Z"
"ind_usr_1033","Nisha Kumar","nisha_kumar@gmail.com","free","Active",6,15,15,"2026-08-09T17:18:33.721Z","2026-08-09T17:18:33.721Z"
"ind_usr_1555","Riya Rao","rrao93@gmail.com","free","Active",10,15,15,"2026-08-09T17:08:21.530Z","2026-08-09T17:08:21.530Z"
"ind_usr_1739","Aakash Pandey","iam.aakashpandey@gmail.com","free","Active",6,15,15,"2026-08-09T17:05:28.553Z","2026-08-09T17:05:28.553Z"
"ind_usr_2583","Rajesh Tiwari","rajesh.tiwari1209@gmail.com","free","Active",12,15,15,"2026-08-09T16:59:55.605Z","2026-08-09T16:59:55.605Z"
"ind_usr_2369","Amit Pandey","iam.amitpandey@gmail.com","free","Active",10,15,15,"2026-08-09T16:50:13.143Z","2026-08-09T16:50:13.143Z"
"ind_usr_3065","Saurabh Gupta","sgupta51@gmail.com","free","Active",11,15,15,"2026-08-09T16:49:21.004Z","2026-08-09T16:49:21.004Z"
"ind_usr_3146","Gaurav Sharma","gauravs75@gmail.com","free","Active",7,15,15,"2026-08-09T16:43:26.544Z","2026-08-09T16:43:26.544Z"
"ind_usr_2525","Arjun Mehta","amehta33@gmail.com","free","Active",3,15,15,"2026-08-09T16:32:13.255Z","2026-08-09T16:32:13.255Z"
"ind_usr_2641","Sonia Aggarwal","sonia.aggarwal@gmail.com","free","Active",8,15,15,"2026-08-09T16:28:11.487Z","2026-08-09T16:28:11.487Z"
"ind_usr_2722","Pooja Chawla","poojachawla72@gmail.com","free","Active",13,15,15,"2026-08-09T16:28:02.468Z","2026-08-09T16:28:02.468Z"
"ind_usr_2073","Bhavna Gupta","bhavna_gupta@gmail.com","free","Active",3,15,15,"2026-08-09T16:25:31.055Z","2026-08-09T16:25:31.055Z"
"ind_usr_0336","Saurabh Verma","saurabhv21@gmail.com","free","Active",7,15,15,"2026-08-09T16:21:56.864Z","2026-08-09T16:21:56.864Z"
"ind_usr_0059","Ishita Dhar","iam.ishitadhar@gmail.com","free","Active",8,15,15,"2026-08-09T16:20:05.349Z","2026-08-09T16:20:05.349Z"
"ind_usr_1663","Kavya Gupta","kavya_gupta@gmail.com","free","Active",15,15,15,"2026-08-09T16:18:02.492Z","2026-08-09T16:18:02.492Z"
"ind_usr_0244","Nisha Jain","nisha.jain.2002@gmail.com","free","Active",15,15,15,"2026-08-09T16:09:31.766Z","2026-08-09T16:09:31.766Z"
"ind_usr_2562","Tarun Dutta","tarundutta38@gmail.com","free","Active",4,15,15,"2026-08-09T15:59:46.089Z","2026-08-09T15:59:46.089Z"
"ind_usr_2798","Siddharth Tiwari","siddharth.tiwari.work@gmail.com","free","Active",14,15,15,"2026-08-09T15:58:27.462Z","2026-08-09T15:58:27.462Z"
"ind_usr_1820","Arjun Chawla","arjun_chawla33@gmail.com","free","Active",9,15,15,"2026-08-09T15:58:17.635Z","2026-08-09T15:58:17.635Z"
"ind_usr_2870","Arjun Jain","arjun_jain46@gmail.com","free","Active",5,15,15,"2026-08-09T15:57:15.657Z","2026-08-09T15:57:15.657Z"
"ind_usr_0823","Aakash Reddy","aakash_reddy@gmail.com","free","Active",7,15,15,"2026-08-09T15:53:38.105Z","2026-08-09T15:53:38.105Z"
"ind_usr_1070","Prashant Patel","prashant_patel74@gmail.com","free","Active",14,15,15,"2026-08-09T15:44:20.016Z","2026-08-09T15:44:20.016Z"
"ind_usr_0946","Sunil Gupta","sunilg57@gmail.com","free","Active",12,15,15,"2026-08-09T15:43:05.878Z","2026-08-09T15:43:05.878Z"
"ind_usr_3046","Payal Bajaj","payalb82@gmail.com","free","Active",8,15,15,"2026-08-09T15:43:02.086Z","2026-08-09T15:43:02.086Z"
"ind_usr_1705","Shreya Sharma","ssharma72@gmail.com","free","Active",13,15,15,"2026-08-09T15:32:00.301Z","2026-08-09T15:32:00.301Z"
"ind_usr_1506","Varun Rathore","varunr45@gmail.com","free","Active",13,15,15,"2026-08-09T15:27:42.711Z","2026-08-09T15:27:42.711Z"
"ind_usr_2676","Megha Mishra","megham70@gmail.com","free","Active",10,15,15,"2026-08-09T15:26:00.591Z","2026-08-09T15:26:00.591Z"
"ind_usr_2696","Suresh Malhotra","sureshm38@gmail.com","free","Active",9,15,15,"2026-08-09T15:21:28.389Z","2026-08-09T15:21:28.389Z"
"ind_usr_0716","Rajesh Bajaj","rajeshb72@gmail.com","free","Active",4,15,15,"2026-08-09T15:05:35.835Z","2026-08-09T15:05:35.835Z"
"ind_usr_0822","Swati Shah","swatishah58@gmail.com","free","Active",13,15,15,"2026-08-09T15:04:54.901Z","2026-08-09T15:04:54.901Z"
"ind_usr_1115","Manish Shah","mshah92@gmail.com","free","Active",7,15,15,"2026-08-09T15:04:05.170Z","2026-08-09T15:04:05.170Z"
"ind_usr_1140","Payal Deshmukh","payal_deshmukh78@gmail.com","free","Active",6,15,15,"2026-08-09T15:02:55.708Z","2026-08-09T15:02:55.708Z"
"ind_usr_1814","Deepak Narang","deepak.narang.2003@gmail.com","free","Active",5,15,15,"2026-08-09T14:57:43.006Z","2026-08-09T14:57:43.006Z"
"ind_usr_0146","Nitin Patel","nitinp33@gmail.com","free","Active",3,15,15,"2026-08-09T14:51:00.836Z","2026-08-09T14:51:00.836Z"
"ind_usr_2158","Prashant Malhotra","prashant.malhotra.work@gmail.com","free","Active",10,15,15,"2026-08-09T14:48:40.141Z","2026-08-09T14:48:40.141Z"
"ind_usr_1986","Sonam Deshmukh","sonamd32@gmail.com","free","Active",12,15,15,"2026-08-09T14:44:25.466Z","2026-08-09T14:44:25.466Z"
"ind_usr_0490","Rashmi Thakur","rashmi_thakur43@gmail.com","free","Active",13,15,15,"2026-08-09T14:40:24.408Z","2026-08-09T14:40:24.408Z"
"ind_usr_0981","Manish Bajaj","manish.bajaj@gmail.com","free","Active",12,15,15,"2026-08-09T14:27:55.497Z","2026-08-09T14:27:55.497Z"
"ind_usr_0358","Megha Saxena","megha.saxena.work@gmail.com","free","Active",8,15,15,"2026-08-09T14:27:51.598Z","2026-08-09T14:27:51.598Z"
"ind_usr_1164","Varun Singh","varun.singh.1995@gmail.com","free","Active",9,15,15,"2026-08-09T14:15:52.670Z","2026-08-09T14:15:52.670Z"
"ind_usr_0587","Saurabh Mehta","saurabhmehta1995@gmail.com","free","Active",4,15,15,"2026-08-09T14:14:15.502Z","2026-08-09T14:14:15.502Z"
"ind_usr_1946","Ananya Ahuja","ananyaa73@gmail.com","free","Active",9,15,15,"2026-08-09T14:08:45.748Z","2026-08-09T14:08:45.748Z"
"ind_usr_1612","Manish Narang","manishnarang21@gmail.com","free","Active",10,15,15,"2026-08-09T14:07:16.788Z","2026-08-09T14:07:16.788Z"
"ind_usr_1738","Sonia Verma","sonia.verma.work@gmail.com","free","Active",10,15,15,"2026-08-09T14:02:49.203Z","2026-08-09T14:02:49.203Z"
"ind_usr_3238","Shreya Bhatia","shreya.bhatia.work@gmail.com","free","Active",6,15,15,"2026-08-09T13:35:33.716Z","2026-08-09T13:35:33.716Z"
"ind_usr_1661","Anjali Yadav","anjali.yadav@gmail.com","free","Active",6,15,15,"2026-08-09T13:23:13.121Z","2026-08-09T13:23:13.121Z"
"ind_usr_1972","Vikram Dhar","vikramdhar98@gmail.com","free","Active",12,15,15,"2026-08-09T13:17:19.208Z","2026-08-09T13:17:19.208Z"
"ind_usr_2483","Prashant Bajaj","prashant_bajaj@gmail.com","free","Active",7,15,15,"2026-08-09T13:13:55.685Z","2026-08-09T13:13:55.685Z"
"ind_usr_2608","Monika Aggarwal","monika.aggarwal.work@gmail.com","free","Active",13,15,15,"2026-08-09T13:10:12.310Z","2026-08-09T13:10:12.310Z"
"ind_usr_0764","Rohit Mehta","rohit.mehta.2002@gmail.com","free","Active",4,15,15,"2026-08-09T13:02:31.964Z","2026-08-09T13:02:31.964Z"
"ind_usr_1659","Simran Tiwari","iam.simrantiwari@gmail.com","free","Active",5,15,15,"2026-08-09T13:01:51.797Z","2026-08-09T13:01:51.797Z"
"ind_usr_3308","Riya Bajaj","riya.bajaj.work@gmail.com","free","Active",3,15,15,"2026-08-09T12:58:45.530Z","2026-08-09T12:58:45.530Z"
"ind_usr_2656","Mohit Bhasin","mohitb58@gmail.com","free","Active",12,15,15,"2026-08-09T12:51:48.248Z","2026-08-09T12:51:48.248Z"
"ind_usr_0240","Rohit Sinha","rohit_sinha29@gmail.com","free","Active",7,15,15,"2026-08-09T12:47:53.025Z","2026-08-09T12:47:53.025Z"
"ind_usr_3223","Nikhil Thakur","nikhil_thakur@gmail.com","free","Active",10,15,15,"2026-08-09T12:41:40.809Z","2026-08-09T12:41:40.809Z"
"ind_usr_1949","Siddharth Pandey","siddharth.pandey4796@gmail.com","free","Active",7,15,15,"2026-08-09T12:41:35.803Z","2026-08-09T12:41:35.803Z"
"ind_usr_1917","Archana Dutta","archanadutta1993@gmail.com","free","Active",14,15,15,"2026-08-09T12:36:31.207Z","2026-08-09T12:36:31.207Z"
"ind_usr_3182","Sonam Yadav","sonamyadav43@gmail.com","free","Active",14,15,15,"2026-08-09T12:27:03.034Z","2026-08-09T12:27:03.034Z"
"ind_usr_0958","Simran Dubey","simran.dubey.work@gmail.com","free","Active",7,15,15,"2026-08-09T12:23:45.909Z","2026-08-09T12:23:45.909Z"
"ind_usr_2627","Rashmi Sinha","rashmisinha1998@gmail.com","free","Active",5,15,15,"2026-08-09T12:16:49.558Z","2026-08-09T12:16:49.558Z"
"ind_usr_1201","Riya Yadav","riya.yadav@gmail.com","free","Active",12,15,15,"2026-08-09T12:13:12.667Z","2026-08-09T12:13:12.667Z"
"ind_usr_1599","Mayank Bajaj","iam.mayankbajaj@gmail.com","free","Active",9,15,15,"2026-08-09T12:12:28.152Z","2026-08-09T12:12:28.152Z"
"ind_usr_2295","Yash Shah","yshah67@gmail.com","free","Active",7,15,15,"2026-08-09T11:52:24.206Z","2026-08-09T11:52:24.206Z"
"ind_usr_0996","Archana Pandey","archanap68@gmail.com","free","Active",12,15,15,"2026-08-09T11:44:17.561Z","2026-08-09T11:44:17.561Z"
"ind_usr_2740","Swati Narang","swati_narang68@gmail.com","free","Active",6,15,15,"2026-08-09T11:36:58.019Z","2026-08-09T11:36:58.019Z"
"ind_usr_2054","Jyoti Singh","jyoti.singh.1999@gmail.com","free","Active",4,15,15,"2026-08-09T11:15:55.627Z","2026-08-09T11:15:55.627Z"
"ind_usr_2040","Aarav Bhatia","aarav_bhatia88@gmail.com","free","Active",15,15,15,"2026-08-09T10:52:48.993Z","2026-08-09T10:52:48.993Z"
"ind_usr_1741","Divya Rao","divya.rao@gmail.com","free","Active",3,15,15,"2026-08-09T10:51:02.284Z","2026-08-09T10:51:02.284Z"
"ind_usr_0347","Sunil Chawla","sunilchawla2000@gmail.com","free","Active",13,15,15,"2026-08-09T10:41:41.639Z","2026-08-09T10:41:41.639Z"
"ind_usr_1718","Rajesh Rao","rajesh.rao.work@gmail.com","free","Active",9,15,15,"2026-08-09T10:33:39.924Z","2026-08-09T10:33:39.924Z"
"ind_usr_0535","Sunil Tripathi","stripathi51@gmail.com","free","Active",3,15,15,"2026-08-09T10:33:05.198Z","2026-08-09T10:33:05.198Z"
"ind_usr_2814","Komal Singh","komal.singh.2003@gmail.com","free","Active",3,15,15,"2026-08-09T10:30:56.141Z","2026-08-09T10:30:56.141Z"
"ind_usr_0758","Shreya Deshmukh","shreya.deshmukh.work@gmail.com","free","Active",13,15,15,"2026-08-09T10:16:10.142Z","2026-08-09T10:16:10.142Z"
"ind_usr_0920","Saurabh Bhatia","saurabh_bhatia88@gmail.com","free","Active",13,15,15,"2026-08-09T10:14:39.999Z","2026-08-09T10:14:39.999Z"
"ind_usr_2561","Tanya Sharma","tanya.sharma@gmail.com","free","Active",5,15,15,"2026-08-09T10:10:39.826Z","2026-08-09T10:10:39.826Z"
"ind_usr_1678","Vikram Banerjee","vikram.banerjee.work@gmail.com","free","Active",13,15,15,"2026-08-09T10:01:06.288Z","2026-08-09T10:01:06.288Z"
"ind_usr_2143","Ananya Sinha","ananya_sinha@gmail.com","free","Active",6,15,15,"2026-08-09T09:57:39.831Z","2026-08-09T09:57:39.831Z"
"ind_usr_2759","Rakesh Malhotra","iam.rakeshmalhotra@gmail.com","free","Active",7,15,15,"2026-08-09T09:53:00.033Z","2026-08-09T09:53:00.033Z"
"ind_usr_0177","Yash Aggarwal","yashaggarwal2003@gmail.com","free","Active",12,15,15,"2026-08-09T09:47:32.893Z","2026-08-09T09:47:32.893Z"
"ind_usr_2878","Siddharth Bajaj","siddharth.bajaj.work@gmail.com","free","Active",3,15,15,"2026-08-09T09:47:24.768Z","2026-08-09T09:47:24.768Z"
"ind_usr_1172","Gaurav Sharma","gauravsharma97@gmail.com","free","Active",13,15,15,"2026-08-09T09:41:38.189Z","2026-08-09T09:41:38.189Z"
"ind_usr_0780","Kunal Nair","kunal_nair13@gmail.com","free","Active",8,15,15,"2026-08-09T09:33:57.770Z","2026-08-09T09:33:57.770Z"
"ind_usr_2363","Swati Kapoor","swati_kapoor@gmail.com","free","Active",12,15,15,"2026-08-09T09:31:45.636Z","2026-08-09T09:31:45.636Z"
"ind_usr_1391","Vandana Singh","vandana.singh@gmail.com","free","Active",12,15,15,"2026-08-09T09:29:53.450Z","2026-08-09T09:29:53.450Z"
"ind_usr_1768","Kavya Tiwari","kavya.tiwari.work@gmail.com","free","Active",12,15,15,"2026-08-09T09:06:39.670Z","2026-08-09T09:06:39.670Z"
"ind_usr_1277","Manish Pandey","manishpandey2000@gmail.com","free","Active",4,15,15,"2026-08-09T08:59:37.386Z","2026-08-09T08:59:37.386Z"
"ind_usr_2523","Nikhil Rao","nikhil_rao@gmail.com","free","Active",3,15,15,"2026-08-09T08:55:12.137Z","2026-08-09T08:55:12.137Z"
"ind_usr_1956","Kavya Banerjee","kavyab34@gmail.com","free","Active",7,15,15,"2026-08-09T08:54:43.460Z","2026-08-09T08:54:43.460Z"
"ind_usr_2646","Gaurav Tiwari","gauravt63@gmail.com","free","Active",4,15,15,"2026-08-09T08:35:49.572Z","2026-08-09T08:35:49.572Z"
"ind_usr_2220","Kiran Reddy","kiran_reddy25@gmail.com","free","Active",8,15,15,"2026-08-09T08:31:15.287Z","2026-08-09T08:31:15.287Z"
"ind_usr_3239","Nisha Sinha","iam.nishasinha@gmail.com","free","Active",12,15,15,"2026-08-09T08:12:51.968Z","2026-08-09T08:12:51.968Z"
"ind_usr_3304","Suresh Ahuja","suresh.ahuja.1996@gmail.com","free","Active",10,15,15,"2026-08-09T08:08:35.760Z","2026-08-09T08:08:35.760Z"
"ind_usr_3397","Ishita Mehta","ishitamehta2003@gmail.com","free","Active",3,15,15,"2026-08-09T08:00:07.230Z","2026-08-09T08:00:07.230Z"
"ind_usr_2612","Tanya Reddy","tanyareddy91@gmail.com","free","Active",12,15,15,"2026-08-09T07:56:33.450Z","2026-08-09T07:56:33.450Z"
"ind_usr_1338","Nisha Jain","nisha.jain.work@gmail.com","free","Active",6,15,15,"2026-08-09T07:56:07.979Z","2026-08-09T07:56:07.979Z"
"ind_usr_0666","Megha Dhar","meghad75@gmail.com","free","Active",13,15,15,"2026-08-09T07:55:12.571Z","2026-08-09T07:55:12.571Z"
"ind_usr_0871","Manish Sinha","manish.sinha@gmail.com","free","Active",3,15,15,"2026-08-09T07:50:51.931Z","2026-08-09T07:50:51.931Z"
"ind_usr_3166","Divya Tripathi","divyat60@gmail.com","free","Active",5,15,15,"2026-08-09T07:49:39.750Z","2026-08-09T07:49:39.750Z"
"ind_usr_2559","Arjun Ahuja","iam.arjunahuja@gmail.com","free","Active",7,15,15,"2026-08-09T07:48:45.484Z","2026-08-09T07:48:45.484Z"
"ind_usr_0952","Tanya Thakur","tanyathakur77@gmail.com","free","Active",13,15,15,"2026-08-09T07:46:55.309Z","2026-08-09T07:46:55.309Z"
"ind_usr_1536","Vandana Goyal","vandanag75@gmail.com","free","Active",6,15,15,"2026-08-09T07:38:31.590Z","2026-08-09T07:38:31.590Z"
"ind_usr_0129","Kavya Bhatia","iam.kavyabhatia@gmail.com","free","Active",5,15,15,"2026-08-09T07:36:40.463Z","2026-08-09T07:36:40.463Z"
"ind_usr_2284","Simran Sharma","simran.sharma.1995@gmail.com","free","Active",7,15,15,"2026-08-09T07:25:47.595Z","2026-08-09T07:25:47.595Z"
"ind_usr_1901","Payal Patel","payal.patel@gmail.com","free","Active",8,15,15,"2026-08-09T07:24:42.637Z","2026-08-09T07:24:42.637Z"
"ind_usr_1920","Kunal Dubey","kunal_dubey75@gmail.com","free","Active",5,15,15,"2026-08-09T07:17:10.562Z","2026-08-09T07:17:10.562Z"
"ind_usr_1866","Yash Tiwari","yasht16@gmail.com","free","Active",6,15,15,"2026-08-09T07:16:15.772Z","2026-08-09T07:16:15.772Z"
"ind_usr_1745","Yash Bhatia","ybhatia85@gmail.com","free","Active",13,15,15,"2026-08-09T07:07:01.722Z","2026-08-09T07:07:01.722Z"
"ind_usr_2112","Deepak Bhasin","deepakbhasin46@gmail.com","free","Active",3,15,15,"2026-08-09T06:42:55.418Z","2026-08-09T06:42:55.418Z"
"ind_usr_0882","Ananya Malhotra","ananyamalhotra36@gmail.com","free","Active",9,15,15,"2026-08-09T06:39:40.431Z","2026-08-09T06:39:40.431Z"
"ind_usr_1596","Manish Banerjee","manishb49@gmail.com","free","Active",15,15,15,"2026-08-09T06:35:44.619Z","2026-08-09T06:35:44.619Z"
"ind_usr_1673","Kiran Tripathi","kiran_tripathi@gmail.com","free","Active",4,15,15,"2026-08-09T06:33:40.288Z","2026-08-09T06:33:40.288Z"
"ind_usr_2398","Rajesh Choudhury","rajesh.choudhury4831@gmail.com","free","Active",15,15,15,"2026-08-09T06:32:16.126Z","2026-08-09T06:32:16.126Z"
"ind_usr_3233","Monika Banerjee","monika_banerjee@gmail.com","free","Active",13,15,15,"2026-08-09T06:28:59.733Z","2026-08-09T06:28:59.733Z"
"ind_usr_1900","Rohit Thakur","rohit_thakur76@gmail.com","free","Active",7,15,15,"2026-08-09T06:14:52.023Z","2026-08-09T06:14:52.023Z"
"ind_usr_1802","Vandana Goyal","vandanagoyal57@gmail.com","free","Active",11,15,15,"2026-08-09T06:14:37.676Z","2026-08-09T06:14:37.676Z"
"ind_usr_1106","Deepak Deshmukh","deepakd22@gmail.com","free","Active",12,15,15,"2026-08-09T06:11:47.626Z","2026-08-09T06:11:47.626Z"
"ind_usr_3260","Rashmi Chauhan","rashmi_chauhan76@gmail.com","free","Active",14,15,15,"2026-08-09T06:09:21.923Z","2026-08-09T06:09:21.923Z"
"ind_usr_3317","Simran Patel","simranpatel1993@gmail.com","free","Active",4,15,15,"2026-08-09T06:08:02.200Z","2026-08-09T06:08:02.200Z"
"ind_usr_2707","Swati Tripathi","swatitripathi1995@gmail.com","free","Active",15,15,15,"2026-08-09T06:05:33.688Z","2026-08-09T06:05:33.688Z"
"ind_usr_0309","Aakash Bajaj","iam.aakashbajaj@gmail.com","free","Active",15,15,15,"2026-08-09T06:03:13.863Z","2026-08-09T06:03:13.863Z"
"ind_usr_0747","Vivek Shah","vivekshah1997@gmail.com","free","Active",14,15,15,"2026-08-09T06:03:08.698Z","2026-08-09T06:03:08.698Z"
"ind_usr_2027","Bhavna Banerjee","bhavnabanerjee1993@gmail.com","free","Active",11,15,15,"2026-08-09T06:02:41.820Z","2026-08-09T06:02:41.820Z"
"ind_usr_2278","Sunil Kapoor","sunil.kapoor.work@gmail.com","free","Active",11,15,15,"2026-08-09T05:47:44.446Z","2026-08-09T05:47:44.446Z"
"ind_usr_2915","Abhishek Pandey","apandey63@gmail.com","free","Active",5,15,15,"2026-08-09T05:39:51.208Z","2026-08-09T05:39:51.208Z"
"ind_usr_1884","Riya Narang","riya.narang.1996@gmail.com","free","Active",10,15,15,"2026-08-09T05:37:05.605Z","2026-08-09T05:37:05.605Z"
"ind_usr_3021","Rakesh Singh","rakesh.singh@gmail.com","free","Active",9,15,15,"2026-08-09T05:33:10.905Z","2026-08-09T05:33:10.905Z"
"ind_usr_2446","Manish Jain","manishj24@gmail.com","free","Active",9,15,15,"2026-08-09T05:29:38.942Z","2026-08-09T05:29:38.942Z"
"ind_usr_2249","Karan Dutta","iam.karandutta@gmail.com","free","Active",3,15,15,"2026-08-09T05:11:40.721Z","2026-08-09T05:11:40.721Z"
"ind_usr_1918","Varun Bhasin","varun.bhasin.work@gmail.com","free","Active",6,15,15,"2026-08-09T05:06:42.098Z","2026-08-09T05:06:42.098Z"
"ind_usr_2384","Nitin Thakur","nitin.thakur.1996@gmail.com","free","Active",6,15,15,"2026-08-09T04:48:36.949Z","2026-08-09T04:48:36.949Z"
"ind_usr_3191","Prashant Malhotra","prashant.malhotra@gmail.com","free","Active",3,15,15,"2026-08-09T04:34:52.608Z","2026-08-09T04:34:52.608Z"
"ind_usr_1451","Manish Jain","manish.jain@gmail.com","free","Active",3,15,15,"2026-08-09T04:23:44.753Z","2026-08-09T04:23:44.753Z"
"ind_usr_2899","Kavya Malhotra","iam.kavyamalhotra@gmail.com","free","Active",14,15,15,"2026-08-09T04:15:24.960Z","2026-08-09T04:15:24.960Z"
"ind_usr_0324","Neha Saxena","neha.saxena.1998@gmail.com","free","Active",5,15,15,"2026-08-09T04:10:10.293Z","2026-08-09T04:10:10.293Z"
"ind_usr_1182","Gaurav Shah","gauravshah92@gmail.com","free","Active",15,15,15,"2026-08-09T04:09:23.186Z","2026-08-09T04:09:23.186Z"
"ind_usr_2703","Sonam Mehta","sonam_mehta@gmail.com","free","Active",7,15,15,"2026-08-09T04:05:57.641Z","2026-08-09T04:05:57.641Z"
"ind_usr_1239","Rajesh Chatterjee","iam.rajeshchatterjee@gmail.com","free","Active",3,15,15,"2026-08-09T03:59:23.095Z","2026-08-09T03:59:23.095Z"
"ind_usr_2432","Deepak Jain","deepakjain53@gmail.com","free","Active",12,15,15,"2026-08-09T03:52:07.225Z","2026-08-09T03:52:07.225Z"
"ind_usr_0075","Riya Bhasin","rbhasin97@gmail.com","free","Active",6,15,15,"2026-08-09T03:49:53.663Z","2026-08-09T03:49:53.663Z"
"ind_usr_0686","Neha Reddy","nehar83@gmail.com","free","Active",15,15,15,"2026-08-09T03:41:49.052Z","2026-08-09T03:41:49.052Z"
"ind_usr_1235","Kritika Chatterjee","kchatterjee25@gmail.com","free","Active",15,15,15,"2026-08-09T03:36:05.649Z","2026-08-09T03:36:05.649Z"
"ind_usr_2877","Abhishek Tiwari","abhishektiwari2003@gmail.com","free","Active",7,15,15,"2026-08-09T03:29:34.218Z","2026-08-09T03:29:34.218Z"
"ind_usr_0857","Megha Mishra","meghamishra1993@gmail.com","free","Active",6,15,15,"2026-08-09T03:25:29.061Z","2026-08-09T03:25:29.061Z"
"ind_usr_0182","Varun Gupta","varungupta38@gmail.com","free","Active",3,15,15,"2026-08-09T03:22:25.837Z","2026-08-09T03:22:25.837Z"
"ind_usr_1383","Kunal Bhasin","kunal_bhasin@gmail.com","free","Active",7,15,15,"2026-08-09T03:22:16.419Z","2026-08-09T03:22:16.419Z"
"ind_usr_0641","Payal Kumar","payal.kumar@gmail.com","free","Active",6,15,15,"2026-08-09T03:22:12.795Z","2026-08-09T03:22:12.795Z"
"ind_usr_0875","Sonam Bajaj","sbajaj23@gmail.com","free","Active",10,15,15,"2026-08-09T03:14:49.094Z","2026-08-09T03:14:49.094Z"
"ind_usr_2572","Aarav Mehta","aaravmehta15@gmail.com","free","Active",14,15,15,"2026-08-09T03:11:49.913Z","2026-08-09T03:11:49.913Z"
"ind_usr_3261","Amit Aggarwal","amit.aggarwal@gmail.com","free","Active",4,15,15,"2026-08-09T03:09:25.681Z","2026-08-09T03:09:25.681Z"
"ind_usr_1430","Riya Shah","riya_shah68@gmail.com","free","Active",10,15,15,"2026-08-09T03:08:21.430Z","2026-08-09T03:08:21.430Z"
"ind_usr_2167","Kiran Bhatia","kiranbhatia2001@gmail.com","free","Active",7,15,15,"2026-08-09T03:07:52.714Z","2026-08-09T03:07:52.714Z"
"ind_usr_1386","Tarun Rao","tarunr59@gmail.com","free","Active",4,15,15,"2026-08-09T03:04:30.118Z","2026-08-09T03:04:30.118Z"
"ind_usr_0060","Neha Kapoor","neha_kapoor75@gmail.com","free","Active",9,15,15,"2026-08-09T03:03:57.240Z","2026-08-09T03:03:57.240Z"
"ind_usr_2101","Mayank Nair","mayank.nair@gmail.com","free","Active",5,15,15,"2026-08-09T02:58:01.633Z","2026-08-09T02:58:01.633Z"
"ind_usr_1255","Anjali Choudhury","achoudhury64@gmail.com","free","Active",9,15,15,"2026-08-09T02:57:24.650Z","2026-08-09T02:57:24.650Z"
"ind_usr_0821","Siddharth Jain","siddharth.jain@gmail.com","free","Active",7,15,15,"2026-08-09T02:56:41.473Z","2026-08-09T02:56:41.473Z"
"ind_usr_2451","Anjali Bajaj","anjali.bajaj@gmail.com","free","Active",8,15,15,"2026-08-09T02:48:14.305Z","2026-08-09T02:48:14.305Z"
"ind_usr_0093","Komal Banerjee","komal_banerjee@gmail.com","free","Active",12,15,15,"2026-08-09T02:47:05.740Z","2026-08-09T02:47:05.740Z"
"ind_usr_0865","Monika Dhar","mdhar72@gmail.com","free","Active",8,15,15,"2026-08-09T02:30:22.419Z","2026-08-09T02:30:22.419Z"
"ind_usr_3122","Rahul Narang","rahulnarang50@gmail.com","free","Active",12,15,15,"2026-08-09T02:30:15.099Z","2026-08-09T02:30:15.099Z"
"ind_usr_1216","Vandana Rao","vandanar39@gmail.com","free","Active",3,15,15,"2026-08-09T02:21:58.151Z","2026-08-09T02:21:58.151Z"
"ind_usr_0584","Varun Thakur","varun.thakur.1995@gmail.com","free","Active",13,15,15,"2026-08-09T02:19:13.488Z","2026-08-09T02:19:13.488Z"
"ind_usr_1546","Neha Mehta","neham28@gmail.com","free","Active",11,15,15,"2026-08-09T02:05:28.616Z","2026-08-09T02:05:28.616Z"
"ind_usr_1775","Aarav Chauhan","achauhan99@gmail.com","free","Active",14,15,15,"2026-08-09T02:00:48.892Z","2026-08-09T02:00:48.892Z"
"ind_usr_2591","Prashant Joshi","prashant.joshi@gmail.com","free","Active",5,15,15,"2026-08-09T01:55:38.893Z","2026-08-09T01:55:38.893Z"
"ind_usr_1644","Deepika Saxena","deepika.saxena.2001@gmail.com","free","Active",7,15,15,"2026-08-09T01:53:59.173Z","2026-08-09T01:53:59.173Z"
"ind_usr_2515","Yash Bhasin","ybhasin98@gmail.com","free","Active",12,15,15,"2026-08-09T01:53:45.255Z","2026-08-09T01:53:45.255Z"
"ind_usr_0036","Nisha Deshmukh","nishad18@gmail.com","free","Active",4,15,15,"2026-08-09T01:53:08.689Z","2026-08-09T01:53:08.689Z"
"ind_usr_2623","Anjali Chawla","anjali.chawla1167@gmail.com","free","Active",9,15,15,"2026-08-09T01:50:59.692Z","2026-08-09T01:50:59.692Z"
"ind_usr_2532","Megha Sharma","meghasharma67@gmail.com","free","Active",4,15,15,"2026-08-09T01:35:35.427Z","2026-08-09T01:35:35.427Z"
"ind_usr_3297","Archana Mishra","archanamishra2003@gmail.com","free","Active",3,15,15,"2026-08-09T01:32:48.780Z","2026-08-09T01:32:48.780Z"
"ind_usr_1671","Anjali Bhatia","anjali.bhatia@gmail.com","free","Active",11,15,15,"2026-08-09T01:19:00.667Z","2026-08-09T01:19:00.667Z"
"ind_usr_0679","Monika Deshmukh","iam.monikadeshmukh@gmail.com","free","Active",6,15,15,"2026-08-09T01:15:04.086Z","2026-08-09T01:15:04.086Z"
"ind_usr_3111","Vivek Rathore","vivek.rathore@gmail.com","free","Active",11,15,15,"2026-08-09T01:14:35.673Z","2026-08-09T01:14:35.673Z"
"ind_usr_2194","Arjun Thakur","arjun.thakur.1999@gmail.com","free","Active",8,15,15,"2026-08-09T01:13:56.220Z","2026-08-09T01:13:56.220Z"
"ind_usr_1018","Prashant Narang","prashant.narang.work@gmail.com","free","Active",11,15,15,"2026-08-09T01:08:04.092Z","2026-08-09T01:08:04.092Z"
"ind_usr_0616","Rohan Banerjee","rohanb37@gmail.com","free","Active",4,15,15,"2026-08-09T01:06:51.646Z","2026-08-09T01:06:51.646Z"
"ind_usr_0774","Megha Rathore","megha.rathore.1998@gmail.com","free","Active",10,15,15,"2026-08-09T01:06:18.045Z","2026-08-09T01:06:18.045Z"
"ind_usr_2321","Nitin Thakur","nitin.thakur@gmail.com","free","Active",8,15,15,"2026-08-09T01:01:55.860Z","2026-08-09T01:01:55.860Z"
"ind_usr_2622","Suresh Mehta","sureshmehta17@gmail.com","free","Active",12,15,15,"2026-08-09T00:54:12.240Z","2026-08-09T00:54:12.240Z"
"ind_usr_0684","Vikram Chatterjee","vikram.chatterjee.1995@gmail.com","free","Active",15,15,15,"2026-08-09T00:52:23.730Z","2026-08-09T00:52:23.730Z"
"ind_usr_0496","Gaurav Tiwari","gauravt69@gmail.com","free","Active",12,15,15,"2026-08-09T00:50:45.233Z","2026-08-09T00:50:45.233Z"
"ind_usr_0090","Rakesh Bajaj","rakesh_bajaj26@gmail.com","free","Active",8,15,15,"2026-08-09T00:41:23.702Z","2026-08-09T00:41:23.702Z"
"ind_usr_1150","Alok Malhotra","alok_malhotra64@gmail.com","free","Active",3,15,15,"2026-08-09T00:34:02.390Z","2026-08-09T00:34:02.390Z"
"ind_usr_1441","Sonam Nair","sonam.nair@gmail.com","free","Active",11,15,15,"2026-08-09T00:32:41.399Z","2026-08-09T00:32:41.399Z"
"ind_usr_2334","Kavya Goyal","kavya.goyal.1999@gmail.com","free","Active",11,15,15,"2026-08-09T00:21:57.101Z","2026-08-09T00:21:57.101Z"
"ind_usr_1302","Komal Tiwari","komaltiwari30@gmail.com","free","Active",7,15,15,"2026-08-09T00:18:04.871Z","2026-08-09T00:18:04.871Z"
"ind_usr_1309","Kiran Pandey","iam.kiranpandey@gmail.com","free","Active",7,15,15,"2026-08-09T00:08:45.277Z","2026-08-09T00:08:45.277Z"
"ind_usr_0291","Vikram Banerjee","vikram.banerjee@gmail.com","free","Active",4,15,15,"2026-08-09T00:07:26.328Z","2026-08-09T00:07:26.328Z"
"ind_usr_3085","Ishita Tripathi","itripathi89@gmail.com","free","Active",5,15,15,"2026-08-08T23:33:25.929Z","2026-08-08T23:33:25.929Z"
"ind_usr_3163","Bhavna Tripathi","bhavna_tripathi@gmail.com","free","Active",5,15,15,"2026-08-08T23:27:50.628Z","2026-08-08T23:27:50.628Z"
"ind_usr_2618","Mohit Joshi","mohit.joshi3211@gmail.com","free","Active",3,15,15,"2026-08-08T23:26:26.806Z","2026-08-08T23:26:26.806Z"
"ind_usr_0934","Prashant Chatterjee","prashant.chatterjee.2001@gmail.com","free","Active",3,15,15,"2026-08-08T23:12:12.187Z","2026-08-08T23:12:12.187Z"
"ind_usr_1580","Tanya Singh","tanya_singh37@gmail.com","free","Active",5,15,15,"2026-08-08T23:05:01.469Z","2026-08-08T23:05:01.469Z"
"ind_usr_2804","Kavya Joshi","kavya.joshi.1999@gmail.com","free","Active",5,15,15,"2026-08-08T23:03:09.008Z","2026-08-08T23:03:09.008Z"
"ind_usr_1719","Payal Aggarwal","iam.payalaggarwal@gmail.com","free","Active",6,15,15,"2026-08-08T23:01:17.707Z","2026-08-08T23:01:17.707Z"
"ind_usr_2140","Vivek Kumar","vivek_kumar74@gmail.com","free","Active",5,15,15,"2026-08-08T22:50:43.482Z","2026-08-08T22:50:43.482Z"
"ind_usr_2288","Vivek Chauhan","vivek.chauhan.work@gmail.com","free","Active",9,15,15,"2026-08-08T22:26:29.582Z","2026-08-08T22:26:29.582Z"
"ind_usr_0683","Prashant Tripathi","prashant_tripathi@gmail.com","free","Active",10,15,15,"2026-08-08T22:22:04.583Z","2026-08-08T22:22:04.583Z"
"ind_usr_0854","Rashmi Aggarwal","rashmi.aggarwal.2003@gmail.com","free","Active",7,15,15,"2026-08-08T22:15:17.817Z","2026-08-08T22:15:17.817Z"
"ind_usr_3272","Nisha Narang","nishanarang63@gmail.com","free","Active",14,15,15,"2026-08-08T22:10:59.839Z","2026-08-08T22:10:59.839Z"
"ind_usr_0134","Manish Nair","manish.nair.1999@gmail.com","free","Active",4,15,15,"2026-08-08T22:08:55.979Z","2026-08-08T22:08:55.979Z"
"ind_usr_0500","Alok Saxena","alok_saxena51@gmail.com","free","Active",12,15,15,"2026-08-08T22:05:15.676Z","2026-08-08T22:05:15.676Z"
"ind_usr_2554","Rohit Rathore","rohit.rathore.2000@gmail.com","free","Active",13,15,15,"2026-08-08T22:02:33.868Z","2026-08-08T22:02:33.868Z"
"ind_usr_3144","Gaurav Saxena","gaurav.saxena.1999@gmail.com","free","Active",7,15,15,"2026-08-08T22:02:21.265Z","2026-08-08T22:02:21.265Z"
"ind_usr_2199","Suresh Saxena","iam.sureshsaxena@gmail.com","free","Active",12,15,15,"2026-08-08T22:02:20.778Z","2026-08-08T22:02:20.778Z"
"ind_usr_2406","Payal Bhatia","payalb11@gmail.com","free","Active",7,15,15,"2026-08-08T21:59:48.074Z","2026-08-08T21:59:48.074Z"
"ind_usr_3008","Archana Chawla","archana.chawla.work@gmail.com","free","Active",4,15,15,"2026-08-08T21:53:11.938Z","2026-08-08T21:53:11.938Z"
"ind_usr_1474","Rahul Mehta","rahul.mehta.1997@gmail.com","free","Active",11,15,15,"2026-08-08T21:43:14.999Z","2026-08-08T21:43:14.999Z"
"ind_usr_0792","Siddharth Deshmukh","siddharthdeshmukh46@gmail.com","free","Active",8,15,15,"2026-08-08T21:22:09.585Z","2026-08-08T21:22:09.585Z"
"ind_usr_0352","Priya Aggarwal","priyaaggarwal59@gmail.com","free","Active",10,15,15,"2026-08-08T21:20:24.283Z","2026-08-08T21:20:24.283Z"
"ind_usr_0149","Rajesh Sinha","iam.rajeshsinha@gmail.com","free","Active",8,15,15,"2026-08-08T21:09:35.627Z","2026-08-08T21:09:35.627Z"
"ind_usr_1175","Amit Banerjee","abanerjee93@gmail.com","free","Active",3,15,15,"2026-08-08T21:08:28.163Z","2026-08-08T21:08:28.163Z"
"ind_usr_0139","Varun Singh","iam.varunsingh@gmail.com","free","Active",9,15,15,"2026-08-08T21:06:50.170Z","2026-08-08T21:06:50.170Z"
"ind_usr_2228","Priya Chauhan","priya.chauhan.work@gmail.com","free","Active",15,15,15,"2026-08-08T21:05:38.283Z","2026-08-08T21:05:38.283Z"
"ind_usr_3250","Rohit Shah","rohit_shah91@gmail.com","free","Active",10,15,15,"2026-08-08T21:04:09.649Z","2026-08-08T21:04:09.649Z"
"ind_usr_2407","Mayank Sharma","mayanksharma1993@gmail.com","free","Active",12,15,15,"2026-08-08T20:52:06.364Z","2026-08-08T20:52:06.364Z"
"ind_usr_0785","Karan Dutta","kdutta37@gmail.com","free","Active",8,15,15,"2026-08-08T20:50:09.741Z","2026-08-08T20:50:09.741Z"
"ind_usr_2309","Rahul Kumar","iam.rahulkumar@gmail.com","free","Active",14,15,15,"2026-08-08T20:47:38.364Z","2026-08-08T20:47:38.364Z"
"ind_usr_0558","Ananya Banerjee","ananya.banerjee.work@gmail.com","free","Active",8,15,15,"2026-08-08T20:46:51.023Z","2026-08-08T20:46:51.023Z"
"ind_usr_0574","Ananya Choudhury","ananya.choudhury.1993@gmail.com","free","Active",13,15,15,"2026-08-08T20:18:52.955Z","2026-08-08T20:18:52.955Z"
"ind_usr_3337","Mayank Aggarwal","mayankaggarwal2001@gmail.com","free","Active",13,15,15,"2026-08-08T20:14:31.512Z","2026-08-08T20:14:31.512Z"
"ind_usr_0367","Rahul Aggarwal","rahulaggarwal2001@gmail.com","free","Active",8,15,15,"2026-08-08T20:10:55.493Z","2026-08-08T20:10:55.493Z"
"ind_usr_0481","Rahul Shah","rahul.shah@gmail.com","free","Active",13,15,15,"2026-08-08T20:08:31.720Z","2026-08-08T20:08:31.720Z"
"ind_usr_2071","Monika Banerjee","monika.banerjee@gmail.com","free","Active",12,15,15,"2026-08-08T20:07:55.209Z","2026-08-08T20:07:55.209Z"
"ind_usr_2867","Shreya Shah","shreyashah1996@gmail.com","free","Active",6,15,15,"2026-08-08T19:59:19.969Z","2026-08-08T19:59:19.969Z"
"ind_usr_3234","Mohit Singh","mohit.singh1145@gmail.com","free","Active",8,15,15,"2026-08-08T19:57:46.487Z","2026-08-08T19:57:46.487Z"
"ind_usr_2701","Alok Dubey","alok.dubey@gmail.com","free","Active",6,15,15,"2026-08-08T19:55:14.300Z","2026-08-08T19:55:14.300Z"
"ind_usr_1436","Abhishek Bhasin","abhishekb39@gmail.com","free","Active",12,15,15,"2026-08-08T19:51:21.937Z","2026-08-08T19:51:21.937Z"
"ind_usr_2900","Rakesh Choudhury","rakesh_choudhury13@gmail.com","free","Active",10,15,15,"2026-08-08T19:43:30.929Z","2026-08-08T19:43:30.929Z"
"ind_usr_1648","Megha Tiwari","megha.tiwari.work@gmail.com","free","Active",4,15,15,"2026-08-08T19:41:23.963Z","2026-08-08T19:41:23.963Z"
"ind_usr_2002","Jyoti Bhatia","jyotibhatia67@gmail.com","free","Active",14,15,15,"2026-08-08T19:39:36.288Z","2026-08-08T19:39:36.288Z"
"ind_usr_0342","Vandana Shah","vandanashah32@gmail.com","free","Active",12,15,15,"2026-08-08T19:35:16.815Z","2026-08-08T19:35:16.815Z"
"ind_usr_0171","Rahul Reddy","rahul.reddy@gmail.com","free","Active",5,15,15,"2026-08-08T19:22:51.916Z","2026-08-08T19:22:51.916Z"
"ind_usr_2726","Bhavna Pandey","bhavnap58@gmail.com","free","Active",4,15,15,"2026-08-08T19:18:12.454Z","2026-08-08T19:18:12.454Z"
"ind_usr_1398","Neha Dubey","neha.dubey.work@gmail.com","free","Active",10,15,15,"2026-08-08T19:13:10.022Z","2026-08-08T19:13:10.022Z"
"ind_usr_3089","Divya Deshmukh","iam.divyadeshmukh@gmail.com","free","Active",12,15,15,"2026-08-08T18:55:30.602Z","2026-08-08T18:55:30.602Z"
"ind_usr_1548","Megha Joshi","megha.joshi.work@gmail.com","free","Active",13,15,15,"2026-08-08T18:54:38.244Z","2026-08-08T18:54:38.244Z"
"ind_usr_2626","Priya Thakur","priyat64@gmail.com","free","Active",5,15,15,"2026-08-08T18:49:13.776Z","2026-08-08T18:49:13.776Z"
"ind_usr_1545","Varun Ahuja","vahuja39@gmail.com","free","Active",12,15,15,"2026-08-08T18:46:09.153Z","2026-08-08T18:46:09.153Z"
"ind_usr_1112","Gaurav Dhar","gauravdhar24@gmail.com","free","Active",9,15,15,"2026-08-08T18:38:56.093Z","2026-08-08T18:38:56.093Z"
"ind_usr_2064","Deepika Jain","deepika.jain.2002@gmail.com","free","Active",7,15,15,"2026-08-08T18:33:58.124Z","2026-08-08T18:33:58.124Z"
"ind_usr_0804","Anjali Ahuja","anjali.ahuja.2000@gmail.com","free","Active",5,15,15,"2026-08-08T18:31:38.875Z","2026-08-08T18:31:38.875Z"
"ind_usr_1011","Kiran Tripathi","kiran.tripathi@gmail.com","free","Active",14,15,15,"2026-08-08T18:21:20.588Z","2026-08-08T18:21:20.588Z"
"ind_usr_2817","Mayank Banerjee","mayankbanerjee1993@gmail.com","free","Active",11,15,15,"2026-08-08T18:20:47.556Z","2026-08-08T18:20:47.556Z"
"ind_usr_3316","Riya Rao","riyar64@gmail.com","free","Active",10,15,15,"2026-08-08T18:20:30.348Z","2026-08-08T18:20:30.348Z"
"ind_usr_1141","Rohit Sharma","rohit.sharma@gmail.com","free","Active",9,15,15,"2026-08-08T18:18:23.596Z","2026-08-08T18:18:23.596Z"
"ind_usr_0411","Nisha Saxena","nisha.saxena@gmail.com","free","Active",14,15,15,"2026-08-08T18:17:18.498Z","2026-08-08T18:17:18.498Z"
"ind_usr_0900","Sonam Kumar","sonam_kumar19@gmail.com","free","Active",8,15,15,"2026-08-08T18:16:16.945Z","2026-08-08T18:16:16.945Z"
"ind_usr_0589","Vandana Pandey","iam.vandanapandey@gmail.com","free","Active",14,15,15,"2026-08-08T18:13:06.208Z","2026-08-08T18:13:06.208Z"
"ind_usr_0275","Rohit Chawla","rchawla70@gmail.com","free","Active",3,15,15,"2026-08-08T18:11:00.389Z","2026-08-08T18:11:00.389Z"
"ind_usr_3235","Tarun Kumar","tkumar26@gmail.com","free","Active",5,15,15,"2026-08-08T17:58:25.451Z","2026-08-08T17:58:25.451Z"
"ind_usr_0756","Varun Shah","varuns60@gmail.com","free","Active",14,15,15,"2026-08-08T17:55:59.143Z","2026-08-08T17:55:59.143Z"
"ind_usr_2480","Archana Dhar","archana_dhar79@gmail.com","free","Active",5,15,15,"2026-08-08T17:52:19.191Z","2026-08-08T17:52:19.191Z"
"ind_usr_0106","Alok Bhatia","alokb28@gmail.com","free","Active",10,15,15,"2026-08-08T17:43:31.780Z","2026-08-08T17:43:31.780Z"
"ind_usr_0346","Amit Gupta","amitg30@gmail.com","free","Active",6,15,15,"2026-08-08T17:34:59.413Z","2026-08-08T17:34:59.413Z"
"ind_usr_3341","Suresh Rathore","suresh.rathore@gmail.com","free","Active",3,15,15,"2026-08-08T17:32:28.138Z","2026-08-08T17:32:28.138Z"
"ind_usr_1702","Divya Kapoor","divyakapoor81@gmail.com","free","Active",14,15,15,"2026-08-08T17:31:59.227Z","2026-08-08T17:31:59.227Z"
"ind_usr_3354","Sunil Mishra","sunil.mishra.1999@gmail.com","free","Active",14,15,15,"2026-08-08T17:31:14.364Z","2026-08-08T17:31:14.364Z"
"ind_usr_2663","Monika Dubey","monika.dubey4066@gmail.com","free","Active",12,15,15,"2026-08-08T17:29:29.531Z","2026-08-08T17:29:29.531Z"
"ind_usr_2032","Swati Mishra","swatimishra83@gmail.com","free","Active",7,15,15,"2026-08-08T17:26:43.474Z","2026-08-08T17:26:43.474Z"
"ind_usr_2875","Alok Sinha","asinha99@gmail.com","free","Active",3,15,15,"2026-08-08T17:25:50.456Z","2026-08-08T17:25:50.456Z"
"ind_usr_3050","Kritika Saxena","kritika_saxena43@gmail.com","free","Active",6,15,15,"2026-08-08T17:25:10.319Z","2026-08-08T17:25:10.319Z"
"ind_usr_0236","Saurabh Joshi","saurabhj98@gmail.com","free","Active",15,15,15,"2026-08-08T17:18:26.597Z","2026-08-08T17:18:26.597Z"
"ind_usr_2563","Prashant Jain","prashant_jain@gmail.com","free","Active",8,15,15,"2026-08-08T17:08:41.990Z","2026-08-08T17:08:41.990Z"
"ind_usr_2847","Karan Chauhan","karanchauhan1997@gmail.com","free","Active",8,15,15,"2026-08-08T17:00:01.322Z","2026-08-08T17:00:01.322Z"
"ind_usr_2715","Priya Mishra","pmishra55@gmail.com","free","Active",10,15,15,"2026-08-08T16:58:27.839Z","2026-08-08T16:58:27.839Z"
"ind_usr_3262","Rakesh Malhotra","rakeshmalhotra87@gmail.com","free","Active",13,15,15,"2026-08-08T16:55:24.466Z","2026-08-08T16:55:24.466Z"
"ind_usr_0210","Deepika Dhar","deepika_dhar82@gmail.com","free","Active",11,15,15,"2026-08-08T16:45:26.408Z","2026-08-08T16:45:26.408Z"
"ind_usr_0107","Neha Yadav","nehayadav2001@gmail.com","free","Active",13,15,15,"2026-08-08T16:41:08.864Z","2026-08-08T16:41:08.864Z"
"ind_usr_1731","Ishita Choudhury","ishita.choudhury@gmail.com","free","Active",7,15,15,"2026-08-08T16:37:15.840Z","2026-08-08T16:37:15.840Z"
"ind_usr_2461","Abhishek Saxena","abhishek.saxena@gmail.com","free","Active",8,15,15,"2026-08-08T16:36:21.582Z","2026-08-08T16:36:21.582Z"
"ind_usr_3269","Komal Goyal","iam.komalgoyal@gmail.com","free","Active",3,15,15,"2026-08-08T16:29:51.304Z","2026-08-08T16:29:51.304Z"
"ind_usr_1237","Payal Rao","payalrao1995@gmail.com","free","Active",15,15,15,"2026-08-08T16:17:27.857Z","2026-08-08T16:17:27.857Z"
"ind_usr_2230","Suresh Dhar","suresh_dhar58@gmail.com","free","Active",13,15,15,"2026-08-08T16:14:17.761Z","2026-08-08T16:14:17.761Z"
"ind_usr_0874","Archana Dubey","archana.dubey.1999@gmail.com","free","Active",4,15,15,"2026-08-08T16:12:25.094Z","2026-08-08T16:12:25.094Z"
"ind_usr_3321","Anjali Reddy","anjali.reddy@gmail.com","free","Active",15,15,15,"2026-08-08T16:09:11.291Z","2026-08-08T16:09:11.291Z"
"ind_usr_0635","Rajesh Singh","rsingh31@gmail.com","free","Active",14,15,15,"2026-08-08T16:09:07.553Z","2026-08-08T16:09:07.553Z"
"ind_usr_2175","Ishita Bhasin","ibhasin41@gmail.com","free","Active",14,15,15,"2026-08-08T15:49:48.125Z","2026-08-08T15:49:48.125Z"
"ind_usr_0724","Anjali Dhar","anjali.dhar.2002@gmail.com","free","Active",11,15,15,"2026-08-08T15:46:10.044Z","2026-08-08T15:46:10.044Z"
"ind_usr_0947","Rohit Thakur","rohitthakur2003@gmail.com","free","Active",4,15,15,"2026-08-08T15:42:29.789Z","2026-08-08T15:42:29.789Z"
"ind_usr_1152","Monika Tripathi","monikatripathi48@gmail.com","free","Active",6,15,15,"2026-08-08T15:41:38.547Z","2026-08-08T15:41:38.547Z"
"ind_usr_2746","Sonam Saxena","sonams20@gmail.com","free","Active",11,15,15,"2026-08-08T15:34:32.171Z","2026-08-08T15:34:32.171Z"
"ind_usr_1758","Tarun Narang","tarun.narang.work@gmail.com","free","Active",4,15,15,"2026-08-08T15:32:11.555Z","2026-08-08T15:32:11.555Z"
"ind_usr_2582","Sunil Mishra","sunilmishra69@gmail.com","free","Active",14,15,15,"2026-08-08T15:29:38.510Z","2026-08-08T15:29:38.510Z"
"ind_usr_1108","Aarav Chatterjee","aarav.chatterjee.work@gmail.com","free","Active",10,15,15,"2026-08-08T15:28:33.038Z","2026-08-08T15:28:33.038Z"
"ind_usr_0565","Deepika Rathore","drathore32@gmail.com","free","Active",8,15,15,"2026-08-08T15:26:05.497Z","2026-08-08T15:26:05.497Z"
"ind_usr_1161","Anjali Kapoor","anjali.kapoor@gmail.com","free","Active",14,15,15,"2026-08-08T15:24:35.397Z","2026-08-08T15:24:35.397Z"
"ind_usr_3175","Nitin Dubey","ndubey75@gmail.com","free","Active",10,15,15,"2026-08-08T15:15:51.280Z","2026-08-08T15:15:51.280Z"
"ind_usr_2357","Rajesh Narang","rajeshnarang2002@gmail.com","free","Active",14,15,15,"2026-08-08T15:15:19.276Z","2026-08-08T15:15:19.276Z"
"ind_usr_1610","Yash Bajaj","yash_bajaj86@gmail.com","free","Active",12,15,15,"2026-08-08T15:09:48.541Z","2026-08-08T15:09:48.541Z"
"ind_usr_0783","Nisha Gupta","nisha_gupta@gmail.com","free","Active",11,15,15,"2026-08-08T15:05:57.006Z","2026-08-08T15:05:57.006Z"
"ind_usr_0551","Vandana Dhar","vandana.dhar7713@gmail.com","free","Active",6,15,15,"2026-08-08T14:51:55.152Z","2026-08-08T14:51:55.152Z"
"ind_usr_2327","Jyoti Malhotra","jyotimalhotra1998@gmail.com","free","Active",3,15,15,"2026-08-08T14:51:07.640Z","2026-08-08T14:51:07.640Z"
"ind_usr_2887","Karan Reddy","karanreddy1993@gmail.com","free","Active",3,15,15,"2026-08-08T14:49:55.094Z","2026-08-08T14:49:55.094Z"
"ind_usr_2603","Yash Nair","yash_nair@gmail.com","free","Active",10,15,15,"2026-08-08T14:48:52.073Z","2026-08-08T14:48:52.073Z"
"ind_usr_3309","Sneha Singh","iam.snehasingh@gmail.com","free","Active",4,15,15,"2026-08-08T14:46:51.157Z","2026-08-08T14:46:51.157Z"
"ind_usr_2052","Archana Jain","archanajain12@gmail.com","free","Active",9,15,15,"2026-08-08T14:36:07.989Z","2026-08-08T14:36:07.989Z"
"ind_usr_1727","Sonia Kumar","soniakumar1996@gmail.com","free","Active",9,15,15,"2026-08-08T14:31:08.423Z","2026-08-08T14:31:08.423Z"
"ind_usr_0731","Saurabh Shah","saurabh.shah@gmail.com","free","Active",15,15,15,"2026-08-08T14:30:43.313Z","2026-08-08T14:30:43.313Z"
"ind_usr_0083","Kiran Nair","kiran_nair@gmail.com","free","Active",5,15,15,"2026-08-08T14:24:06.395Z","2026-08-08T14:24:06.395Z"
"ind_usr_0899","Amit Singh","iam.amitsingh@gmail.com","free","Active",12,15,15,"2026-08-08T14:16:38.289Z","2026-08-08T14:16:38.289Z"
"ind_usr_1736","Vikram Shah","vikrams87@gmail.com","free","Active",11,15,15,"2026-08-08T14:15:29.655Z","2026-08-08T14:15:29.655Z"
"ind_usr_2564","Bhavna Dhar","bhavna.dhar.2003@gmail.com","free","Active",15,15,15,"2026-08-08T14:10:42.884Z","2026-08-08T14:10:42.884Z"
"ind_usr_2484","Aakash Aggarwal","aakash.aggarwal.2002@gmail.com","free","Active",9,15,15,"2026-08-08T14:09:02.896Z","2026-08-08T14:09:02.896Z"
"ind_usr_2747","Tanya Yadav","tanyayadav2001@gmail.com","free","Active",12,15,15,"2026-08-08T14:05:39.749Z","2026-08-08T14:05:39.749Z"
"ind_usr_1372","Kavya Rathore","kavyarathore57@gmail.com","free","Active",10,15,15,"2026-08-08T14:04:40.035Z","2026-08-08T14:04:40.035Z"
"ind_usr_1941","Mohit Verma","mohit.verma@gmail.com","free","Active",6,15,15,"2026-08-08T13:59:58.418Z","2026-08-08T13:59:58.418Z"
"ind_usr_1247","Bhavna Choudhury","bhavnachoudhury1997@gmail.com","free","Active",5,15,15,"2026-08-08T13:57:59.823Z","2026-08-08T13:57:59.823Z"
"ind_usr_1989","Megha Pandey","iam.meghapandey@gmail.com","free","Active",11,15,15,"2026-08-08T13:48:01.582Z","2026-08-08T13:48:01.582Z"
"ind_usr_1040","Ishita Bhasin","ishita_bhasin20@gmail.com","free","Active",6,15,15,"2026-08-08T13:45:31.420Z","2026-08-08T13:45:31.420Z"
"ind_usr_1241","Deepika Thakur","deepika.thakur@gmail.com","free","Active",8,15,15,"2026-08-08T13:42:05.920Z","2026-08-08T13:42:05.920Z"
"ind_usr_2129","Vikram Verma","iam.vikramverma@gmail.com","free","Active",4,15,15,"2026-08-08T13:41:21.263Z","2026-08-08T13:41:21.263Z"
"ind_usr_0088","Archana Sinha","archana.sinha.work@gmail.com","free","Active",3,15,15,"2026-08-08T13:32:49.125Z","2026-08-08T13:32:49.125Z"
"ind_usr_2084","Rakesh Pandey","rakesh.pandey.1996@gmail.com","free","Active",3,15,15,"2026-08-08T13:26:50.474Z","2026-08-08T13:26:50.474Z"
"ind_usr_2156","Nitin Deshmukh","nitind30@gmail.com","free","Active",11,15,15,"2026-08-08T13:25:07.171Z","2026-08-08T13:25:07.171Z"
"ind_usr_1518","Mohit Bajaj","mohit.bajaj.work@gmail.com","free","Active",7,15,15,"2026-08-08T13:12:35.383Z","2026-08-08T13:12:35.383Z"
"ind_usr_0498","Gaurav Yadav","gaurav.yadav.work@gmail.com","free","Active",12,15,15,"2026-08-08T13:08:01.844Z","2026-08-08T13:08:01.844Z"
"ind_usr_2496","Nisha Sinha","nishas15@gmail.com","free","Active",7,15,15,"2026-08-08T12:57:00.335Z","2026-08-08T12:57:00.335Z"
"ind_usr_1136","Amit Dutta","amitd32@gmail.com","free","Active",4,15,15,"2026-08-08T12:56:48.075Z","2026-08-08T12:56:48.075Z"
"ind_usr_1364","Manish Bhasin","manish.bhasin.1997@gmail.com","free","Active",5,15,15,"2026-08-08T12:52:35.697Z","2026-08-08T12:52:35.697Z"
"ind_usr_2330","Sneha Singh","sneha_singh25@gmail.com","free","Active",7,15,15,"2026-08-08T12:46:33.696Z","2026-08-08T12:46:33.696Z"
"ind_usr_0935","Tanya Choudhury","tchoudhury83@gmail.com","free","Active",10,15,15,"2026-08-08T12:43:52.819Z","2026-08-08T12:43:52.819Z"
"ind_usr_1035","Prashant Singh","psingh32@gmail.com","free","Active",9,15,15,"2026-08-08T12:42:10.247Z","2026-08-08T12:42:10.247Z"
"ind_usr_0581","Ananya Tiwari","ananya.tiwari@gmail.com","free","Active",6,15,15,"2026-08-08T12:41:45.840Z","2026-08-08T12:41:45.840Z"
"ind_usr_2997","Aarav Mishra","aaravmishra1995@gmail.com","free","Active",5,15,15,"2026-08-08T12:41:12.047Z","2026-08-08T12:41:12.047Z"
"ind_usr_0334","Rashmi Patel","rashmi.patel.2001@gmail.com","free","Active",9,15,15,"2026-08-08T12:40:16.828Z","2026-08-08T12:40:16.828Z"
"ind_usr_0540","Kritika Mishra","kritika_mishra28@gmail.com","free","Active",11,15,15,"2026-08-08T12:05:56.426Z","2026-08-08T12:05:56.426Z"
"ind_usr_0383","Deepika Singh","deepika_singh@gmail.com","free","Active",8,15,15,"2026-08-08T12:03:37.754Z","2026-08-08T12:03:37.754Z"
"ind_usr_0884","Yash Bajaj","yash.bajaj.1997@gmail.com","free","Active",15,15,15,"2026-08-08T11:55:00.388Z","2026-08-08T11:55:00.388Z"
"ind_usr_2792","Mohit Dubey","mohitdubey94@gmail.com","free","Active",3,15,15,"2026-08-08T11:52:32.445Z","2026-08-08T11:52:32.445Z"
"ind_usr_0063","Swati Tiwari","swati_tiwari@gmail.com","free","Active",5,15,15,"2026-08-08T11:52:17.862Z","2026-08-08T11:52:17.862Z"
"ind_usr_0170","Rashmi Shah","rashmi_shah90@gmail.com","free","Active",12,15,15,"2026-08-08T11:40:44.062Z","2026-08-08T11:40:44.062Z"
"ind_usr_1621","Sunil Choudhury","sunil.choudhury@gmail.com","free","Active",13,15,15,"2026-08-08T11:40:38.594Z","2026-08-08T11:40:38.594Z"
"ind_usr_2720","Deepak Dubey","deepak_dubey53@gmail.com","free","Active",15,15,15,"2026-08-08T11:38:26.200Z","2026-08-08T11:38:26.200Z"
"ind_usr_1418","Gaurav Mishra","gaurav.mishra.work@gmail.com","free","Active",11,15,15,"2026-08-08T11:34:32.955Z","2026-08-08T11:34:32.955Z"
"ind_usr_2048","Nikhil Bhasin","nikhil.bhasin.work@gmail.com","free","Active",6,15,15,"2026-08-08T11:21:19.561Z","2026-08-08T11:21:19.561Z"
"ind_usr_1653","Gaurav Rathore","gaurav_rathore@gmail.com","free","Active",7,15,15,"2026-08-08T11:16:58.029Z","2026-08-08T11:16:58.029Z"
"ind_usr_0257","Sunil Verma","sunilverma1996@gmail.com","free","Active",3,15,15,"2026-08-08T10:55:27.152Z","2026-08-08T10:55:27.152Z"
"ind_usr_0793","Neha Bhatia","neha_bhatia@gmail.com","free","Active",12,15,15,"2026-08-08T10:44:42.254Z","2026-08-08T10:44:42.254Z"
"ind_usr_0723","Anjali Aggarwal","anjali_aggarwal@gmail.com","free","Active",6,15,15,"2026-08-08T10:44:30.795Z","2026-08-08T10:44:30.795Z"
"ind_usr_1787","Priya Saxena","priyasaxena1999@gmail.com","free","Active",8,15,15,"2026-08-08T10:44:05.983Z","2026-08-08T10:44:05.983Z"
"ind_usr_2408","Deepak Verma","deepak.verma9776@gmail.com","free","Active",7,15,15,"2026-08-08T10:39:29.907Z","2026-08-08T10:39:29.907Z"
"ind_usr_0377","Prashant Goyal","prashantgoyal1996@gmail.com","free","Active",11,15,15,"2026-08-08T10:31:25.066Z","2026-08-08T10:31:25.066Z"
"ind_usr_1098","Swati Saxena","swati.saxena.work@gmail.com","free","Active",11,15,15,"2026-08-08T10:17:33.514Z","2026-08-08T10:17:33.514Z"
"ind_usr_1389","Rakesh Nair","iam.rakeshnair@gmail.com","free","Active",12,15,15,"2026-08-08T10:16:53.976Z","2026-08-08T10:16:53.976Z"
"ind_usr_1998","Rakesh Malhotra","rakesh.malhotra.work@gmail.com","free","Active",4,15,15,"2026-08-08T10:16:06.975Z","2026-08-08T10:16:06.975Z"
"ind_usr_2704","Divya Sharma","divya.sharma.2002@gmail.com","free","Active",5,15,15,"2026-08-08T10:13:51.407Z","2026-08-08T10:13:51.407Z"
"ind_usr_3395","Nisha Sinha","nsinha67@gmail.com","free","Active",6,15,15,"2026-08-08T10:13:02.764Z","2026-08-08T10:13:02.764Z"
"ind_usr_0801","Tanya Kapoor","tanya.kapoor@gmail.com","free","Active",9,15,15,"2026-08-08T10:08:30.180Z","2026-08-08T10:08:30.180Z"
"ind_usr_0772","Prashant Malhotra","prashantmalhotra22@gmail.com","free","Active",15,15,15,"2026-08-08T09:57:39.770Z","2026-08-08T09:57:39.770Z"
"ind_usr_3300","Arjun Chatterjee","arjun_chatterjee57@gmail.com","free","Active",6,15,15,"2026-08-08T09:52:00.875Z","2026-08-08T09:52:00.875Z"
"ind_usr_2890","Deepak Choudhury","deepak_choudhury38@gmail.com","free","Active",4,15,15,"2026-08-08T09:51:46.418Z","2026-08-08T09:51:46.418Z"
"ind_usr_2311","Simran Tiwari","simran.tiwari@gmail.com","free","Active",12,15,15,"2026-08-08T09:48:28.964Z","2026-08-08T09:48:28.964Z"
"ind_usr_1868","Vandana Joshi","vandana.joshi.work@gmail.com","free","Active",15,15,15,"2026-08-08T09:42:31.017Z","2026-08-08T09:42:31.017Z"
"ind_usr_2316","Kavya Rathore","kavyar14@gmail.com","free","Active",8,15,15,"2026-08-08T09:41:54.402Z","2026-08-08T09:41:54.402Z"
"ind_usr_2962","Saurabh Malhotra","saurabhmalhotra42@gmail.com","free","Active",5,15,15,"2026-08-08T09:39:30.368Z","2026-08-08T09:39:30.368Z"
"ind_usr_0264","Nikhil Chauhan","nikhil.chauhan.1996@gmail.com","free","Active",12,15,15,"2026-08-08T09:39:27.853Z","2026-08-08T09:39:27.853Z"
"ind_usr_3148","Mohit Deshmukh","mohit.deshmukh.work@gmail.com","free","Active",7,15,15,"2026-08-08T09:20:28.043Z","2026-08-08T09:20:28.043Z"
"ind_usr_0949","Rohit Bhasin","iam.rohitbhasin@gmail.com","free","Active",8,15,15,"2026-08-08T08:56:32.826Z","2026-08-08T08:56:32.826Z"
"ind_usr_1593","Rohan Banerjee","rohan_banerjee@gmail.com","free","Active",14,15,15,"2026-08-08T08:52:38.165Z","2026-08-08T08:52:38.165Z"
"ind_usr_0034","Komal Bajaj","komal.bajaj.1996@gmail.com","free","Active",11,15,15,"2026-08-08T08:52:36.121Z","2026-08-08T08:52:36.121Z"
"ind_usr_2151","Saurabh Bhatia","saurabh.bhatia@gmail.com","free","Active",15,15,15,"2026-08-08T08:40:05.873Z","2026-08-08T08:40:05.873Z"
"ind_usr_1047","Abhishek Bhasin","abhishekbhasin2002@gmail.com","free","Active",11,15,15,"2026-08-08T08:23:31.424Z","2026-08-08T08:23:31.424Z"
"ind_usr_1120","Suresh Tripathi","suresh_tripathi79@gmail.com","free","Active",11,15,15,"2026-08-08T08:13:32.088Z","2026-08-08T08:13:32.088Z"
"ind_usr_0319","Bhavna Banerjee","iam.bhavnabanerjee@gmail.com","free","Active",15,15,15,"2026-08-08T08:12:19.201Z","2026-08-08T08:12:19.201Z"
"ind_usr_2392","Shreya Chatterjee","shreyachatterjee95@gmail.com","free","Active",8,15,15,"2026-08-08T08:07:47.421Z","2026-08-08T08:07:47.421Z"
"ind_usr_3168","Kritika Nair","kritika.nair.work@gmail.com","free","Active",13,15,15,"2026-08-08T08:06:28.670Z","2026-08-08T08:06:28.670Z"
"ind_usr_0255","Rajesh Goyal","rgoyal16@gmail.com","free","Active",4,15,15,"2026-08-08T08:03:03.800Z","2026-08-08T08:03:03.800Z"
"ind_usr_2862","Gaurav Bhasin","gauravbhasin17@gmail.com","free","Active",11,15,15,"2026-08-08T08:02:06.694Z","2026-08-08T08:02:06.694Z"
"ind_usr_2843","Siddharth Shah","siddharth_shah@gmail.com","free","Active",10,15,15,"2026-08-08T08:01:54.845Z","2026-08-08T08:01:54.845Z"
"ind_usr_1865","Vandana Bhasin","vbhasin54@gmail.com","free","Active",8,15,15,"2026-08-08T07:58:54.962Z","2026-08-08T07:58:54.962Z"
"ind_usr_2816","Kiran Kapoor","kirank51@gmail.com","free","Active",12,15,15,"2026-08-08T07:57:42.378Z","2026-08-08T07:57:42.378Z"
"ind_usr_2086","Gaurav Narang","gauravn38@gmail.com","free","Active",7,15,15,"2026-08-08T07:57:37.497Z","2026-08-08T07:57:37.497Z"
"ind_usr_1928","Aditya Sinha","aditya.sinha.work@gmail.com","free","Active",3,15,15,"2026-08-08T07:54:27.830Z","2026-08-08T07:54:27.830Z"
"ind_usr_0307","Deepak Tripathi","deepaktripathi1993@gmail.com","free","Active",6,15,15,"2026-08-08T07:48:47.673Z","2026-08-08T07:48:47.673Z"
"ind_usr_2424","Vivek Sinha","vivek.sinha.1997@gmail.com","free","Active",13,15,15,"2026-08-08T07:43:14.833Z","2026-08-08T07:43:14.833Z"
"ind_usr_3226","Rohit Patel","rohitp73@gmail.com","free","Active",6,15,15,"2026-08-08T07:37:23.987Z","2026-08-08T07:37:23.987Z"
"ind_usr_1971","Sonia Verma","sonia.verma@gmail.com","free","Active",14,15,15,"2026-08-08T07:36:56.962Z","2026-08-08T07:36:56.962Z"
"ind_usr_1608","Swati Reddy","swati.reddy.work@gmail.com","free","Active",10,15,15,"2026-08-08T07:36:43.986Z","2026-08-08T07:36:43.986Z"
"ind_usr_1709","Sunil Saxena","iam.sunilsaxena@gmail.com","free","Active",4,15,15,"2026-08-08T07:36:42.387Z","2026-08-08T07:36:42.387Z"
"ind_usr_1327","Tarun Yadav","tarunyadav1999@gmail.com","free","Active",14,15,15,"2026-08-08T07:29:35.458Z","2026-08-08T07:29:35.458Z"
"ind_usr_1352","Sonia Malhotra","soniamalhotra33@gmail.com","free","Active",3,15,15,"2026-08-08T07:28:15.705Z","2026-08-08T07:28:15.705Z"
"ind_usr_1325","Kritika Bajaj","kbajaj35@gmail.com","free","Active",6,15,15,"2026-08-08T07:21:55.422Z","2026-08-08T07:21:55.422Z"
"ind_usr_2585","Karan Ahuja","kahuja15@gmail.com","free","Active",14,15,15,"2026-08-08T07:18:50.434Z","2026-08-08T07:18:50.434Z"
"ind_usr_1487","Nisha Sinha","nishasinha1999@gmail.com","free","Active",7,15,15,"2026-08-08T07:06:04.488Z","2026-08-08T07:06:04.488Z"
"ind_usr_1643","Pooja Nair","pooja_nair@gmail.com","free","Active",9,15,15,"2026-08-08T07:05:58.055Z","2026-08-08T07:05:58.055Z"
"ind_usr_1504","Komal Kapoor","komal.kapoor.1997@gmail.com","free","Active",4,15,15,"2026-08-08T07:03:58.101Z","2026-08-08T07:03:58.101Z"
"ind_usr_0678","Neha Bajaj","neha.bajaj.work@gmail.com","free","Active",14,15,15,"2026-08-08T06:54:17.476Z","2026-08-08T06:54:17.476Z"
"ind_usr_1614","Rohan Mehta","rohan.mehta.2000@gmail.com","free","Active",15,15,15,"2026-08-08T06:52:59.899Z","2026-08-08T06:52:59.899Z"
"ind_usr_1092","Arjun Reddy","arjunreddy61@gmail.com","free","Active",15,15,15,"2026-08-08T06:52:24.595Z","2026-08-08T06:52:24.595Z"
"ind_usr_2607","Yash Goyal","yashgoyal1995@gmail.com","free","Active",5,15,15,"2026-08-08T06:39:39.635Z","2026-08-08T06:39:39.635Z"
"ind_usr_0832","Sonam Tiwari","sonamtiwari53@gmail.com","free","Active",14,15,15,"2026-08-08T06:34:01.537Z","2026-08-08T06:34:01.537Z"
"ind_usr_3174","Rahul Dubey","rahul.dubey.1998@gmail.com","free","Active",11,15,15,"2026-08-08T06:30:19.052Z","2026-08-08T06:30:19.052Z"
"ind_usr_2818","Neha Verma","neha.verma.work@gmail.com","free","Active",4,15,15,"2026-08-08T06:28:36.614Z","2026-08-08T06:28:36.614Z"
"ind_usr_1559","Kritika Yadav","kritika.yadav7775@gmail.com","free","Active",5,15,15,"2026-08-08T06:17:58.570Z","2026-08-08T06:17:58.570Z"
"ind_usr_0387","Priya Verma","priyaverma2001@gmail.com","free","Active",5,15,15,"2026-08-08T06:17:34.566Z","2026-08-08T06:17:34.566Z"
"ind_usr_0393","Yash Yadav","yash_yadav@gmail.com","free","Active",5,15,15,"2026-08-08T06:08:49.298Z","2026-08-08T06:08:49.298Z"
"ind_usr_2837","Sonia Tiwari","soniatiwari1997@gmail.com","free","Active",6,15,15,"2026-08-08T06:06:47.751Z","2026-08-08T06:06:47.751Z"
"ind_usr_0219","Kunal Pandey","iam.kunalpandey@gmail.com","free","Active",3,15,15,"2026-08-08T06:04:46.236Z","2026-08-08T06:04:46.236Z"
"ind_usr_1181","Tanya Mishra","tanya.mishra@gmail.com","free","Active",3,15,15,"2026-08-08T06:01:02.238Z","2026-08-08T06:01:02.238Z"
"ind_usr_1032","Ananya Dhar","ananyadhar25@gmail.com","free","Active",9,15,15,"2026-08-08T05:52:50.988Z","2026-08-08T05:52:50.988Z"
"ind_usr_1906","Nikhil Verma","nikhilv16@gmail.com","free","Active",9,15,15,"2026-08-08T05:52:29.665Z","2026-08-08T05:52:29.665Z"
"ind_usr_2200","Varun Kumar","varun_kumar25@gmail.com","free","Active",12,15,15,"2026-08-08T05:39:40.767Z","2026-08-08T05:39:40.767Z"
"ind_usr_3120","Ananya Banerjee","ananya_banerjee11@gmail.com","free","Active",14,15,15,"2026-08-08T05:32:46.451Z","2026-08-08T05:32:46.451Z"
"ind_usr_1171","Gaurav Verma","gaurav.verma@gmail.com","free","Active",5,15,15,"2026-08-08T05:26:40.973Z","2026-08-08T05:26:40.973Z"
"ind_usr_3378","Rohan Jain","rohan.jain.work@gmail.com","free","Active",12,15,15,"2026-08-08T05:23:22.052Z","2026-08-08T05:23:22.052Z"
"ind_usr_0348","Komal Jain","komal.jain.work@gmail.com","free","Active",4,15,15,"2026-08-08T05:22:54.248Z","2026-08-08T05:22:54.248Z"
"ind_usr_0014","Alok Thakur","alok.thakur.1998@gmail.com","free","Active",4,15,15,"2026-08-08T05:21:19.371Z","2026-08-08T05:21:19.371Z"
"ind_usr_1435","Aditya Bajaj","abajaj30@gmail.com","free","Active",12,15,15,"2026-08-08T05:20:39.626Z","2026-08-08T05:20:39.626Z"
"ind_usr_2855","Sunil Chauhan","schauhan53@gmail.com","free","Active",4,15,15,"2026-08-08T05:05:23.908Z","2026-08-08T05:05:23.908Z"
"ind_usr_2255","Rajesh Bajaj","rbajaj93@gmail.com","free","Active",3,15,15,"2026-08-08T05:02:08.758Z","2026-08-08T05:02:08.758Z"
"ind_usr_1285","Komal Chauhan","kchauhan50@gmail.com","free","Active",5,15,15,"2026-08-08T04:53:50.618Z","2026-08-08T04:53:50.618Z"
"ind_usr_3157","Yash Kapoor","yashkapoor2001@gmail.com","free","Active",6,15,15,"2026-08-08T04:52:38.413Z","2026-08-08T04:52:38.413Z"
"ind_usr_0759","Megha Sharma","iam.meghasharma@gmail.com","free","Active",7,15,15,"2026-08-08T04:38:45.991Z","2026-08-08T04:38:45.991Z"
"ind_usr_0945","Kavya Saxena","ksaxena72@gmail.com","free","Active",11,15,15,"2026-08-08T04:26:58.837Z","2026-08-08T04:26:58.837Z"
"ind_usr_2712","Nikhil Joshi","nikhiljoshi67@gmail.com","free","Active",9,15,15,"2026-08-08T04:26:23.244Z","2026-08-08T04:26:23.244Z"
"ind_usr_0484","Mayank Patel","mayank.patel.2000@gmail.com","free","Active",9,15,15,"2026-08-08T04:19:38.798Z","2026-08-08T04:19:38.798Z"
"ind_usr_1234","Yash Goyal","yash.goyal.2002@gmail.com","free","Active",14,15,15,"2026-08-08T04:14:13.172Z","2026-08-08T04:14:13.172Z"
"ind_usr_1416","Amit Sharma","amits70@gmail.com","free","Active",6,15,15,"2026-08-08T04:12:02.872Z","2026-08-08T04:12:02.872Z"
"ind_usr_2821","Pooja Nair","pooja.nair@gmail.com","free","Active",4,15,15,"2026-08-08T04:10:04.100Z","2026-08-08T04:10:04.100Z"
"ind_usr_2983","Nitin Gupta","nitin_gupta@gmail.com","free","Active",7,15,15,"2026-08-08T04:06:06.906Z","2026-08-08T04:06:06.906Z"
"ind_usr_1272","Shreya Deshmukh","shreyadeshmukh60@gmail.com","free","Active",9,15,15,"2026-08-08T04:05:51.315Z","2026-08-08T04:05:51.315Z"
"ind_usr_1936","Rohit Saxena","rohits64@gmail.com","free","Active",3,15,15,"2026-08-08T03:57:37.431Z","2026-08-08T03:57:37.431Z"
"ind_usr_1600","Sonia Goyal","sonia_goyal50@gmail.com","free","Active",7,15,15,"2026-08-08T03:56:00.238Z","2026-08-08T03:56:00.238Z"
"ind_usr_1855","Rohan Ahuja","rahuja89@gmail.com","free","Active",3,15,15,"2026-08-08T03:53:44.003Z","2026-08-08T03:53:44.003Z"
"ind_usr_3282","Suresh Bajaj","sureshbajaj26@gmail.com","free","Active",5,15,15,"2026-08-08T03:53:28.254Z","2026-08-08T03:53:28.254Z"
"ind_usr_1401","Tarun Jain","tarun.jain@gmail.com","free","Active",6,15,15,"2026-08-08T03:51:21.100Z","2026-08-08T03:51:21.100Z"
"ind_usr_0310","Karan Dubey","karan_dubey46@gmail.com","free","Active",10,15,15,"2026-08-08T03:46:50.447Z","2026-08-08T03:46:50.447Z"
"ind_usr_2440","Ananya Bhatia","ananya_bhatia99@gmail.com","free","Active",8,15,15,"2026-08-08T03:43:53.373Z","2026-08-08T03:43:53.373Z"
"ind_usr_0532","Swati Gupta","swatigupta60@gmail.com","free","Active",7,15,15,"2026-08-08T03:42:25.692Z","2026-08-08T03:42:25.692Z"
"ind_usr_0038","Vivek Shah","vivek.shah.work@gmail.com","free","Active",13,15,15,"2026-08-08T03:41:50.555Z","2026-08-08T03:41:50.555Z"
"ind_usr_0879","Varun Shah","iam.varunshah@gmail.com","free","Active",9,15,15,"2026-08-08T03:32:29.167Z","2026-08-08T03:32:29.167Z"
"ind_usr_0820","Jyoti Deshmukh","jyoti_deshmukh51@gmail.com","free","Active",5,15,15,"2026-08-08T03:30:03.822Z","2026-08-08T03:30:03.822Z"
"ind_usr_2063","Megha Pandey","megha.pandey3624@gmail.com","free","Active",8,15,15,"2026-08-08T03:29:00.894Z","2026-08-08T03:29:00.894Z"
"ind_usr_2012","Prashant Singh","prashantsingh91@gmail.com","free","Active",12,15,15,"2026-08-08T03:25:58.601Z","2026-08-08T03:25:58.601Z"
"ind_usr_2286","Sunil Aggarwal","sunila94@gmail.com","free","Active",6,15,15,"2026-08-08T03:20:36.826Z","2026-08-08T03:20:36.826Z"
"ind_usr_0440","Suresh Malhotra","suresh_malhotra71@gmail.com","free","Active",12,15,15,"2026-08-08T03:10:52.454Z","2026-08-08T03:10:52.454Z"
"ind_usr_2584","Riya Reddy","riya.reddy.2001@gmail.com","free","Active",15,15,15,"2026-08-08T02:59:29.193Z","2026-08-08T02:59:29.193Z"
"ind_usr_1420","Anjali Banerjee","anjali_banerjee93@gmail.com","free","Active",12,15,15,"2026-08-08T02:51:21.730Z","2026-08-08T02:51:21.730Z"
"ind_usr_1057","Archana Reddy","archanareddy2001@gmail.com","free","Active",12,15,15,"2026-08-08T02:46:54.847Z","2026-08-08T02:46:54.847Z"
"ind_usr_1571","Alok Aggarwal","alok.aggarwal@gmail.com","free","Active",14,15,15,"2026-08-08T02:38:07.687Z","2026-08-08T02:38:07.687Z"
"ind_usr_1760","Siddharth Dhar","siddharth_dhar97@gmail.com","free","Active",7,15,15,"2026-08-08T02:22:41.462Z","2026-08-08T02:22:41.462Z"
"ind_usr_3212","Megha Chawla","meghachawla23@gmail.com","free","Active",9,15,15,"2026-08-08T02:06:48.936Z","2026-08-08T02:06:48.936Z"
"ind_usr_1534","Sunil Rao","sunil.rao.1995@gmail.com","free","Active",8,15,15,"2026-08-08T02:00:33.408Z","2026-08-08T02:00:33.408Z"
"ind_usr_0043","Tanya Narang","tanya_narang@gmail.com","free","Active",15,15,15,"2026-08-08T01:56:30.516Z","2026-08-08T01:56:30.516Z"
"ind_usr_3377","Mohit Singh","mohitsingh2001@gmail.com","free","Active",14,15,15,"2026-08-08T01:50:38.804Z","2026-08-08T01:50:38.804Z"
"ind_usr_1578","Jyoti Dubey","jyoti.dubey.work@gmail.com","free","Active",3,15,15,"2026-08-08T01:46:50.244Z","2026-08-08T01:46:50.244Z"
"ind_usr_3358","Payal Mishra","payal.mishra.work@gmail.com","free","Active",15,15,15,"2026-08-08T01:32:12.614Z","2026-08-08T01:32:12.614Z"
"ind_usr_1755","Rohan Pandey","rpandey30@gmail.com","free","Active",14,15,15,"2026-08-08T01:26:25.744Z","2026-08-08T01:26:25.744Z"
"ind_usr_0326","Bhavna Narang","bhavnan54@gmail.com","free","Active",10,15,15,"2026-08-08T01:21:20.147Z","2026-08-08T01:21:20.147Z"
"ind_usr_1905","Alok Tripathi","atripathi89@gmail.com","free","Active",8,15,15,"2026-08-08T01:17:19.330Z","2026-08-08T01:17:19.330Z"
"ind_usr_1404","Ishita Shah","ishita.shah.1996@gmail.com","free","Active",14,15,15,"2026-08-08T01:13:42.090Z","2026-08-08T01:13:42.090Z"
"ind_usr_2628","Monika Malhotra","monika.malhotra.work@gmail.com","free","Active",9,15,15,"2026-08-08T01:08:59.100Z","2026-08-08T01:08:59.100Z"
"ind_usr_0022","Sonam Dhar","sonamdhar65@gmail.com","free","Active",12,15,15,"2026-08-08T01:03:26.959Z","2026-08-08T01:03:26.959Z"
"ind_usr_1932","Nitin Banerjee","nitinbanerjee78@gmail.com","free","Active",15,15,15,"2026-08-08T00:56:41.632Z","2026-08-08T00:56:41.632Z"
"ind_usr_2659","Rajesh Gupta","iam.rajeshgupta@gmail.com","free","Active",11,15,15,"2026-08-08T00:34:14.191Z","2026-08-08T00:34:14.191Z"
"ind_usr_2937","Divya Ahuja","divyaahuja1998@gmail.com","free","Active",4,15,15,"2026-08-08T00:17:34.919Z","2026-08-08T00:17:34.919Z"
"ind_usr_1052","Sunil Mishra","sunilmishra71@gmail.com","free","Active",4,15,15,"2026-08-08T00:14:41.763Z","2026-08-08T00:14:41.763Z"
"ind_usr_0406","Sonia Pandey","soniap98@gmail.com","free","Active",13,15,15,"2026-08-08T00:09:37.023Z","2026-08-08T00:09:37.023Z"
"ind_usr_0970","Bhavna Aggarwal","bhavna_aggarwal78@gmail.com","free","Active",6,15,15,"2026-08-08T00:05:33.023Z","2026-08-08T00:05:33.023Z"
"ind_usr_1113","Kiran Dhar","kiran_dhar@gmail.com","free","Active",11,15,15,"2026-08-07T23:58:59.743Z","2026-08-07T23:58:59.743Z"
"ind_usr_1385","Kritika Verma","kverma56@gmail.com","free","Active",14,15,15,"2026-08-07T23:50:22.773Z","2026-08-07T23:50:22.773Z"
"ind_usr_0470","Deepak Chawla","deepak_chawla59@gmail.com","free","Active",6,15,15,"2026-08-07T23:37:39.007Z","2026-08-07T23:37:39.007Z"
"ind_usr_1442","Rashmi Dubey","rashmidubey47@gmail.com","free","Active",6,15,15,"2026-08-07T23:28:03.219Z","2026-08-07T23:28:03.219Z"
"ind_usr_1321","Arjun Pandey","arjun.pandey@gmail.com","free","Active",8,15,15,"2026-08-07T23:18:58.398Z","2026-08-07T23:18:58.398Z"
"ind_usr_0529","Sunil Tripathi","iam.suniltripathi@gmail.com","free","Active",13,15,15,"2026-08-07T23:17:34.862Z","2026-08-07T23:17:34.862Z"
"ind_usr_0097","Prashant Choudhury","prashantchoudhury1995@gmail.com","free","Active",15,15,15,"2026-08-07T23:08:03.432Z","2026-08-07T23:08:03.432Z"
"ind_usr_1886","Mayank Dubey","mayankd68@gmail.com","free","Active",15,15,15,"2026-08-07T23:03:41.123Z","2026-08-07T23:03:41.123Z"
"ind_usr_1538","Ananya Reddy","ananya.reddy.work@gmail.com","free","Active",3,15,15,"2026-08-07T23:03:20.655Z","2026-08-07T23:03:20.655Z"
"ind_usr_3385","Kavya Sinha","ksinha79@gmail.com","free","Active",10,15,15,"2026-08-07T22:58:55.622Z","2026-08-07T22:58:55.622Z"
"ind_usr_0739","Komal Nair","komal.nair8171@gmail.com","free","Active",14,15,15,"2026-08-07T22:58:05.253Z","2026-08-07T22:58:05.253Z"
"ind_usr_0855","Kavya Rao","krao17@gmail.com","free","Active",9,15,15,"2026-08-07T22:51:34.177Z","2026-08-07T22:51:34.177Z"
"ind_usr_1965","Tarun Bajaj","tbajaj49@gmail.com","free","Active",5,15,15,"2026-08-07T22:44:43.454Z","2026-08-07T22:44:43.454Z"
"ind_usr_0944","Manish Tripathi","manish.tripathi.2002@gmail.com","free","Active",15,15,15,"2026-08-07T22:42:33.133Z","2026-08-07T22:42:33.133Z"
"ind_usr_2576","Rakesh Mishra","rakeshm22@gmail.com","free","Active",9,15,15,"2026-08-07T22:34:40.041Z","2026-08-07T22:34:40.041Z"
"ind_usr_0556","Priya Thakur","priyat15@gmail.com","free","Active",6,15,15,"2026-08-07T22:31:40.713Z","2026-08-07T22:31:40.713Z"
"ind_usr_1604","Rahul Thakur","rahul.thakur.2001@gmail.com","free","Active",15,15,15,"2026-08-07T22:21:20.127Z","2026-08-07T22:21:20.127Z"
"ind_usr_0127","Rohit Bhatia","rohitbhatia1997@gmail.com","free","Active",3,15,15,"2026-08-07T22:14:37.826Z","2026-08-07T22:14:37.826Z"
"ind_usr_0398","Priya Shah","priya.shah.work@gmail.com","free","Active",6,15,15,"2026-08-07T22:09:40.848Z","2026-08-07T22:09:40.848Z"
"ind_usr_2723","Rakesh Sharma","rakesh_sharma@gmail.com","free","Active",12,15,15,"2026-08-07T22:05:39.060Z","2026-08-07T22:05:39.060Z"
"ind_usr_0745","Gaurav Dhar","gdhar60@gmail.com","free","Active",11,15,15,"2026-08-07T21:59:15.016Z","2026-08-07T21:59:15.016Z"
"ind_usr_0181","Rohan Ahuja","rohan.ahuja@gmail.com","free","Active",4,15,15,"2026-08-07T21:53:49.726Z","2026-08-07T21:53:49.726Z"
"ind_usr_2241","Neha Verma","neha.verma@gmail.com","free","Active",12,15,15,"2026-08-07T21:51:10.095Z","2026-08-07T21:51:10.095Z"
"ind_usr_3074","Monika Tripathi","monika.tripathi.1999@gmail.com","free","Active",9,15,15,"2026-08-07T21:39:49.093Z","2026-08-07T21:39:49.093Z"
"ind_usr_2799","Deepak Bhasin","iam.deepakbhasin@gmail.com","free","Active",7,15,15,"2026-08-07T21:34:14.918Z","2026-08-07T21:34:14.918Z"
"ind_usr_2521","Karan Banerjee","karan.banerjee@gmail.com","free","Active",6,15,15,"2026-08-07T21:30:40.089Z","2026-08-07T21:30:40.089Z"
"ind_usr_1880","Sunil Chatterjee","sunil_chatterjee65@gmail.com","free","Active",8,15,15,"2026-08-07T21:26:11.653Z","2026-08-07T21:26:11.653Z"
"ind_usr_3044","Sneha Choudhury","sneha.choudhury.1996@gmail.com","free","Active",11,15,15,"2026-08-07T21:25:28.715Z","2026-08-07T21:25:28.715Z"
"ind_usr_3328","Rajesh Verma","rajesh.verma.work@gmail.com","free","Active",9,15,15,"2026-08-07T21:19:22.008Z","2026-08-07T21:19:22.008Z"
"ind_usr_1926","Komal Jain","komalj72@gmail.com","free","Active",7,15,15,"2026-08-07T21:13:56.946Z","2026-08-07T21:13:56.946Z"
"ind_usr_3303","Kiran Sinha","kiran_sinha@gmail.com","free","Active",4,15,15,"2026-08-07T21:02:20.989Z","2026-08-07T21:02:20.989Z"
"ind_usr_3330","Rohit Choudhury","rohit_choudhury85@gmail.com","free","Active",7,15,15,"2026-08-07T20:49:58.466Z","2026-08-07T20:49:58.466Z"
"ind_usr_0646","Sonia Banerjee","soniab53@gmail.com","free","Active",6,15,15,"2026-08-07T20:47:50.608Z","2026-08-07T20:47:50.608Z"
"ind_usr_0649","Payal Sharma","iam.payalsharma@gmail.com","free","Active",6,15,15,"2026-08-07T20:39:44.756Z","2026-08-07T20:39:44.756Z"
"ind_usr_0388","Priya Reddy","priya.reddy.work@gmail.com","free","Active",6,15,15,"2026-08-07T20:39:40.582Z","2026-08-07T20:39:40.582Z"
"ind_usr_2522","Prashant Bhatia","prashantbhatia21@gmail.com","free","Active",6,15,15,"2026-08-07T20:35:48.389Z","2026-08-07T20:35:48.389Z"
"ind_usr_1862","Monika Aggarwal","monikaaggarwal43@gmail.com","free","Active",10,15,15,"2026-08-07T20:34:16.550Z","2026-08-07T20:34:16.550Z"
"ind_usr_2725","Vandana Gupta","vgupta40@gmail.com","free","Active",4,15,15,"2026-08-07T20:28:28.615Z","2026-08-07T20:28:28.615Z"
"ind_usr_0222","Rashmi Mishra","rashmimishra58@gmail.com","free","Active",10,15,15,"2026-08-07T20:17:50.265Z","2026-08-07T20:17:50.265Z"
"ind_usr_0041","Rohit Chatterjee","rohit.chatterjee@gmail.com","free","Active",10,15,15,"2026-08-07T20:14:33.707Z","2026-08-07T20:14:33.707Z"
"ind_usr_0003","Bhavna Singh","bhavna_singh@gmail.com","free","Active",15,15,15,"2026-08-07T20:14:23.674Z","2026-08-07T20:14:23.674Z"
"ind_usr_1966","Suresh Chauhan","sureshc76@gmail.com","free","Active",8,15,15,"2026-08-07T20:10:23.363Z","2026-08-07T20:10:23.363Z"
"ind_usr_0262","Anjali Malhotra","anjalimalhotra98@gmail.com","free","Active",5,15,15,"2026-08-07T20:08:44.759Z","2026-08-07T20:08:44.759Z"
"ind_usr_3281","Kavya Sinha","kavya.sinha@gmail.com","free","Active",5,15,15,"2026-08-07T19:59:03.754Z","2026-08-07T19:59:03.754Z"
"ind_usr_0568","Kunal Verma","kunal.verma.work@gmail.com","free","Active",8,15,15,"2026-08-07T19:57:27.554Z","2026-08-07T19:57:27.554Z"
"ind_usr_0806","Aakash Kapoor","aakashk67@gmail.com","free","Active",10,15,15,"2026-08-07T19:41:49.960Z","2026-08-07T19:41:49.960Z"
"ind_usr_2208","Monika Singh","monika.singh.work@gmail.com","free","Active",3,15,15,"2026-08-07T19:38:19.496Z","2026-08-07T19:38:19.496Z"
"ind_usr_1490","Aditya Nair","aditya_nair91@gmail.com","free","Active",12,15,15,"2026-08-07T19:29:48.075Z","2026-08-07T19:29:48.075Z"
"ind_usr_0805","Kiran Joshi","kjoshi88@gmail.com","free","Active",13,15,15,"2026-08-07T19:22:37.564Z","2026-08-07T19:22:37.564Z"
"ind_usr_0047","Gaurav Ahuja","gauravahuja1998@gmail.com","free","Active",5,15,15,"2026-08-07T19:16:04.096Z","2026-08-07T19:16:04.096Z"
"ind_usr_1674","Shreya Dutta","shreya.dutta.2001@gmail.com","free","Active",8,15,15,"2026-08-07T19:12:41.886Z","2026-08-07T19:12:41.886Z"
"ind_usr_1144","Rohan Narang","rohan.narang.2002@gmail.com","free","Active",15,15,15,"2026-08-07T19:00:13.261Z","2026-08-07T19:00:13.261Z"
"ind_usr_1138","Yash Goyal","yash.goyal.work@gmail.com","free","Active",12,15,15,"2026-08-07T18:59:19.974Z","2026-08-07T18:59:19.974Z"
"ind_usr_1714","Divya Rathore","divya.rathore.2002@gmail.com","free","Active",11,15,15,"2026-08-07T18:50:24.015Z","2026-08-07T18:50:24.015Z"
"ind_usr_2022","Jyoti Bhatia","jyotibhatia30@gmail.com","free","Active",15,15,15,"2026-08-07T18:50:05.273Z","2026-08-07T18:50:05.273Z"
"ind_usr_1979","Nisha Reddy","iam.nishareddy@gmail.com","free","Active",15,15,15,"2026-08-07T18:39:25.657Z","2026-08-07T18:39:25.657Z"
"ind_usr_2262","Shreya Thakur","shreyathakur21@gmail.com","free","Active",9,15,15,"2026-08-07T18:34:47.393Z","2026-08-07T18:34:47.393Z"
"ind_usr_1601","Shreya Shah","shreya.shah@gmail.com","free","Active",3,15,15,"2026-08-07T18:12:21.278Z","2026-08-07T18:12:21.278Z"
"ind_usr_1656","Neha Shah","nehas13@gmail.com","free","Active",8,15,15,"2026-08-07T18:06:39.156Z","2026-08-07T18:06:39.156Z"
"ind_usr_2234","Varun Kapoor","varun.kapoor.1998@gmail.com","free","Active",11,15,15,"2026-08-07T18:05:37.766Z","2026-08-07T18:05:37.766Z"
"ind_usr_2897","Tanya Verma","tanyaverma1997@gmail.com","free","Active",4,15,15,"2026-08-07T18:02:34.386Z","2026-08-07T18:02:34.386Z"
"ind_usr_2435","Kavya Banerjee","kbanerjee62@gmail.com","free","Active",14,15,15,"2026-08-07T17:48:09.822Z","2026-08-07T17:48:09.822Z"
"ind_usr_3150","Deepak Thakur","deepak_thakur79@gmail.com","free","Active",8,15,15,"2026-08-07T17:46:25.031Z","2026-08-07T17:46:25.031Z"
"ind_usr_1117","Kiran Thakur","kiranthakur1997@gmail.com","free","Active",5,15,15,"2026-08-07T17:38:29.357Z","2026-08-07T17:38:29.357Z"
"ind_usr_1848","Monika Patel","monika.patel3457@gmail.com","free","Active",9,15,15,"2026-08-07T17:28:37.783Z","2026-08-07T17:28:37.783Z"
"ind_usr_3079","Sneha Gupta","iam.snehagupta@gmail.com","free","Active",6,15,15,"2026-08-07T17:18:55.134Z","2026-08-07T17:18:55.134Z"
"ind_usr_0250","Sneha Tiwari","sneha_tiwari33@gmail.com","free","Active",13,15,15,"2026-08-07T17:17:59.149Z","2026-08-07T17:17:59.149Z"
"ind_usr_2123","Vikram Dutta","vikram_dutta@gmail.com","free","Active",11,15,15,"2026-08-07T17:15:15.398Z","2026-08-07T17:15:15.398Z"
"ind_usr_3289","Jyoti Mishra","jyoti.mishra3735@gmail.com","free","Active",9,15,15,"2026-08-07T17:14:49.495Z","2026-08-07T17:14:49.495Z"
"ind_usr_1582","Kavya Sharma","kavyasharma64@gmail.com","free","Active",5,15,15,"2026-08-07T17:13:27.362Z","2026-08-07T17:13:27.362Z"
"ind_usr_1049","Tarun Deshmukh","iam.tarundeshmukh@gmail.com","free","Active",12,15,15,"2026-08-07T16:55:56.496Z","2026-08-07T16:55:56.496Z"
"ind_usr_0808","Shreya Saxena","shreya.saxena.work@gmail.com","free","Active",10,15,15,"2026-08-07T16:51:01.909Z","2026-08-07T16:51:01.909Z"
"ind_usr_3167","Suresh Verma","sureshverma1999@gmail.com","free","Active",15,15,15,"2026-08-07T16:37:26.229Z","2026-08-07T16:37:26.229Z"
"ind_usr_1029","Kiran Kumar","iam.kirankumar@gmail.com","free","Active",14,15,15,"2026-08-07T16:35:54.679Z","2026-08-07T16:35:54.679Z"
"ind_usr_3253","Sneha Mehta","sneha_mehta@gmail.com","free","Active",7,15,15,"2026-08-07T16:21:53.107Z","2026-08-07T16:21:53.107Z"
"ind_usr_2756","Saurabh Bajaj","saurabhb60@gmail.com","free","Active",12,15,15,"2026-08-07T16:19:20.478Z","2026-08-07T16:19:20.478Z"
"ind_usr_3221","Kiran Kapoor","kiran.kapoor@gmail.com","free","Active",13,15,15,"2026-08-07T16:17:50.796Z","2026-08-07T16:17:50.796Z"
"ind_usr_1535","Alok Sinha","asinha27@gmail.com","free","Active",10,15,15,"2026-08-07T16:09:54.585Z","2026-08-07T16:09:54.585Z"
"ind_usr_1423","Karan Thakur","karan_thakur@gmail.com","free","Active",11,15,15,"2026-08-07T16:06:16.645Z","2026-08-07T16:06:16.645Z"
"ind_usr_2677","Nikhil Malhotra","nikhilmalhotra1993@gmail.com","free","Active",9,15,15,"2026-08-07T16:05:01.209Z","2026-08-07T16:05:01.209Z"
"ind_usr_1942","Alok Chatterjee","alokchatterjee35@gmail.com","free","Active",5,15,15,"2026-08-07T15:59:44.229Z","2026-08-07T15:59:44.229Z"
"ind_usr_2039","Sonia Shah","iam.soniashah@gmail.com","free","Active",6,15,15,"2026-08-07T15:45:35.407Z","2026-08-07T15:45:35.407Z"
"ind_usr_1668","Rajesh Kapoor","rajesh.kapoor.work@gmail.com","free","Active",4,15,15,"2026-08-07T15:44:10.341Z","2026-08-07T15:44:10.341Z"
"ind_usr_0729","Kritika Dubey","iam.kritikadubey@gmail.com","free","Active",8,15,15,"2026-08-07T15:38:22.755Z","2026-08-07T15:38:22.755Z"
"ind_usr_0349","Tanya Banerjee","iam.tanyabanerjee@gmail.com","free","Active",7,15,15,"2026-08-07T15:33:34.019Z","2026-08-07T15:33:34.019Z"
"ind_usr_1611","Deepak Ahuja","deepak.ahuja@gmail.com","free","Active",4,15,15,"2026-08-07T15:33:09.467Z","2026-08-07T15:33:09.467Z"
"ind_usr_2004","Rakesh Narang","rakesh.narang.1997@gmail.com","free","Active",14,15,15,"2026-08-07T15:29:11.076Z","2026-08-07T15:29:11.076Z"
"ind_usr_2876","Kunal Sinha","kunals43@gmail.com","free","Active",15,15,15,"2026-08-07T15:26:11.345Z","2026-08-07T15:26:11.345Z"
"ind_usr_1583","Gaurav Aggarwal","gaurav_aggarwal@gmail.com","free","Active",5,15,15,"2026-08-07T15:23:43.195Z","2026-08-07T15:23:43.195Z"
"ind_usr_3279","Amit Shah","iam.amitshah@gmail.com","free","Active",11,15,15,"2026-08-07T15:23:03.218Z","2026-08-07T15:23:03.218Z"
"ind_usr_1326","Ishita Chatterjee","ishitac55@gmail.com","free","Active",12,15,15,"2026-08-07T15:22:15.605Z","2026-08-07T15:22:15.605Z"
"ind_usr_3081","Archana Nair","archana.nair@gmail.com","free","Active",10,15,15,"2026-08-07T15:05:28.682Z","2026-08-07T15:05:28.682Z"
"ind_usr_0491","Amit Patel","amit.patel@gmail.com","free","Active",5,15,15,"2026-08-07T15:03:21.814Z","2026-08-07T15:03:21.814Z"
"ind_usr_0673","Kritika Thakur","kritika_thakur@gmail.com","free","Active",15,15,15,"2026-08-07T14:54:09.887Z","2026-08-07T14:54:09.887Z"
"ind_usr_2838","Siddharth Reddy","siddharth.reddy.work@gmail.com","free","Active",9,15,15,"2026-08-07T14:51:35.146Z","2026-08-07T14:51:35.146Z"
"ind_usr_2415","Mohit Jain","mjain15@gmail.com","free","Active",11,15,15,"2026-08-07T14:44:56.608Z","2026-08-07T14:44:56.608Z"
"ind_usr_0959","Rashmi Rao","iam.rashmirao@gmail.com","free","Active",3,15,15,"2026-08-07T14:44:19.511Z","2026-08-07T14:44:19.511Z"
"ind_usr_0554","Sneha Yadav","sneha.yadav.1996@gmail.com","free","Active",5,15,15,"2026-08-07T14:41:44.517Z","2026-08-07T14:41:44.517Z"
"ind_usr_2356","Payal Saxena","payals84@gmail.com","free","Active",12,15,15,"2026-08-07T14:36:10.953Z","2026-08-07T14:36:10.953Z"
"ind_usr_1118","Manish Rathore","manish.rathore.work@gmail.com","free","Active",15,15,15,"2026-08-07T14:33:30.608Z","2026-08-07T14:33:30.608Z"
"ind_usr_2657","Vivek Jain","vivekjain1995@gmail.com","free","Active",15,15,15,"2026-08-07T14:17:54.594Z","2026-08-07T14:17:54.594Z"
"ind_usr_2375","Pooja Chauhan","pchauhan88@gmail.com","free","Active",15,15,15,"2026-08-07T14:07:40.363Z","2026-08-07T14:07:40.363Z"
"ind_usr_3114","Rohit Dubey","rohit.dubey.1999@gmail.com","free","Active",15,15,15,"2026-08-07T14:06:33.928Z","2026-08-07T14:06:33.928Z"
"ind_usr_1456","Riya Joshi","riyaj70@gmail.com","free","Active",6,15,15,"2026-08-07T14:03:40.386Z","2026-08-07T14:03:40.386Z"
"ind_usr_1365","Yash Kapoor","ykapoor66@gmail.com","free","Active",15,15,15,"2026-08-07T14:00:34.110Z","2026-08-07T14:00:34.110Z"
"ind_usr_0397","Nisha Banerjee","nishabanerjee1998@gmail.com","free","Active",12,15,15,"2026-08-07T13:58:24.367Z","2026-08-07T13:58:24.367Z"
"ind_usr_0893","Mohit Sinha","mohit_sinha@gmail.com","free","Active",4,15,15,"2026-08-07T13:52:31.823Z","2026-08-07T13:52:31.823Z"
"ind_usr_2721","Neha Reddy","neha.reddy@gmail.com","free","Active",4,15,15,"2026-08-07T13:46:46.694Z","2026-08-07T13:46:46.694Z"
"ind_usr_2751","Monika Tripathi","monika.tripathi@gmail.com","free","Active",11,15,15,"2026-08-07T13:36:40.131Z","2026-08-07T13:36:40.131Z"
"ind_usr_2385","Swati Dhar","sdhar73@gmail.com","free","Active",15,15,15,"2026-08-07T13:35:24.438Z","2026-08-07T13:35:24.438Z"
"ind_usr_2120","Nitin Mehta","nitin_mehta66@gmail.com","free","Active",7,15,15,"2026-08-07T13:01:50.273Z","2026-08-07T13:01:50.273Z"
"ind_usr_1417","Nitin Chauhan","nitinchauhan2001@gmail.com","free","Active",13,15,15,"2026-08-07T13:00:42.727Z","2026-08-07T13:00:42.727Z"
"ind_usr_0024","Rajesh Verma","rajesh.verma.1999@gmail.com","free","Active",6,15,15,"2026-08-07T12:54:43.085Z","2026-08-07T12:54:43.085Z"
"ind_usr_3159","Gaurav Kumar","iam.gauravkumar@gmail.com","free","Active",13,15,15,"2026-08-07T12:51:53.722Z","2026-08-07T12:51:53.722Z"
"ind_usr_1630","Kunal Dutta","kunal_dutta89@gmail.com","free","Active",3,15,15,"2026-08-07T12:51:50.532Z","2026-08-07T12:51:50.532Z"
"ind_usr_1511","Rohit Dutta","rohit.dutta@gmail.com","free","Active",9,15,15,"2026-08-07T12:50:26.943Z","2026-08-07T12:50:26.943Z"
"ind_usr_3399","Abhishek Goyal","iam.abhishekgoyal@gmail.com","free","Active",8,15,15,"2026-08-07T12:44:17.103Z","2026-08-07T12:44:17.103Z"
"ind_usr_2172","Ananya Mishra","ananyamishra90@gmail.com","free","Active",14,15,15,"2026-08-07T12:35:58.867Z","2026-08-07T12:35:58.867Z"
"ind_usr_3355","Pooja Bajaj","pbajaj72@gmail.com","free","Active",14,15,15,"2026-08-07T12:34:28.534Z","2026-08-07T12:34:28.534Z"
"ind_usr_1478","Rohit Verma","rohit.verma.work@gmail.com","free","Active",8,15,15,"2026-08-07T12:29:33.306Z","2026-08-07T12:29:33.306Z"
"ind_usr_0674","Sonia Deshmukh","sonia.deshmukh.1993@gmail.com","free","Active",13,15,15,"2026-08-07T12:25:12.357Z","2026-08-07T12:25:12.357Z"
"ind_usr_1603","Abhishek Reddy","abhishek_reddy@gmail.com","free","Active",15,15,15,"2026-08-07T12:20:43.231Z","2026-08-07T12:20:43.231Z"
"ind_usr_3042","Sunil Malhotra","sunilmalhotra58@gmail.com","free","Active",7,15,15,"2026-08-07T12:15:41.960Z","2026-08-07T12:15:41.960Z"
"ind_usr_0270","Divya Chauhan","divya_chauhan74@gmail.com","free","Active",6,15,15,"2026-08-07T12:12:55.054Z","2026-08-07T12:12:55.054Z"
"ind_usr_1153","Rajesh Nair","rajesh_nair@gmail.com","free","Active",8,15,15,"2026-08-07T12:12:34.198Z","2026-08-07T12:12:34.198Z"
"ind_usr_0979","Anjali Narang","iam.anjalinarang@gmail.com","free","Active",13,15,15,"2026-08-07T12:04:40.515Z","2026-08-07T12:04:40.515Z"
"ind_usr_1369","Prashant Rathore","iam.prashantrathore@gmail.com","free","Active",7,15,15,"2026-08-07T12:00:18.826Z","2026-08-07T12:00:18.826Z"
"ind_usr_1299","Arjun Mehta","iam.arjunmehta@gmail.com","free","Active",4,15,15,"2026-08-07T12:00:16.278Z","2026-08-07T12:00:16.278Z"
"ind_usr_2516","Amit Banerjee","amitb32@gmail.com","free","Active",4,15,15,"2026-08-07T11:46:37.211Z","2026-08-07T11:46:37.211Z"
"ind_usr_0226","Mayank Pandey","mayankp95@gmail.com","free","Active",12,15,15,"2026-08-07T11:45:13.697Z","2026-08-07T11:45:13.697Z"
"ind_usr_2244","Ananya Shah","ananya.shah.1998@gmail.com","free","Active",4,15,15,"2026-08-07T11:17:52.781Z","2026-08-07T11:17:52.781Z"
"ind_usr_1180","Divya Tiwari","divya_tiwari52@gmail.com","free","Active",4,15,15,"2026-08-07T11:13:08.223Z","2026-08-07T11:13:08.223Z"
"ind_usr_1358","Mohit Verma","mohit.verma.work@gmail.com","free","Active",11,15,15,"2026-08-07T11:12:38.632Z","2026-08-07T11:12:38.632Z"
"ind_usr_3177","Rohit Reddy","rohitreddy1995@gmail.com","free","Active",4,15,15,"2026-08-07T11:06:59.842Z","2026-08-07T11:06:59.842Z"
"ind_usr_2410","Tanya Tiwari","tanya_tiwari68@gmail.com","free","Active",5,15,15,"2026-08-07T11:01:58.496Z","2026-08-07T11:01:58.496Z"
"ind_usr_1784","Mayank Nair","mayank.nair.1993@gmail.com","free","Active",15,15,15,"2026-08-07T10:19:35.262Z","2026-08-07T10:19:35.262Z"
"ind_usr_1953","Swati Rathore","swati_rathore@gmail.com","free","Active",7,15,15,"2026-08-07T10:16:03.843Z","2026-08-07T10:16:03.843Z"
"ind_usr_0492","Siddharth Aggarwal","siddharthaggarwal95@gmail.com","free","Active",11,15,15,"2026-08-07T10:15:03.144Z","2026-08-07T10:15:03.144Z"
"ind_usr_0931","Tarun Narang","tarun.narang@gmail.com","free","Active",4,15,15,"2026-08-07T10:10:38.806Z","2026-08-07T10:10:38.806Z"
"ind_usr_1740","Kritika Mishra","kritika_mishra37@gmail.com","free","Active",13,15,15,"2026-08-07T10:10:24.718Z","2026-08-07T10:10:24.718Z"
"ind_usr_2825","Nikhil Shah","nshah97@gmail.com","free","Active",9,15,15,"2026-08-07T10:00:57.131Z","2026-08-07T10:00:57.131Z"
"ind_usr_0834","Rohit Kumar","rohit.kumar.1996@gmail.com","free","Active",14,15,15,"2026-08-07T09:51:31.753Z","2026-08-07T09:51:31.753Z"
"ind_usr_0332","Mohit Chauhan","mohitchauhan50@gmail.com","free","Active",3,15,15,"2026-08-07T09:23:07.167Z","2026-08-07T09:23:07.167Z"
"ind_usr_1146","Alok Jain","alokj16@gmail.com","free","Active",15,15,15,"2026-08-07T09:21:32.538Z","2026-08-07T09:21:32.538Z"
"ind_usr_0101","Prashant Mehta","prashant.mehta@gmail.com","free","Active",11,15,15,"2026-08-07T09:16:17.130Z","2026-08-07T09:16:17.130Z"
"ind_usr_0066","Divya Dhar","divyad34@gmail.com","free","Active",6,15,15,"2026-08-07T09:15:12.785Z","2026-08-07T09:15:12.785Z"
"ind_usr_2806","Sonia Bhatia","soniab31@gmail.com","free","Active",10,15,15,"2026-08-07T09:07:51.425Z","2026-08-07T09:07:51.425Z"
"ind_usr_0914","Mayank Kapoor","mayank.kapoor.1996@gmail.com","free","Active",6,15,15,"2026-08-07T09:06:02.583Z","2026-08-07T09:06:02.583Z"
"ind_usr_2491","Nisha Banerjee","nisha.banerjee@gmail.com","free","Active",15,15,15,"2026-08-07T09:05:30.204Z","2026-08-07T09:05:30.204Z"
"ind_usr_0447","Saurabh Bajaj","saurabhbajaj2003@gmail.com","free","Active",4,15,15,"2026-08-07T09:02:11.476Z","2026-08-07T09:02:11.476Z"
"ind_usr_0487","Karan Patel","karanpatel1995@gmail.com","free","Active",11,15,15,"2026-08-07T08:57:16.578Z","2026-08-07T08:57:16.578Z"
"ind_usr_3322","Prashant Mishra","prashantmishra35@gmail.com","free","Active",9,15,15,"2026-08-07T08:49:24.024Z","2026-08-07T08:49:24.024Z"
"ind_usr_3123","Tarun Mishra","tarun.mishra1859@gmail.com","free","Active",5,15,15,"2026-08-07T08:38:38.872Z","2026-08-07T08:38:38.872Z"
"ind_usr_1512","Mohit Kumar","mohitkumar63@gmail.com","free","Active",15,15,15,"2026-08-07T08:30:00.540Z","2026-08-07T08:30:00.540Z"
"ind_usr_2418","Karan Bajaj","karan.bajaj.work@gmail.com","free","Active",4,15,15,"2026-08-07T08:19:26.730Z","2026-08-07T08:19:26.730Z"
"ind_usr_3083","Sunil Kapoor","sunil_kapoor@gmail.com","free","Active",11,15,15,"2026-08-07T08:11:25.712Z","2026-08-07T08:11:25.712Z"
"ind_usr_1796","Archana Ahuja","archanaa34@gmail.com","free","Active",12,15,15,"2026-08-07T08:08:15.743Z","2026-08-07T08:08:15.743Z"
"ind_usr_1591","Amit Jain","amit.jain@gmail.com","free","Active",3,15,15,"2026-08-07T07:51:14.121Z","2026-08-07T07:51:14.121Z"
"ind_usr_2456","Kiran Sinha","kirans86@gmail.com","free","Active",9,15,15,"2026-08-07T07:42:08.763Z","2026-08-07T07:42:08.763Z"
"ind_usr_1839","Komal Jain","iam.komaljain@gmail.com","free","Active",6,15,15,"2026-08-07T07:34:49.202Z","2026-08-07T07:34:49.202Z"
"ind_usr_0322","Rashmi Tiwari","rashmitiwari82@gmail.com","free","Active",6,15,15,"2026-08-07T07:09:02.659Z","2026-08-07T07:09:02.659Z"
"ind_usr_2361","Prashant Chauhan","prashant.chauhan@gmail.com","free","Active",3,15,15,"2026-08-07T07:02:05.458Z","2026-08-07T07:02:05.458Z"
"ind_usr_2801","Anjali Goyal","anjali.goyal@gmail.com","free","Active",3,15,15,"2026-08-07T07:01:02.395Z","2026-08-07T07:01:02.395Z"
"ind_usr_3205","Bhavna Rao","brao53@gmail.com","free","Active",8,15,15,"2026-08-07T06:58:59.243Z","2026-08-07T06:58:59.243Z"
"ind_usr_0267","Riya Mehta","riyamehta2002@gmail.com","free","Active",9,15,15,"2026-08-07T06:56:17.134Z","2026-08-07T06:56:17.134Z"
"ind_usr_1699","Rakesh Thakur","iam.rakeshthakur@gmail.com","free","Active",13,15,15,"2026-08-07T06:55:33.204Z","2026-08-07T06:55:33.204Z"
"ind_usr_2785","Aarav Dhar","adhar70@gmail.com","free","Active",15,15,15,"2026-08-07T06:47:03.693Z","2026-08-07T06:47:03.693Z"
"ind_usr_0776","Nisha Kapoor","nishak35@gmail.com","free","Active",11,15,15,"2026-08-07T06:43:45.850Z","2026-08-07T06:43:45.850Z"
"ind_usr_2462","Abhishek Bhasin","abhishekbhasin68@gmail.com","free","Active",13,15,15,"2026-08-07T06:34:18.780Z","2026-08-07T06:34:18.780Z"
"ind_usr_0054","Aakash Thakur","aakash.thakur.1999@gmail.com","free","Active",8,15,15,"2026-08-07T06:31:49.235Z","2026-08-07T06:31:49.235Z"
"ind_usr_1788","Monika Pandey","monika.pandey2884@gmail.com","free","Active",14,15,15,"2026-08-07T06:30:32.318Z","2026-08-07T06:30:32.318Z"
"ind_usr_3051","Nitin Kumar","nitin.kumar@gmail.com","free","Active",9,15,15,"2026-08-07T06:21:39.147Z","2026-08-07T06:21:39.147Z"
"ind_usr_2494","Rakesh Malhotra","rakesh.malhotra.2003@gmail.com","free","Active",12,15,15,"2026-08-07T06:19:46.175Z","2026-08-07T06:19:46.175Z"
"ind_usr_0401","Saurabh Bhasin","saurabh.bhasin@gmail.com","free","Active",15,15,15,"2026-08-07T06:17:55.720Z","2026-08-07T06:17:55.720Z"
"ind_usr_0361","Manish Joshi","manish.joshi@gmail.com","free","Active",15,15,15,"2026-08-07T06:01:37.630Z","2026-08-07T06:01:37.630Z"
"ind_usr_2066","Simran Reddy","simranr21@gmail.com","free","Active",10,15,15,"2026-08-07T05:59:49.074Z","2026-08-07T05:59:49.074Z"
"ind_usr_1706","Shreya Dubey","shreyad75@gmail.com","free","Active",3,15,15,"2026-08-07T05:51:11.440Z","2026-08-07T05:51:11.440Z"
"ind_usr_1633","Shreya Dutta","shreya_dutta@gmail.com","free","Active",15,15,15,"2026-08-07T05:44:11.217Z","2026-08-07T05:44:11.217Z"
"ind_usr_1717","Kritika Tripathi","kritikatripathi1995@gmail.com","free","Active",11,15,15,"2026-08-07T05:43:54.579Z","2026-08-07T05:43:54.579Z"
"ind_usr_2258","Monika Deshmukh","monika.deshmukh.work@gmail.com","free","Active",12,15,15,"2026-08-07T05:43:27.145Z","2026-08-07T05:43:27.145Z"
"ind_usr_0800","Ishita Mehta","ishita_mehta36@gmail.com","free","Active",12,15,15,"2026-08-07T05:37:21.657Z","2026-08-07T05:37:21.657Z"
"ind_usr_1973","Megha Sharma","megha_sharma@gmail.com","free","Active",13,15,15,"2026-08-07T05:36:47.389Z","2026-08-07T05:36:47.389Z"
"ind_usr_1627","Rohan Ahuja","rohanahuja2002@gmail.com","free","Active",12,15,15,"2026-08-07T05:21:55.853Z","2026-08-07T05:21:55.853Z"
"ind_usr_0360","Rajesh Reddy","rajesh_reddy11@gmail.com","free","Active",5,15,15,"2026-08-07T05:16:42.473Z","2026-08-07T05:16:42.473Z"
"ind_usr_1543","Sneha Rathore","sneha_rathore@gmail.com","free","Active",10,15,15,"2026-08-07T05:10:11.590Z","2026-08-07T05:10:11.590Z"
"ind_usr_0431","Jyoti Dutta","jyoti.dutta@gmail.com","free","Active",6,15,15,"2026-08-07T04:50:10.373Z","2026-08-07T04:50:10.373Z"
"ind_usr_2413","Riya Dhar","riya_dhar@gmail.com","free","Active",10,15,15,"2026-08-07T04:40:46.679Z","2026-08-07T04:40:46.679Z"
"ind_usr_1561","Yash Reddy","yash.reddy@gmail.com","free","Active",12,15,15,"2026-08-07T04:33:10.571Z","2026-08-07T04:33:10.571Z"
"ind_usr_2367","Rakesh Aggarwal","rakeshaggarwal2003@gmail.com","free","Active",13,15,15,"2026-08-07T04:29:10.405Z","2026-08-07T04:29:10.405Z"
"ind_usr_1652","Pooja Bajaj","poojabajaj95@gmail.com","free","Active",9,15,15,"2026-08-07T04:10:39.572Z","2026-08-07T04:10:39.572Z"
"ind_usr_2090","Kiran Chauhan","kiran_chauhan93@gmail.com","free","Active",6,15,15,"2026-08-07T03:58:41.893Z","2026-08-07T03:58:41.893Z"
"ind_usr_2277","Manish Tiwari","manishtiwari2002@gmail.com","free","Active",13,15,15,"2026-08-07T03:47:04.598Z","2026-08-07T03:47:04.598Z"
"ind_usr_0362","Siddharth Bajaj","siddharthbajaj31@gmail.com","free","Active",3,15,15,"2026-08-07T03:42:30.099Z","2026-08-07T03:42:30.099Z"
"ind_usr_1708","Rohit Gupta","rohit.gupta.work@gmail.com","free","Active",4,15,15,"2026-08-07T03:39:44.371Z","2026-08-07T03:39:44.371Z"
"ind_usr_0300","Siddharth Joshi","siddharth_joshi47@gmail.com","free","Active",11,15,15,"2026-08-07T03:32:44.093Z","2026-08-07T03:32:44.093Z"
"ind_usr_3369","Sunil Choudhury","iam.sunilchoudhury@gmail.com","free","Active",8,15,15,"2026-08-07T03:30:54.337Z","2026-08-07T03:30:54.337Z"
"ind_usr_3254","Pooja Sharma","pooja.sharma.1995@gmail.com","free","Active",6,15,15,"2026-08-07T03:29:00.870Z","2026-08-07T03:29:00.870Z"
"ind_usr_2354","Sunil Rao","sunil.rao.2001@gmail.com","free","Active",13,15,15,"2026-08-07T03:26:38.924Z","2026-08-07T03:26:38.924Z"
"ind_usr_2155","Vikram Bhasin","vbhasin91@gmail.com","free","Active",11,15,15,"2026-08-07T03:23:45.922Z","2026-08-07T03:23:45.922Z"
"ind_usr_1280","Arjun Reddy","arjun_reddy90@gmail.com","free","Active",15,15,15,"2026-08-07T03:22:50.097Z","2026-08-07T03:22:50.097Z"
"ind_usr_0243","Suresh Thakur","suresh_thakur@gmail.com","free","Active",13,15,15,"2026-08-07T03:18:14.705Z","2026-08-07T03:18:14.705Z"
"ind_usr_3400","Rashmi Dutta","rashmi_dutta60@gmail.com","free","Active",3,15,15,"2026-08-07T03:11:37.056Z","2026-08-07T03:11:37.056Z"
"ind_usr_0889","Varun Saxena","iam.varunsaxena@gmail.com","free","Active",13,15,15,"2026-08-07T03:05:59.707Z","2026-08-07T03:05:59.707Z"
"ind_usr_1273","Sneha Shah","sneha_shah@gmail.com","free","Active",3,15,15,"2026-08-07T02:51:35.371Z","2026-08-07T02:51:35.371Z"
"ind_usr_2307","Aditya Goyal","adityagoyal2002@gmail.com","free","Active",14,15,15,"2026-08-07T02:50:10.224Z","2026-08-07T02:50:10.224Z"
"ind_usr_2443","Abhishek Dhar","abhishek_dhar@gmail.com","free","Active",7,15,15,"2026-08-07T02:41:46.746Z","2026-08-07T02:41:46.746Z"
"ind_usr_0989","Rajesh Rao","iam.rajeshrao@gmail.com","free","Active",5,15,15,"2026-08-07T02:40:40.624Z","2026-08-07T02:40:40.624Z"
"ind_usr_0950","Deepika Tiwari","deepika_tiwari32@gmail.com","free","Active",7,15,15,"2026-08-07T02:35:07.678Z","2026-08-07T02:35:07.678Z"
"ind_usr_2718","Priya Saxena","priya.saxena.work@gmail.com","free","Active",12,15,15,"2026-08-07T02:24:57.549Z","2026-08-07T02:24:57.549Z"
"ind_usr_2670","Vikram Mishra","vikram_mishra92@gmail.com","free","Active",12,15,15,"2026-08-07T02:17:25.502Z","2026-08-07T02:17:25.502Z"
"ind_usr_0225","Swati Mehta","smehta61@gmail.com","free","Active",6,15,15,"2026-08-07T02:15:15.242Z","2026-08-07T02:15:15.242Z"
"ind_usr_0072","Vandana Sharma","vandanasharma59@gmail.com","free","Active",4,15,15,"2026-08-07T02:12:23.913Z","2026-08-07T02:12:23.913Z"
"ind_usr_0495","Payal Kumar","pkumar72@gmail.com","free","Active",3,15,15,"2026-08-07T02:08:27.682Z","2026-08-07T02:08:27.682Z"
"ind_usr_3061","Manish Shah","manish.shah@gmail.com","free","Active",7,15,15,"2026-08-07T02:00:24.048Z","2026-08-07T02:00:24.048Z"
"ind_usr_1044","Mayank Shah","mayank.shah.1997@gmail.com","free","Active",11,15,15,"2026-08-07T01:36:58.310Z","2026-08-07T01:36:58.310Z"
"ind_usr_2682","Tarun Joshi","tarunjoshi26@gmail.com","free","Active",15,15,15,"2026-08-07T01:30:32.828Z","2026-08-07T01:30:32.828Z"
"ind_usr_2926","Deepak Joshi","deepakj92@gmail.com","free","Active",10,15,15,"2026-08-07T01:30:27.141Z","2026-08-07T01:30:27.141Z"
"ind_usr_0483","Neha Ahuja","neha_ahuja@gmail.com","free","Active",13,15,15,"2026-08-07T01:24:41.220Z","2026-08-07T01:24:41.220Z"
"ind_usr_2589","Ishita Yadav","iam.ishitayadav@gmail.com","free","Active",4,15,15,"2026-08-07T01:24:40.973Z","2026-08-07T01:24:40.973Z"
"ind_usr_3013","Swati Mehta","swati_mehta@gmail.com","free","Active",3,15,15,"2026-08-07T01:17:22.140Z","2026-08-07T01:17:22.140Z"
"ind_usr_1290","Deepak Tripathi","deepak_tripathi18@gmail.com","free","Active",8,15,15,"2026-08-07T01:15:10.068Z","2026-08-07T01:15:10.068Z"
"ind_usr_0280","Nitin Goyal","nitin_goyal43@gmail.com","free","Active",4,15,15,"2026-08-07T01:13:34.894Z","2026-08-07T01:13:34.894Z"
"ind_usr_0403","Ishita Patel","ishita_patel@gmail.com","free","Active",13,15,15,"2026-08-07T01:13:06.619Z","2026-08-07T01:13:06.619Z"
"ind_usr_0329","Kritika Yadav","iam.kritikayadav@gmail.com","free","Active",13,15,15,"2026-08-07T01:04:10.932Z","2026-08-07T01:04:10.932Z"
"ind_usr_2162","Anjali Jain","anjalijain67@gmail.com","free","Active",9,15,15,"2026-08-07T01:00:44.957Z","2026-08-07T01:00:44.957Z"
"ind_usr_0994","Shreya Mishra","shreya.mishra.1998@gmail.com","free","Active",10,15,15,"2026-08-07T00:58:41.093Z","2026-08-07T00:58:41.093Z"
"ind_usr_0314","Nitin Kumar","nitin.kumar.2003@gmail.com","free","Active",9,15,15,"2026-08-07T00:51:19.727Z","2026-08-07T00:51:19.727Z"
"ind_usr_1773","Kritika Sinha","kritika_sinha@gmail.com","free","Active",3,15,15,"2026-08-07T00:36:57.196Z","2026-08-07T00:36:57.196Z"
"ind_usr_0462","Sonia Mehta","soniamehta95@gmail.com","free","Active",7,15,15,"2026-08-07T00:25:27.295Z","2026-08-07T00:25:27.295Z"
"ind_usr_0835","Kavya Thakur","kthakur39@gmail.com","free","Active",4,15,15,"2026-08-07T00:21:49.727Z","2026-08-07T00:21:49.727Z"
"ind_usr_3069","Tarun Dutta","iam.tarundutta@gmail.com","free","Active",12,15,15,"2026-08-07T00:19:04.017Z","2026-08-07T00:19:04.017Z"
"ind_usr_0781","Simran Chawla","simran.chawla@gmail.com","free","Active",15,15,15,"2026-08-07T00:08:15.686Z","2026-08-07T00:08:15.686Z"
"ind_usr_0189","Sunil Pandey","iam.sunilpandey@gmail.com","free","Active",4,15,15,"2026-08-07T00:06:06.493Z","2026-08-07T00:06:06.493Z"
"ind_usr_0190","Alok Dhar","alok_dhar33@gmail.com","free","Active",3,15,15,"2026-08-07T00:05:39.618Z","2026-08-07T00:05:39.618Z"
"ind_usr_0167","Vivek Mishra","vivekmishra1998@gmail.com","free","Active",7,15,15,"2026-08-07T00:00:24.597Z","2026-08-07T00:00:24.597Z"
"ind_usr_0596","Simran Verma","simranv26@gmail.com","free","Active",6,15,15,"2026-08-06T23:55:26.386Z","2026-08-06T23:55:26.386Z"
"ind_usr_0485","Deepak Nair","dnair34@gmail.com","free","Active",11,15,15,"2026-08-06T23:46:45.810Z","2026-08-06T23:46:45.810Z"
"ind_usr_3257","Neha Sinha","nehasinha1993@gmail.com","free","Active",8,15,15,"2026-08-06T23:31:49.929Z","2026-08-06T23:31:49.929Z"
"ind_usr_2329","Monika Patel","iam.monikapatel@gmail.com","free","Active",14,15,15,"2026-08-06T23:30:04.162Z","2026-08-06T23:30:04.162Z"
"ind_usr_0369","Jyoti Mishra","iam.jyotimishra@gmail.com","free","Active",5,15,15,"2026-08-06T23:09:33.808Z","2026-08-06T23:09:33.808Z"
"ind_usr_2436","Siddharth Chawla","siddharthc21@gmail.com","free","Active",5,15,15,"2026-08-06T23:07:53.107Z","2026-08-06T23:07:53.107Z"
"ind_usr_3034","Saurabh Thakur","saurabh.thakur.1996@gmail.com","free","Active",4,15,15,"2026-08-06T23:05:30.351Z","2026-08-06T23:05:30.351Z"
"ind_usr_1695","Ishita Sharma","isharma57@gmail.com","free","Active",6,15,15,"2026-08-06T23:05:09.752Z","2026-08-06T23:05:09.752Z"
"ind_usr_2734","Prashant Nair","prashant.nair.2000@gmail.com","free","Active",9,15,15,"2026-08-06T23:01:11.562Z","2026-08-06T23:01:11.562Z"
"ind_usr_0419","Komal Sharma","iam.komalsharma@gmail.com","free","Active",14,15,15,"2026-08-06T22:49:33.126Z","2026-08-06T22:49:33.126Z"
"ind_usr_0509","Kritika Ahuja","iam.kritikaahuja@gmail.com","free","Active",7,15,15,"2026-08-06T22:30:05.748Z","2026-08-06T22:30:05.748Z"
"ind_usr_0215","Saurabh Ahuja","sahuja16@gmail.com","free","Active",14,15,15,"2026-08-06T22:18:24.808Z","2026-08-06T22:18:24.808Z"
"ind_usr_1176","Neha Bajaj","nehab32@gmail.com","free","Active",4,15,15,"2026-08-06T22:17:00.561Z","2026-08-06T22:17:00.561Z"
"ind_usr_2109","Komal Dhar","iam.komaldhar@gmail.com","free","Active",5,15,15,"2026-08-06T22:14:02.193Z","2026-08-06T22:14:02.193Z"
"ind_usr_0479","Vikram Rao","iam.vikramrao@gmail.com","free","Active",8,15,15,"2026-08-06T22:05:35.821Z","2026-08-06T22:05:35.821Z"
"ind_usr_3066","Swati Dutta","swatid68@gmail.com","free","Active",11,15,15,"2026-08-06T21:50:32.584Z","2026-08-06T21:50:32.584Z"
"ind_usr_3067","Aakash Reddy","aakashreddy1995@gmail.com","free","Active",12,15,15,"2026-08-06T21:44:17.827Z","2026-08-06T21:44:17.827Z"
"ind_usr_0941","Kavya Nair","kavya.nair@gmail.com","free","Active",3,15,15,"2026-08-06T21:39:18.572Z","2026-08-06T21:39:18.572Z"
"ind_usr_3383","Pooja Singh","pooja_singh@gmail.com","free","Active",7,15,15,"2026-08-06T21:24:56.663Z","2026-08-06T21:24:56.663Z"
"ind_usr_0290","Alok Nair","alok_nair29@gmail.com","free","Active",14,15,15,"2026-08-06T21:24:13.002Z","2026-08-06T21:24:13.002Z"
"ind_usr_3137","Abhishek Joshi","abhishekjoshi1997@gmail.com","free","Active",7,15,15,"2026-08-06T21:16:17.390Z","2026-08-06T21:16:17.390Z"
"ind_usr_2615","Gaurav Dutta","gdutta49@gmail.com","free","Active",4,15,15,"2026-08-06T21:08:23.902Z","2026-08-06T21:08:23.902Z"
"ind_usr_2662","Saurabh Rathore","saurabhrathore90@gmail.com","free","Active",9,15,15,"2026-08-06T21:08:09.786Z","2026-08-06T21:08:09.786Z"
"ind_usr_1793","Rohit Chauhan","rohit_chauhan@gmail.com","free","Active",11,15,15,"2026-08-06T21:03:11.678Z","2026-08-06T21:03:11.678Z"
"ind_usr_1323","Monika Dubey","monika_dubey@gmail.com","free","Active",10,15,15,"2026-08-06T20:59:33.690Z","2026-08-06T20:59:33.690Z"
"ind_usr_1406","Sneha Tripathi","snehat82@gmail.com","free","Active",7,15,15,"2026-08-06T20:52:21.395Z","2026-08-06T20:52:21.395Z"
"ind_usr_2730","Kavya Bajaj","kavya_bajaj20@gmail.com","free","Active",15,15,15,"2026-08-06T20:51:36.458Z","2026-08-06T20:51:36.458Z"
"ind_usr_3029","Deepika Dubey","iam.deepikadubey@gmail.com","free","Active",7,15,15,"2026-08-06T20:45:16.595Z","2026-08-06T20:45:16.595Z"
"ind_usr_1078","Vandana Rathore","vandana.rathore.work@gmail.com","free","Active",6,15,15,"2026-08-06T20:37:11.047Z","2026-08-06T20:37:11.047Z"
"ind_usr_2019","Kunal Chauhan","iam.kunalchauhan@gmail.com","free","Active",11,15,15,"2026-08-06T20:32:52.675Z","2026-08-06T20:32:52.675Z"
"ind_usr_2107","Tarun Rathore","tarunrathore1997@gmail.com","free","Active",12,15,15,"2026-08-06T20:18:07.791Z","2026-08-06T20:18:07.791Z"
"ind_usr_1638","Pooja Goyal","pooja.goyal.work@gmail.com","free","Active",15,15,15,"2026-08-06T20:10:09.866Z","2026-08-06T20:10:09.866Z"
"ind_usr_0533","Gaurav Mehta","gaurav_mehta@gmail.com","free","Active",9,15,15,"2026-08-06T20:10:07.384Z","2026-08-06T20:10:07.384Z"
"ind_usr_0818","Jyoti Verma","jyoti.verma.work@gmail.com","free","Active",15,15,15,"2026-08-06T20:06:34.854Z","2026-08-06T20:06:34.854Z"
"ind_usr_0155","Sneha Nair","snair19@gmail.com","free","Active",6,15,15,"2026-08-06T20:02:13.198Z","2026-08-06T20:02:13.198Z"
"ind_usr_0421","Tanya Aggarwal","tanya.aggarwal@gmail.com","free","Active",8,15,15,"2026-08-06T19:52:40.438Z","2026-08-06T19:52:40.438Z"
"ind_usr_1199","Megha Chatterjee","iam.meghachatterjee@gmail.com","free","Active",9,15,15,"2026-08-06T19:36:40.465Z","2026-08-06T19:36:40.465Z"
"ind_usr_0374","Pooja Tiwari","pooja.tiwari.2002@gmail.com","free","Active",11,15,15,"2026-08-06T19:34:57.241Z","2026-08-06T19:34:57.241Z"
"ind_usr_0238","Aditya Dubey","aditya.dubey.work@gmail.com","free","Active",10,15,15,"2026-08-06T19:34:33.852Z","2026-08-06T19:34:33.852Z"
"ind_usr_1694","Prashant Gupta","prashant.gupta.1999@gmail.com","free","Active",6,15,15,"2026-08-06T19:33:18.186Z","2026-08-06T19:33:18.186Z"
"ind_usr_0923","Arjun Shah","arjun_shah@gmail.com","free","Active",15,15,15,"2026-08-06T19:23:26.294Z","2026-08-06T19:23:26.294Z"
"ind_usr_0579","Riya Mehta","iam.riyamehta@gmail.com","free","Active",5,15,15,"2026-08-06T19:16:41.449Z","2026-08-06T19:16:41.449Z"
"ind_usr_0162","Tarun Joshi","tarunjoshi23@gmail.com","free","Active",15,15,15,"2026-08-06T19:14:24.376Z","2026-08-06T19:14:24.376Z"
"ind_usr_1980","Komal Bhasin","komal_bhasin74@gmail.com","free","Active",15,15,15,"2026-08-06T19:03:02.556Z","2026-08-06T19:03:02.556Z"
"ind_usr_2506","Priya Yadav","priyay48@gmail.com","free","Active",10,15,15,"2026-08-06T19:01:32.412Z","2026-08-06T19:01:32.412Z"
"ind_usr_0292","Tarun Rathore","tarunrathore38@gmail.com","free","Active",7,15,15,"2026-08-06T19:00:51.687Z","2026-08-06T19:00:51.687Z"
"ind_usr_0019","Kunal Joshi","iam.kunaljoshi@gmail.com","free","Active",10,15,15,"2026-08-06T18:54:04.326Z","2026-08-06T18:54:04.326Z"
"ind_usr_1874","Jyoti Deshmukh","jyoti.deshmukh.1997@gmail.com","free","Active",13,15,15,"2026-08-06T18:48:30.312Z","2026-08-06T18:48:30.312Z"
"ind_usr_0741","Riya Shah","riya.shah@gmail.com","free","Active",8,15,15,"2026-08-06T18:37:54.290Z","2026-08-06T18:37:54.290Z"
"ind_usr_3373","Sonam Saxena","sonam_saxena@gmail.com","free","Active",12,15,15,"2026-08-06T18:28:43.020Z","2026-08-06T18:28:43.020Z"
"ind_usr_0192","Ishita Joshi","ishitajoshi87@gmail.com","free","Active",5,15,15,"2026-08-06T18:23:02.980Z","2026-08-06T18:23:02.980Z"
"ind_usr_1557","Neha Mehta","nehamehta1996@gmail.com","free","Active",8,15,15,"2026-08-06T18:21:15.491Z","2026-08-06T18:21:15.491Z"
"ind_usr_1107","Anjali Dutta","anjalidutta1999@gmail.com","free","Active",4,15,15,"2026-08-06T17:57:44.291Z","2026-08-06T17:57:44.291Z"
"ind_usr_2528","Mayank Saxena","mayank.saxena.work@gmail.com","free","Active",10,15,15,"2026-08-06T17:50:53.620Z","2026-08-06T17:50:53.620Z"
"ind_usr_3105","Yash Sinha","ysinha63@gmail.com","free","Active",15,15,15,"2026-08-06T17:45:22.642Z","2026-08-06T17:45:22.642Z"
"ind_usr_0341","Aarav Rao","aarav.rao@gmail.com","free","Active",9,15,15,"2026-08-06T17:37:22.438Z","2026-08-06T17:37:22.438Z"
"ind_usr_2409","Mohit Choudhury","iam.mohitchoudhury@gmail.com","free","Active",5,15,15,"2026-08-06T17:29:17.970Z","2026-08-06T17:29:17.970Z"
"ind_usr_2250","Simran Kumar","simran_kumar99@gmail.com","free","Active",15,15,15,"2026-08-06T17:25:59.052Z","2026-08-06T17:25:59.052Z"
"ind_usr_2372","Priya Dhar","priyadhar42@gmail.com","free","Active",5,15,15,"2026-08-06T17:19:43.603Z","2026-08-06T17:19:43.603Z"
"ind_usr_3071","Priya Reddy","priya.reddy@gmail.com","free","Active",5,15,15,"2026-08-06T17:18:29.629Z","2026-08-06T17:18:29.629Z"
"ind_usr_1359","Priya Mishra","iam.priyamishra@gmail.com","free","Active",5,15,15,"2026-08-06T17:15:15.216Z","2026-08-06T17:15:15.216Z"
"ind_usr_1785","Ishita Joshi","ijoshi67@gmail.com","free","Active",13,15,15,"2026-08-06T17:15:08.394Z","2026-08-06T17:15:08.394Z"
"ind_usr_2727","Manish Rathore","manishrathore1995@gmail.com","free","Active",5,15,15,"2026-08-06T17:14:38.712Z","2026-08-06T17:14:38.712Z"
"ind_usr_2729","Mohit Chatterjee","iam.mohitchatterjee@gmail.com","free","Active",6,15,15,"2026-08-06T17:13:42.227Z","2026-08-06T17:13:42.227Z"
"ind_usr_2784","Monika Ahuja","monika.ahuja.1998@gmail.com","free","Active",15,15,15,"2026-08-06T17:11:20.871Z","2026-08-06T17:11:20.871Z"
"ind_usr_1282","Gaurav Dutta","gauravdutta48@gmail.com","free","Active",6,15,15,"2026-08-06T17:06:12.950Z","2026-08-06T17:06:12.950Z"
"ind_usr_1311","Bhavna Mishra","bhavna.mishra@gmail.com","free","Active",10,15,15,"2026-08-06T17:04:57.806Z","2026-08-06T17:04:57.806Z"
"ind_usr_3213","Kunal Sharma","kunal_sharma@gmail.com","free","Active",6,15,15,"2026-08-06T16:56:14.971Z","2026-08-06T16:56:14.971Z"
"ind_usr_3064","Vandana Sinha","vandana.sinha.2002@gmail.com","free","Active",5,15,15,"2026-08-06T16:51:13.410Z","2026-08-06T16:51:13.410Z"
"ind_usr_0853","Kavya Bhasin","kavya_bhasin@gmail.com","free","Active",14,15,15,"2026-08-06T16:45:44.469Z","2026-08-06T16:45:44.469Z"
"ind_usr_3323","Yash Kumar","yash_kumar@gmail.com","free","Active",3,15,15,"2026-08-06T16:39:43.244Z","2026-08-06T16:39:43.244Z"
"ind_usr_1405","Arjun Mishra","amishra66@gmail.com","free","Active",6,15,15,"2026-08-06T16:35:56.600Z","2026-08-06T16:35:56.600Z"
"ind_usr_2546","Rakesh Patel","rakeshp80@gmail.com","free","Active",11,15,15,"2026-08-06T16:28:42.832Z","2026-08-06T16:28:42.832Z"
"ind_usr_0795","Komal Sharma","ksharma66@gmail.com","free","Active",8,15,15,"2026-08-06T16:25:50.821Z","2026-08-06T16:25:50.821Z"
"ind_usr_0670","Mohit Chawla","mohit_chawla38@gmail.com","free","Active",10,15,15,"2026-08-06T16:23:18.387Z","2026-08-06T16:23:18.387Z"
"ind_usr_1688","Payal Verma","payal.verma.work@gmail.com","free","Active",5,15,15,"2026-08-06T16:22:27.377Z","2026-08-06T16:22:27.377Z"
"ind_usr_0750","Shreya Mishra","shreya_mishra43@gmail.com","free","Active",10,15,15,"2026-08-06T16:19:24.054Z","2026-08-06T16:19:24.054Z"
"ind_usr_2455","Rashmi Gupta","rgupta77@gmail.com","free","Active",7,15,15,"2026-08-06T16:14:33.822Z","2026-08-06T16:14:33.822Z"
"ind_usr_3264","Yash Kumar","yash.kumar.1993@gmail.com","free","Active",15,15,15,"2026-08-06T16:10:11.832Z","2026-08-06T16:10:11.832Z"
"ind_usr_1878","Mohit Dubey","mohit.dubey.work@gmail.com","free","Active",8,15,15,"2026-08-06T16:05:41.715Z","2026-08-06T16:05:41.715Z"
"ind_usr_1568","Rohit Patel","rohit.patel.work@gmail.com","free","Active",9,15,15,"2026-08-06T16:01:43.951Z","2026-08-06T16:01:43.951Z"
"ind_usr_0997","Vivek Verma","vivekverma1999@gmail.com","free","Active",3,15,15,"2026-08-06T15:59:45.751Z","2026-08-06T15:59:45.751Z"
"ind_usr_0475","Divya Gupta","dgupta99@gmail.com","free","Active",8,15,15,"2026-08-06T15:57:00.553Z","2026-08-06T15:57:00.553Z"
"ind_usr_0315","Siddharth Reddy","sreddy11@gmail.com","free","Active",12,15,15,"2026-08-06T15:50:52.939Z","2026-08-06T15:50:52.939Z"
"ind_usr_0809","Kritika Kumar","iam.kritikakumar@gmail.com","free","Active",3,15,15,"2026-08-06T15:45:10.421Z","2026-08-06T15:45:10.421Z"
"ind_usr_0634","Sonia Patel","sonia.patel.2001@gmail.com","free","Active",5,15,15,"2026-08-06T15:40:28.496Z","2026-08-06T15:40:28.496Z"
"ind_usr_2225","Rajesh Rathore","rrathore31@gmail.com","free","Active",14,15,15,"2026-08-06T15:38:08.292Z","2026-08-06T15:38:08.292Z"
"ind_usr_0233","Varun Rathore","varun_rathore@gmail.com","free","Active",7,15,15,"2026-08-06T15:38:07.805Z","2026-08-06T15:38:07.805Z"
"ind_usr_1492","Simran Kumar","simrankumar90@gmail.com","free","Active",11,15,15,"2026-08-06T15:38:05.674Z","2026-08-06T15:38:05.674Z"
"ind_usr_0699","Sonia Bhasin","iam.soniabhasin@gmail.com","free","Active",4,15,15,"2026-08-06T15:36:35.178Z","2026-08-06T15:36:35.178Z"
"ind_usr_3033","Tarun Deshmukh","tarun_deshmukh@gmail.com","free","Active",8,15,15,"2026-08-06T15:26:42.938Z","2026-08-06T15:26:42.938Z"
"ind_usr_3216","Varun Verma","varunv73@gmail.com","free","Active",8,15,15,"2026-08-06T15:16:32.039Z","2026-08-06T15:16:32.039Z"
"ind_usr_0463","Ishita Bajaj","ishita_bajaj@gmail.com","free","Active",13,15,15,"2026-08-06T15:15:51.027Z","2026-08-06T15:15:51.027Z"
"ind_usr_1550","Saurabh Mishra","saurabh_mishra22@gmail.com","free","Active",9,15,15,"2026-08-06T15:04:13.217Z","2026-08-06T15:04:13.217Z"
"ind_usr_2136","Pooja Sharma","poojas12@gmail.com","free","Active",5,15,15,"2026-08-06T15:02:13.908Z","2026-08-06T15:02:13.908Z"
"ind_usr_1703","Prashant Thakur","prashant_thakur@gmail.com","free","Active",14,15,15,"2026-08-06T14:59:23.268Z","2026-08-06T14:59:23.268Z"
"ind_usr_1834","Bhavna Nair","bhavna.nair.1998@gmail.com","free","Active",8,15,15,"2026-08-06T14:58:09.345Z","2026-08-06T14:58:09.345Z"
"ind_usr_2757","Vandana Bajaj","vandanabajaj1997@gmail.com","free","Active",5,15,15,"2026-08-06T14:52:50.418Z","2026-08-06T14:52:50.418Z"
"ind_usr_0544","Aakash Pandey","aakash.pandey.2003@gmail.com","free","Active",8,15,15,"2026-08-06T14:41:26.568Z","2026-08-06T14:41:26.568Z"
"ind_usr_0955","Rahul Bajaj","rbajaj99@gmail.com","free","Active",7,15,15,"2026-08-06T14:38:19.156Z","2026-08-06T14:38:19.156Z"
"ind_usr_0517","Rakesh Shah","rakeshshah1995@gmail.com","free","Active",13,15,15,"2026-08-06T14:28:44.409Z","2026-08-06T14:28:44.409Z"
"ind_usr_0161","Amit Rao","amit.rao@gmail.com","free","Active",4,15,15,"2026-08-06T14:28:06.737Z","2026-08-06T14:28:06.737Z"
"ind_usr_1642","Mohit Reddy","mohitreddy95@gmail.com","free","Active",14,15,15,"2026-08-06T14:26:43.250Z","2026-08-06T14:26:43.250Z"
"ind_usr_1539","Simran Chawla","iam.simranchawla@gmail.com","free","Active",10,15,15,"2026-08-06T14:16:48.028Z","2026-08-06T14:16:48.028Z"
"ind_usr_1898","Abhishek Joshi","abhishek.joshi.work@gmail.com","free","Active",10,15,15,"2026-08-06T14:15:10.003Z","2026-08-06T14:15:10.003Z"
"ind_usr_1003","Gaurav Singh","gaurav_singh@gmail.com","free","Active",12,15,15,"2026-08-06T14:13:34.028Z","2026-08-06T14:13:34.028Z"
"ind_usr_3252","Monika Tiwari","monikatiwari32@gmail.com","free","Active",3,15,15,"2026-08-06T14:13:01.848Z","2026-08-06T14:13:01.848Z"
"ind_usr_0520","Swati Tripathi","swati_tripathi73@gmail.com","free","Active",5,15,15,"2026-08-06T14:01:54.978Z","2026-08-06T14:01:54.978Z"
"ind_usr_2439","Neha Ahuja","iam.nehaahuja@gmail.com","free","Active",12,15,15,"2026-08-06T13:56:40.040Z","2026-08-06T13:56:40.040Z"
"ind_usr_0954","Suresh Aggarwal","suresh.aggarwal.1995@gmail.com","free","Active",12,15,15,"2026-08-06T13:47:26.114Z","2026-08-06T13:47:26.114Z"
"ind_usr_1690","Komal Mishra","komal_mishra90@gmail.com","free","Active",8,15,15,"2026-08-06T13:37:57.399Z","2026-08-06T13:37:57.399Z"
"ind_usr_0323","Rohan Chawla","rohan_chawla@gmail.com","free","Active",14,15,15,"2026-08-06T13:37:06.202Z","2026-08-06T13:37:06.202Z"
"ind_usr_0963","Mohit Choudhury","mohit_choudhury@gmail.com","free","Active",12,15,15,"2026-08-06T13:28:23.568Z","2026-08-06T13:28:23.568Z"
"ind_usr_0359","Abhishek Dhar","iam.abhishekdhar@gmail.com","free","Active",10,15,15,"2026-08-06T13:25:25.324Z","2026-08-06T13:25:25.324Z"
"ind_usr_0282","Anjali Choudhury","anjalichoudhury24@gmail.com","free","Active",3,15,15,"2026-08-06T13:17:11.390Z","2026-08-06T13:17:11.390Z"
"ind_usr_3173","Sonia Chatterjee","sonia_chatterjee@gmail.com","free","Active",11,15,15,"2026-08-06T13:17:01.134Z","2026-08-06T13:17:01.134Z"
"ind_usr_0180","Deepak Aggarwal","deepak_aggarwal45@gmail.com","free","Active",4,15,15,"2026-08-06T13:13:52.306Z","2026-08-06T13:13:52.306Z"
"ind_usr_2658","Nitin Thakur","nitin.thakur.work@gmail.com","free","Active",12,15,15,"2026-08-06T13:04:45.131Z","2026-08-06T13:04:45.131Z"
"ind_usr_2211","Alok Deshmukh","alok.deshmukh@gmail.com","free","Active",11,15,15,"2026-08-06T12:48:43.832Z","2026-08-06T12:48:43.832Z"
"ind_usr_2333","Sonam Kumar","sonam_kumar@gmail.com","free","Active",7,15,15,"2026-08-06T12:48:32.687Z","2026-08-06T12:48:32.687Z"
"ind_usr_3094","Deepika Jain","deepika.jain.1998@gmail.com","free","Active",10,15,15,"2026-08-06T12:44:17.769Z","2026-08-06T12:44:17.769Z"
"ind_usr_1564","Neha Yadav","neha.yadav.1993@gmail.com","free","Active",4,15,15,"2026-08-06T12:42:06.880Z","2026-08-06T12:42:06.880Z"
"ind_usr_0967","Amit Singh","amitsingh2001@gmail.com","free","Active",10,15,15,"2026-08-06T12:40:14.360Z","2026-08-06T12:40:14.360Z"
"ind_usr_1797","Jyoti Rathore","jyotirathore1993@gmail.com","free","Active",3,15,15,"2026-08-06T12:39:13.446Z","2026-08-06T12:39:13.446Z"
"ind_usr_0712","Pooja Bhasin","poojabhasin75@gmail.com","free","Active",15,15,15,"2026-08-06T12:16:23.180Z","2026-08-06T12:16:23.180Z"
"ind_usr_1192","Sneha Mishra","snehamishra97@gmail.com","free","Active",7,15,15,"2026-08-06T12:10:49.497Z","2026-08-06T12:10:49.497Z"
"ind_usr_0056","Rashmi Patel","rashmip43@gmail.com","free","Active",11,15,15,"2026-08-06T12:06:30.963Z","2026-08-06T12:06:30.963Z"
"ind_usr_0105","Kunal Dutta","kdutta21@gmail.com","free","Active",11,15,15,"2026-08-06T11:52:44.775Z","2026-08-06T11:52:44.775Z"
"ind_usr_1443","Kiran Goyal","kiran_goyal@gmail.com","free","Active",8,15,15,"2026-08-06T11:52:11.902Z","2026-08-06T11:52:11.902Z"
"ind_usr_1010","Anjali Dubey","anjali_dubey48@gmail.com","free","Active",15,15,15,"2026-08-06T11:46:13.967Z","2026-08-06T11:46:13.967Z"
"ind_usr_2260","Shreya Dutta","shreya_dutta93@gmail.com","free","Active",12,15,15,"2026-08-06T11:32:52.695Z","2026-08-06T11:32:52.695Z"
"ind_usr_2189","Jyoti Choudhury","iam.jyotichoudhury@gmail.com","free","Active",7,15,15,"2026-08-06T11:28:48.419Z","2026-08-06T11:28:48.419Z"
"ind_usr_1366","Gaurav Bhasin","gauravb75@gmail.com","free","Active",5,15,15,"2026-08-06T11:17:57.659Z","2026-08-06T11:17:57.659Z"
"ind_usr_2681","Arjun Sinha","arjun.sinha@gmail.com","free","Active",11,15,15,"2026-08-06T11:12:43.073Z","2026-08-06T11:12:43.073Z"
"ind_usr_1646","Arjun Dutta","arjund44@gmail.com","free","Active",12,15,15,"2026-08-06T11:12:17.153Z","2026-08-06T11:12:17.153Z"
"ind_usr_2275","Monika Aggarwal","maggarwal55@gmail.com","free","Active",12,15,15,"2026-08-06T11:11:03.602Z","2026-08-06T11:11:03.602Z"
"ind_usr_3195","Kunal Kapoor","kkapoor46@gmail.com","free","Active",10,15,15,"2026-08-06T11:01:45.581Z","2026-08-06T11:01:45.581Z"
"ind_usr_3145","Deepika Kumar","dkumar38@gmail.com","free","Active",4,15,15,"2026-08-06T10:57:42.038Z","2026-08-06T10:57:42.038Z"
"ind_usr_2832","Vandana Kapoor","vandanakapoor63@gmail.com","free","Active",10,15,15,"2026-08-06T10:54:07.411Z","2026-08-06T10:54:07.411Z"
"ind_usr_3372","Swati Bajaj","swatibajaj55@gmail.com","free","Active",6,15,15,"2026-08-06T10:48:49.902Z","2026-08-06T10:48:49.902Z"
"ind_usr_0118","Riya Sinha","riya.sinha.work@gmail.com","free","Active",10,15,15,"2026-08-06T10:36:14.285Z","2026-08-06T10:36:14.285Z"
"ind_usr_2395","Swati Tripathi","stripathi64@gmail.com","free","Active",8,15,15,"2026-08-06T10:35:37.919Z","2026-08-06T10:35:37.919Z"
"ind_usr_2633","Vivek Narang","vivek_narang@gmail.com","free","Active",10,15,15,"2026-08-06T10:33:27.975Z","2026-08-06T10:33:27.975Z"
"ind_usr_2078","Divya Chatterjee","divya.chatterjee.work@gmail.com","free","Active",9,15,15,"2026-08-06T10:30:27.879Z","2026-08-06T10:30:27.879Z"
"ind_usr_0796","Komal Shah","komals99@gmail.com","free","Active",10,15,15,"2026-08-06T10:26:09.728Z","2026-08-06T10:26:09.728Z"
"ind_usr_2779","Deepak Yadav","iam.deepakyadav@gmail.com","free","Active",12,15,15,"2026-08-06T10:24:29.051Z","2026-08-06T10:24:29.051Z"
"ind_usr_2979","Bhavna Jain","iam.bhavnajain@gmail.com","free","Active",14,15,15,"2026-08-06T10:23:10.058Z","2026-08-06T10:23:10.058Z"
"ind_usr_1628","Shreya Tripathi","shreya.tripathi.work@gmail.com","free","Active",3,15,15,"2026-08-06T10:12:56.601Z","2026-08-06T10:12:56.601Z"
"ind_usr_0148","Ishita Tripathi","ishita.tripathi.work@gmail.com","free","Active",12,15,15,"2026-08-06T10:09:33.524Z","2026-08-06T10:09:33.524Z"
"ind_usr_0353","Nisha Reddy","nisha_reddy@gmail.com","free","Active",6,15,15,"2026-08-06T10:08:48.167Z","2026-08-06T10:08:48.167Z"
"ind_usr_1086","Mayank Dubey","mayankd31@gmail.com","free","Active",11,15,15,"2026-08-06T09:57:49.390Z","2026-08-06T09:57:49.390Z"
"ind_usr_1846","Abhishek Jain","abhishekj11@gmail.com","free","Active",9,15,15,"2026-08-06T09:51:16.992Z","2026-08-06T09:51:16.992Z"
"ind_usr_1308","Yash Dutta","yash.dutta.work@gmail.com","free","Active",12,15,15,"2026-08-06T09:47:14.554Z","2026-08-06T09:47:14.554Z"
"ind_usr_1411","Abhishek Dubey","abhishek.dubey@gmail.com","free","Active",15,15,15,"2026-08-06T09:40:16.533Z","2026-08-06T09:40:16.533Z"
"ind_usr_0412","Aarav Chawla","aaravchawla88@gmail.com","free","Active",4,15,15,"2026-08-06T09:36:23.732Z","2026-08-06T09:36:23.732Z"
"ind_usr_1025","Nitin Deshmukh","ndeshmukh11@gmail.com","free","Active",10,15,15,"2026-08-06T09:33:58.679Z","2026-08-06T09:33:58.679Z"
"ind_usr_3171","Swati Rathore","swati.rathore1045@gmail.com","free","Active",5,15,15,"2026-08-06T09:32:26.754Z","2026-08-06T09:32:26.754Z"
"ind_usr_1444","Simran Patel","simran.patel.1997@gmail.com","free","Active",11,15,15,"2026-08-06T09:31:24.618Z","2026-08-06T09:31:24.618Z"
"ind_usr_1462","Arjun Dutta","arjundutta51@gmail.com","free","Active",14,15,15,"2026-08-06T09:26:25.255Z","2026-08-06T09:26:25.255Z"
"ind_usr_1925","Rajesh Gupta","rgupta76@gmail.com","free","Active",6,15,15,"2026-08-06T09:19:22.497Z","2026-08-06T09:19:22.497Z"
"ind_usr_1292","Abhishek Thakur","abhishekthakur16@gmail.com","free","Active",5,15,15,"2026-08-06T09:12:21.795Z","2026-08-06T09:12:21.795Z"
"ind_usr_0714","Arjun Dhar","arjun.dhar.1997@gmail.com","free","Active",9,15,15,"2026-08-06T09:01:58.087Z","2026-08-06T09:01:58.087Z"
"ind_usr_2999","Vivek Malhotra","vivek.malhotra9469@gmail.com","free","Active",7,15,15,"2026-08-06T08:54:09.330Z","2026-08-06T08:54:09.330Z"
"ind_usr_0987","Deepika Saxena","deepikasaxena1993@gmail.com","free","Active",12,15,15,"2026-08-06T08:46:42.756Z","2026-08-06T08:46:42.756Z"
"ind_usr_2946","Aakash Choudhury","aakashc35@gmail.com","free","Active",3,15,15,"2026-08-06T08:45:19.027Z","2026-08-06T08:45:19.027Z"
"ind_usr_3320","Sonam Chauhan","sonam_chauhan75@gmail.com","free","Active",6,15,15,"2026-08-06T08:40:47.508Z","2026-08-06T08:40:47.508Z"
"ind_usr_0131","Vandana Dhar","vandana.dhar@gmail.com","free","Active",5,15,15,"2026-08-06T08:31:04.630Z","2026-08-06T08:31:04.630Z"
"ind_usr_2611","Archana Sinha","archana.sinha@gmail.com","free","Active",9,15,15,"2026-08-06T08:27:56.668Z","2026-08-06T08:27:56.668Z"
"ind_usr_2935","Archana Jain","ajain46@gmail.com","free","Active",13,15,15,"2026-08-06T08:19:48.688Z","2026-08-06T08:19:48.688Z"
"ind_usr_2844","Kunal Goyal","kunal.goyal.2001@gmail.com","free","Active",11,15,15,"2026-08-06T08:18:20.245Z","2026-08-06T08:18:20.245Z"
"ind_usr_1005","Kritika Rathore","krathore28@gmail.com","free","Active",14,15,15,"2026-08-06T08:18:11.341Z","2026-08-06T08:18:11.341Z"
"ind_usr_2028","Rakesh Chawla","rakesh.chawla.work@gmail.com","free","Active",14,15,15,"2026-08-06T08:17:11.939Z","2026-08-06T08:17:11.939Z"
"ind_usr_1572","Rahul Pandey","rahulpandey77@gmail.com","free","Active",3,15,15,"2026-08-06T08:14:06.140Z","2026-08-06T08:14:06.140Z"
"ind_usr_1016","Prashant Malhotra","prashantm47@gmail.com","free","Active",7,15,15,"2026-08-06T08:07:29.841Z","2026-08-06T08:07:29.841Z"
"ind_usr_2399","Pooja Goyal","iam.poojagoyal@gmail.com","free","Active",12,15,15,"2026-08-06T08:04:48.324Z","2026-08-06T08:04:48.324Z"
"ind_usr_1122","Swati Bhatia","swatibhatia45@gmail.com","free","Active",14,15,15,"2026-08-06T07:48:47.925Z","2026-08-06T07:48:47.925Z"
"ind_usr_2691","Megha Narang","megha.narang@gmail.com","free","Active",12,15,15,"2026-08-06T07:44:11.185Z","2026-08-06T07:44:11.185Z"
"ind_usr_0115","Deepak Singh","dsingh71@gmail.com","free","Active",6,15,15,"2026-08-06T07:38:33.545Z","2026-08-06T07:38:33.545Z"
"ind_usr_1148","Megha Sinha","megha.sinha.work@gmail.com","free","Active",3,15,15,"2026-08-06T07:37:47.170Z","2026-08-06T07:37:47.170Z"
"ind_usr_0473","Tarun Choudhury","tarun_choudhury@gmail.com","free","Active",14,15,15,"2026-08-06T07:33:09.257Z","2026-08-06T07:33:09.257Z"
"ind_usr_0528","Yash Deshmukh","yash.deshmukh.work@gmail.com","free","Active",6,15,15,"2026-08-06T07:27:27.892Z","2026-08-06T07:27:27.892Z"
"ind_usr_1229","Sneha Chauhan","iam.snehachauhan@gmail.com","free","Active",13,15,15,"2026-08-06T07:26:01.487Z","2026-08-06T07:26:01.487Z"
"ind_usr_1262","Komal Ahuja","komalahuja44@gmail.com","free","Active",10,15,15,"2026-08-06T07:22:00.538Z","2026-08-06T07:22:00.538Z"
"ind_usr_2441","Swati Goyal","swati.goyal@gmail.com","free","Active",7,15,15,"2026-08-06T07:09:38.478Z","2026-08-06T07:09:38.478Z"
"ind_usr_2181","Prashant Tiwari","prashant.tiwari@gmail.com","free","Active",13,15,15,"2026-08-06T07:07:32.973Z","2026-08-06T07:07:32.973Z"
"ind_usr_0691","Archana Kumar","archana.kumar@gmail.com","free","Active",3,15,15,"2026-08-06T07:03:58.630Z","2026-08-06T07:03:58.630Z"
"ind_usr_2617","Suresh Singh","sureshsingh1996@gmail.com","free","Active",8,15,15,"2026-08-06T06:56:22.897Z","2026-08-06T06:56:22.897Z"
"ind_usr_2988","Simran Saxena","simran.saxena.work@gmail.com","free","Active",12,15,15,"2026-08-06T06:51:53.213Z","2026-08-06T06:51:53.213Z"
"ind_usr_2192","Nisha Dubey","nishadubey67@gmail.com","free","Active",8,15,15,"2026-08-06T06:46:37.954Z","2026-08-06T06:46:37.954Z"
"ind_usr_0260","Suresh Chatterjee","suresh_chatterjee72@gmail.com","free","Active",10,15,15,"2026-08-06T06:43:42.528Z","2026-08-06T06:43:42.528Z"
"ind_usr_1581","Manish Dhar","manish.dhar4105@gmail.com","free","Active",15,15,15,"2026-08-06T06:43:13.914Z","2026-08-06T06:43:13.914Z"
"ind_usr_3129","Bhavna Kapoor","iam.bhavnakapoor@gmail.com","free","Active",12,15,15,"2026-08-06T06:27:14.253Z","2026-08-06T06:27:14.253Z"
"ind_usr_0175","Komal Bajaj","kbajaj12@gmail.com","free","Active",15,15,15,"2026-08-06T06:24:52.921Z","2026-08-06T06:24:52.921Z"
"ind_usr_0816","Kunal Patel","kunalp88@gmail.com","free","Active",6,15,15,"2026-08-06T06:20:15.812Z","2026-08-06T06:20:15.812Z"
"ind_usr_3093","Rohit Malhotra","rohit.malhotra7100@gmail.com","free","Active",4,15,15,"2026-08-06T06:14:12.537Z","2026-08-06T06:14:12.537Z"
"ind_usr_3197","Deepika Kumar","deepikakumar1995@gmail.com","free","Active",5,15,15,"2026-08-06T06:07:43.562Z","2026-08-06T06:07:43.562Z"
"ind_usr_1169","Vikram Goyal","iam.vikramgoyal@gmail.com","free","Active",13,15,15,"2026-08-06T06:06:24.785Z","2026-08-06T06:06:24.785Z"
"ind_usr_1455","Rakesh Tiwari","rtiwari29@gmail.com","free","Active",15,15,15,"2026-08-06T06:00:12.591Z","2026-08-06T06:00:12.591Z"
"ind_usr_3199","Tarun Malhotra","iam.tarunmalhotra@gmail.com","free","Active",13,15,15,"2026-08-06T05:55:42.915Z","2026-08-06T05:55:42.915Z"
"ind_usr_2555","Bhavna Reddy","breddy85@gmail.com","free","Active",9,15,15,"2026-08-06T05:49:14.655Z","2026-08-06T05:49:14.655Z"
"ind_usr_3072","Vivek Aggarwal","vivekaggarwal29@gmail.com","free","Active",15,15,15,"2026-08-06T05:47:22.092Z","2026-08-06T05:47:22.092Z"
"ind_usr_2219","Neha Choudhury","iam.nehachoudhury@gmail.com","free","Active",8,15,15,"2026-08-06T05:45:59.010Z","2026-08-06T05:45:59.010Z"
"ind_usr_0446","Karan Rao","karanr96@gmail.com","free","Active",8,15,15,"2026-08-06T05:44:12.307Z","2026-08-06T05:44:12.307Z"
"ind_usr_2794","Nisha Mishra","nisha.mishra.1996@gmail.com","free","Active",3,15,15,"2026-08-06T05:31:01.946Z","2026-08-06T05:31:01.946Z"
"ind_usr_1459","Kiran Sharma","iam.kiransharma@gmail.com","free","Active",10,15,15,"2026-08-06T05:26:47.818Z","2026-08-06T05:26:47.818Z"
"ind_usr_0697","Pooja Mishra","poojamishra2001@gmail.com","free","Active",13,15,15,"2026-08-06T05:21:07.185Z","2026-08-06T05:21:07.185Z"
"ind_usr_0194","Rohan Singh","rohan.singh.1998@gmail.com","free","Active",7,15,15,"2026-08-06T05:18:38.917Z","2026-08-06T05:18:38.917Z"
"ind_usr_1186","Priya Jain","priyaj59@gmail.com","free","Active",7,15,15,"2026-08-06T05:14:53.773Z","2026-08-06T05:14:53.773Z"
"ind_usr_2486","Kavya Reddy","kavyar77@gmail.com","free","Active",3,15,15,"2026-08-06T05:06:38.557Z","2026-08-06T05:06:38.557Z"
"ind_usr_0986","Nisha Rao","nishar63@gmail.com","free","Active",12,15,15,"2026-08-06T05:03:39.628Z","2026-08-06T05:03:39.628Z"
"ind_usr_2374","Swati Chawla","swati.chawla.1997@gmail.com","free","Active",5,15,15,"2026-08-06T04:56:55.567Z","2026-08-06T04:56:55.567Z"
"ind_usr_1470","Kavya Yadav","kavya_yadav77@gmail.com","free","Active",12,15,15,"2026-08-06T04:53:09.807Z","2026-08-06T04:53:09.807Z"
"ind_usr_1221","Simran Verma","simran.verma@gmail.com","free","Active",10,15,15,"2026-08-06T04:49:49.184Z","2026-08-06T04:49:49.184Z"
"ind_usr_3187","Varun Rathore","varunrathore2001@gmail.com","free","Active",7,15,15,"2026-08-06T04:40:55.948Z","2026-08-06T04:40:55.948Z"
"ind_usr_0725","Rohan Rao","rrao91@gmail.com","free","Active",3,15,15,"2026-08-06T04:40:49.865Z","2026-08-06T04:40:49.865Z"
"ind_usr_1669","Aditya Yadav","iam.adityayadav@gmail.com","free","Active",11,15,15,"2026-08-06T04:32:35.254Z","2026-08-06T04:32:35.254Z"
"ind_usr_0442","Mayank Gupta","mayankgupta64@gmail.com","free","Active",4,15,15,"2026-08-06T04:26:45.494Z","2026-08-06T04:26:45.494Z"
"ind_usr_1306","Aarav Mishra","aaravm92@gmail.com","free","Active",13,15,15,"2026-08-06T04:21:37.834Z","2026-08-06T04:21:37.834Z"
"ind_usr_3350","Abhishek Nair","abhishek_nair62@gmail.com","free","Active",14,15,15,"2026-08-06T04:20:59.167Z","2026-08-06T04:20:59.167Z"
"ind_usr_2296","Kritika Aggarwal","kritikaa56@gmail.com","free","Active",10,15,15,"2026-08-06T04:18:03.618Z","2026-08-06T04:18:03.618Z"
"ind_usr_1632","Rohan Banerjee","rohanbanerjee56@gmail.com","free","Active",6,15,15,"2026-08-06T04:16:54.184Z","2026-08-06T04:16:54.184Z"
"ind_usr_0218","Sonam Joshi","sonam.joshi.work@gmail.com","free","Active",13,15,15,"2026-08-06T04:03:44.479Z","2026-08-06T04:03:44.479Z"
"ind_usr_1318","Nikhil Ahuja","nikhil.ahuja.work@gmail.com","free","Active",15,15,15,"2026-08-06T04:01:27.258Z","2026-08-06T04:01:27.258Z"
"ind_usr_0086","Saurabh Bhatia","saurabhb63@gmail.com","free","Active",8,15,15,"2026-08-06T04:01:26.989Z","2026-08-06T04:01:26.989Z"
"ind_usr_2709","Amit Rathore","iam.amitrathore@gmail.com","free","Active",13,15,15,"2026-08-06T03:46:16.326Z","2026-08-06T03:46:16.326Z"
"ind_usr_0630","Mohit Dutta","mohit_dutta58@gmail.com","free","Active",14,15,15,"2026-08-06T03:42:40.047Z","2026-08-06T03:42:40.047Z"
"ind_usr_0505","Nikhil Goyal","ngoyal51@gmail.com","free","Active",10,15,15,"2026-08-06T03:42:29.046Z","2026-08-06T03:42:29.046Z"
"ind_usr_1558","Priya Choudhury","priya.choudhury.work@gmail.com","free","Active",15,15,15,"2026-08-06T03:39:20.575Z","2026-08-06T03:39:20.575Z"
"ind_usr_2308","Bhavna Saxena","bhavna.saxena.work@gmail.com","free","Active",10,15,15,"2026-08-06T03:36:49.781Z","2026-08-06T03:36:49.781Z"
"ind_usr_1985","Kunal Tripathi","ktripathi64@gmail.com","free","Active",11,15,15,"2026-08-06T03:35:51.261Z","2026-08-06T03:35:51.261Z"
"ind_usr_1882","Amit Saxena","amitsaxena53@gmail.com","free","Active",14,15,15,"2026-08-06T03:30:06.303Z","2026-08-06T03:30:06.303Z"
"ind_usr_2197","Anjali Choudhury","anjalichoudhury2000@gmail.com","free","Active",8,15,15,"2026-08-06T03:28:49.136Z","2026-08-06T03:28:49.136Z"
"ind_usr_1185","Kunal Patel","kpatel61@gmail.com","free","Active",3,15,15,"2026-08-06T03:27:42.811Z","2026-08-06T03:27:42.811Z"
"ind_usr_0766","Kiran Dhar","kirand45@gmail.com","free","Active",13,15,15,"2026-08-06T03:25:58.586Z","2026-08-06T03:25:58.586Z"
"ind_usr_1328","Aakash Aggarwal","aakash.aggarwal.work@gmail.com","free","Active",6,15,15,"2026-08-06T03:21:12.082Z","2026-08-06T03:21:12.082Z"
"ind_usr_2938","Komal Verma","komal.verma8631@gmail.com","free","Active",3,15,15,"2026-08-06T03:17:08.756Z","2026-08-06T03:17:08.756Z"
"ind_usr_1521","Tarun Banerjee","tarun.banerjee8621@gmail.com","free","Active",12,15,15,"2026-08-06T03:14:05.725Z","2026-08-06T03:14:05.725Z"
"ind_usr_0615","Aditya Mishra","amishra79@gmail.com","free","Active",11,15,15,"2026-08-06T03:09:07.851Z","2026-08-06T03:09:07.851Z"
"ind_usr_1849","Tanya Joshi","iam.tanyajoshi@gmail.com","free","Active",6,15,15,"2026-08-06T03:06:51.514Z","2026-08-06T03:06:51.514Z"
"ind_usr_2529","Rakesh Dhar","iam.rakeshdhar@gmail.com","free","Active",8,15,15,"2026-08-06T03:05:25.613Z","2026-08-06T03:05:25.613Z"
"ind_usr_0158","Monika Bajaj","monika.bajaj.work@gmail.com","free","Active",11,15,15,"2026-08-06T03:03:35.437Z","2026-08-06T03:03:35.437Z"
"ind_usr_3047","Nisha Banerjee","nishabanerjee2002@gmail.com","free","Active",7,15,15,"2026-08-06T03:01:31.788Z","2026-08-06T03:01:31.788Z"
"ind_usr_0124","Kunal Dubey","kunal.dubey.1993@gmail.com","free","Active",11,15,15,"2026-08-06T02:59:32.344Z","2026-08-06T02:59:32.344Z"
"ind_usr_1303","Megha Chawla","megha_chawla@gmail.com","free","Active",5,15,15,"2026-08-06T02:57:05.576Z","2026-08-06T02:57:05.576Z"
"ind_usr_2732","Vandana Patel","vandanapatel34@gmail.com","free","Active",14,15,15,"2026-08-06T02:53:33.320Z","2026-08-06T02:53:33.320Z"
"ind_usr_2419","Manish Deshmukh","iam.manishdeshmukh@gmail.com","free","Active",3,15,15,"2026-08-06T02:52:59.124Z","2026-08-06T02:52:59.124Z"
"ind_usr_0701","Payal Nair","payal.nair@gmail.com","free","Active",15,15,15,"2026-08-06T02:42:34.782Z","2026-08-06T02:42:34.782Z"
"ind_usr_2557","Saurabh Rathore","saurabhrathore1998@gmail.com","free","Active",15,15,15,"2026-08-06T02:28:35.383Z","2026-08-06T02:28:35.383Z"
"ind_usr_1151","Arjun Joshi","arjun.joshi@gmail.com","free","Active",9,15,15,"2026-08-06T02:26:36.715Z","2026-08-06T02:26:36.715Z"
"ind_usr_0662","Rajesh Malhotra","rajeshmalhotra97@gmail.com","free","Active",8,15,15,"2026-08-06T02:17:43.704Z","2026-08-06T02:17:43.704Z"
"ind_usr_0648","Rajesh Choudhury","rajesh.choudhury.work@gmail.com","free","Active",3,15,15,"2026-08-06T02:17:22.977Z","2026-08-06T02:17:22.977Z"
"ind_usr_2687","Karan Choudhury","karanchoudhury1996@gmail.com","free","Active",6,15,15,"2026-08-06T02:17:17.862Z","2026-08-06T02:17:17.862Z"
"ind_usr_3357","Swati Reddy","swatireddy1998@gmail.com","free","Active",4,15,15,"2026-08-06T02:16:26.343Z","2026-08-06T02:16:26.343Z"
"ind_usr_2058","Gaurav Pandey","gaurav.pandey.work@gmail.com","free","Active",7,15,15,"2026-08-06T02:14:49.588Z","2026-08-06T02:14:49.588Z"
"ind_usr_0880","Pooja Pandey","pooja_pandey94@gmail.com","free","Active",4,15,15,"2026-08-06T02:01:14.974Z","2026-08-06T02:01:14.974Z"
"ind_usr_1657","Vivek Singh","viveksingh1995@gmail.com","free","Active",5,15,15,"2026-08-06T01:53:46.973Z","2026-08-06T01:53:46.973Z"
"ind_usr_1252","Ishita Joshi","ishitajoshi94@gmail.com","free","Active",3,15,15,"2026-08-06T01:43:10.398Z","2026-08-06T01:43:10.398Z"
"ind_usr_2217","Rohan Yadav","rohanyadav2001@gmail.com","free","Active",5,15,15,"2026-08-06T01:42:27.603Z","2026-08-06T01:42:27.603Z"
"ind_usr_2808","Archana Rathore","archana.rathore.work@gmail.com","free","Active",6,15,15,"2026-08-06T01:39:20.228Z","2026-08-06T01:39:20.228Z"
"ind_usr_3002","Shreya Patel","shreyapatel28@gmail.com","free","Active",11,15,15,"2026-08-06T01:35:48.690Z","2026-08-06T01:35:48.690Z"
"ind_usr_1189","Nikhil Mehta","iam.nikhilmehta@gmail.com","free","Active",8,15,15,"2026-08-06T01:34:23.361Z","2026-08-06T01:34:23.361Z"
"ind_usr_2425","Rahul Thakur","rthakur46@gmail.com","free","Active",13,15,15,"2026-08-06T01:33:28.713Z","2026-08-06T01:33:28.713Z"
"ind_usr_2625","Arjun Tripathi","atripathi63@gmail.com","free","Active",6,15,15,"2026-08-06T01:29:36.523Z","2026-08-06T01:29:36.523Z"
"ind_usr_0230","Monika Dutta","monika_dutta66@gmail.com","free","Active",15,15,15,"2026-08-06T01:23:39.790Z","2026-08-06T01:23:39.790Z"
"ind_usr_0132","Suresh Sharma","sureshsharma17@gmail.com","free","Active",14,15,15,"2026-08-06T01:22:37.291Z","2026-08-06T01:22:37.291Z"
"ind_usr_1340","Prashant Reddy","prashant_reddy34@gmail.com","free","Active",12,15,15,"2026-08-06T01:21:23.372Z","2026-08-06T01:21:23.372Z"
"ind_usr_1622","Nikhil Saxena","nikhilsaxena21@gmail.com","free","Active",12,15,15,"2026-08-06T01:17:32.041Z","2026-08-06T01:17:32.041Z"
"ind_usr_1105","Anjali Kapoor","akapoor89@gmail.com","free","Active",8,15,15,"2026-08-06T01:16:45.291Z","2026-08-06T01:16:45.291Z"
"ind_usr_1313","Kunal Bhatia","kunal_bhatia@gmail.com","free","Active",6,15,15,"2026-08-06T01:09:43.175Z","2026-08-06T01:09:43.175Z"
"ind_usr_2472","Vandana Chatterjee","vandanachatterjee96@gmail.com","free","Active",11,15,15,"2026-08-06T01:05:47.651Z","2026-08-06T01:05:47.651Z"
"ind_usr_0733","Vikram Kapoor","vikram_kapoor@gmail.com","free","Active",4,15,15,"2026-08-06T01:03:09.583Z","2026-08-06T01:03:09.583Z"
"ind_usr_2429","Ananya Saxena","ananya.saxena7905@gmail.com","free","Active",11,15,15,"2026-08-06T00:51:11.660Z","2026-08-06T00:51:11.660Z"
"ind_usr_2552","Manish Chawla","manishchawla59@gmail.com","free","Active",9,15,15,"2026-08-06T00:43:44.664Z","2026-08-06T00:43:44.664Z"
"ind_usr_2834","Vandana Saxena","vandana.saxena.2001@gmail.com","free","Active",14,15,15,"2026-08-06T00:38:22.165Z","2026-08-06T00:38:22.165Z"
"ind_usr_1605","Mohit Shah","mshah26@gmail.com","free","Active",6,15,15,"2026-08-06T00:30:24.980Z","2026-08-06T00:30:24.980Z"
"ind_usr_3332","Gaurav Kapoor","gauravkapoor16@gmail.com","free","Active",12,15,15,"2026-08-06T00:28:30.043Z","2026-08-06T00:28:30.043Z"
"ind_usr_3344","Ishita Aggarwal","ishita.aggarwal.2001@gmail.com","free","Active",12,15,15,"2026-08-06T00:23:41.205Z","2026-08-06T00:23:41.205Z"
"ind_usr_2161","Bhavna Rao","bhavna.rao3197@gmail.com","free","Active",14,15,15,"2026-08-06T00:22:11.551Z","2026-08-06T00:22:11.551Z"
"ind_usr_1028","Ishita Reddy","ishita.reddy.work@gmail.com","free","Active",9,15,15,"2026-08-06T00:21:03.729Z","2026-08-06T00:21:03.729Z"
"ind_usr_2787","Siddharth Singh","siddharthsingh1997@gmail.com","free","Active",4,15,15,"2026-08-06T00:15:20.771Z","2026-08-06T00:15:20.771Z"
"ind_usr_2505","Simran Choudhury","schoudhury95@gmail.com","free","Active",5,15,15,"2026-08-06T00:09:29.170Z","2026-08-06T00:09:29.170Z"
"ind_usr_2310","Megha Rathore","megha_rathore63@gmail.com","free","Active",3,15,15,"2026-08-06T00:06:33.280Z","2026-08-06T00:06:33.280Z"
"ind_usr_1083","Amit Banerjee","amit_banerjee@gmail.com","free","Active",5,15,15,"2026-08-05T23:47:11.892Z","2026-08-05T23:47:11.892Z"
"ind_usr_0511","Pooja Shah","pooja.shah@gmail.com","free","Active",12,15,15,"2026-08-05T23:46:57.198Z","2026-08-05T23:46:57.198Z"
"ind_usr_1940","Archana Tripathi","archana_tripathi50@gmail.com","free","Active",5,15,15,"2026-08-05T23:44:24.760Z","2026-08-05T23:44:24.760Z"
"ind_usr_1477","Abhishek Singh","abhisheksingh2000@gmail.com","free","Active",14,15,15,"2026-08-05T23:32:32.439Z","2026-08-05T23:32:32.439Z"
"ind_usr_2088","Nikhil Dubey","nikhil.dubey.work@gmail.com","free","Active",14,15,15,"2026-08-05T23:26:19.150Z","2026-08-05T23:26:19.150Z"
"ind_usr_1854","Nikhil Aggarwal","nikhil.aggarwal.1998@gmail.com","free","Active",4,15,15,"2026-08-05T23:21:31.910Z","2026-08-05T23:21:31.910Z"
"ind_usr_0199","Mayank Chauhan","iam.mayankchauhan@gmail.com","free","Active",8,15,15,"2026-08-05T23:18:54.819Z","2026-08-05T23:18:54.819Z"
"ind_usr_0664","Archana Saxena","archana.saxena.2001@gmail.com","free","Active",14,15,15,"2026-08-05T23:15:33.695Z","2026-08-05T23:15:33.695Z"
"ind_usr_2929","Kavya Malhotra","kavya.malhotra9214@gmail.com","free","Active",9,15,15,"2026-08-05T23:14:32.213Z","2026-08-05T23:14:32.213Z"
"ind_usr_2916","Gaurav Patel","gauravp47@gmail.com","free","Active",9,15,15,"2026-08-05T23:00:34.568Z","2026-08-05T23:00:34.568Z"
"ind_usr_1387","Suresh Patel","sureshpatel1993@gmail.com","free","Active",13,15,15,"2026-08-05T22:54:15.734Z","2026-08-05T22:54:15.734Z"
"ind_usr_0916","Nisha Joshi","nishaj37@gmail.com","free","Active",11,15,15,"2026-08-05T22:52:24.683Z","2026-08-05T22:52:24.683Z"
"ind_usr_0896","Rahul Mehta","rahulm24@gmail.com","free","Active",6,15,15,"2026-08-05T22:49:49.138Z","2026-08-05T22:49:49.138Z"
"ind_usr_0948","Karan Kapoor","karan.kapoor.work@gmail.com","free","Active",10,15,15,"2026-08-05T22:48:40.050Z","2026-08-05T22:48:40.050Z"
"ind_usr_1209","Tanya Dutta","iam.tanyadutta@gmail.com","free","Active",6,15,15,"2026-08-05T22:47:29.211Z","2026-08-05T22:47:29.211Z"
"ind_usr_1065","Sonia Nair","snair97@gmail.com","free","Active",6,15,15,"2026-08-05T22:40:33.206Z","2026-08-05T22:40:33.206Z"
"ind_usr_3130","Sunil Chauhan","sunil_chauhan13@gmail.com","free","Active",11,15,15,"2026-08-05T22:23:55.826Z","2026-08-05T22:23:55.826Z"
"ind_usr_1547","Kritika Mishra","kritikamishra1996@gmail.com","free","Active",9,15,15,"2026-08-05T22:08:57.729Z","2026-08-05T22:08:57.729Z"
"ind_usr_1843","Rashmi Bhasin","rashmi_bhasin@gmail.com","free","Active",7,15,15,"2026-08-05T22:06:54.023Z","2026-08-05T22:06:54.023Z"
"ind_usr_1446","Aditya Nair","adityan75@gmail.com","free","Active",11,15,15,"2026-08-05T21:57:43.776Z","2026-08-05T21:57:43.776Z"
"ind_usr_1960","Divya Deshmukh","divya_deshmukh73@gmail.com","free","Active",13,15,15,"2026-08-05T21:52:06.169Z","2026-08-05T21:52:06.169Z"
"ind_usr_0133","Sunil Pandey","sunil_pandey@gmail.com","free","Active",14,15,15,"2026-08-05T21:49:46.302Z","2026-08-05T21:49:46.302Z"
"ind_usr_3004","Varun Mehta","varun.mehta.2003@gmail.com","free","Active",15,15,15,"2026-08-05T21:49:31.822Z","2026-08-05T21:49:31.822Z"
"ind_usr_1867","Tanya Rao","tanyarao2003@gmail.com","free","Active",10,15,15,"2026-08-05T21:45:33.750Z","2026-08-05T21:45:33.750Z"
"ind_usr_1523","Saurabh Sinha","saurabh_sinha@gmail.com","free","Active",7,15,15,"2026-08-05T21:28:50.281Z","2026-08-05T21:28:50.281Z"
"ind_usr_2360","Kiran Dutta","kiran_dutta90@gmail.com","free","Active",7,15,15,"2026-08-05T21:24:20.829Z","2026-08-05T21:24:20.829Z"
"ind_usr_2087","Jyoti Patel","jyotipatel1997@gmail.com","free","Active",3,15,15,"2026-08-05T21:03:00.161Z","2026-08-05T21:03:00.161Z"
"ind_usr_0722","Priya Yadav","priyayadav60@gmail.com","free","Active",10,15,15,"2026-08-05T20:57:19.410Z","2026-08-05T20:57:19.410Z"
"ind_usr_2203","Simran Rathore","simran_rathore@gmail.com","free","Active",9,15,15,"2026-08-05T20:55:23.796Z","2026-08-05T20:55:23.796Z"
"ind_usr_0862","Vandana Nair","vandananair54@gmail.com","free","Active",10,15,15,"2026-08-05T20:53:04.341Z","2026-08-05T20:53:04.341Z"
"ind_usr_1537","Anjali Rathore","anjalirathore1998@gmail.com","free","Active",7,15,15,"2026-08-05T20:51:42.543Z","2026-08-05T20:51:42.543Z"
"ind_usr_2788","Bhavna Chawla","bhavna.chawla.work@gmail.com","free","Active",11,15,15,"2026-08-05T20:40:31.834Z","2026-08-05T20:40:31.834Z"
"ind_usr_1082","Simran Bhasin","simranbhasin60@gmail.com","free","Active",11,15,15,"2026-08-05T20:38:29.543Z","2026-08-05T20:38:29.543Z"
"ind_usr_1294","Kiran Dutta","kiran.dutta.1998@gmail.com","free","Active",6,15,15,"2026-08-05T20:32:00.954Z","2026-08-05T20:32:00.954Z"
"ind_usr_3278","Aakash Rathore","aakash.rathore9975@gmail.com","free","Active",8,15,15,"2026-08-05T20:20:18.983Z","2026-08-05T20:20:18.983Z"
"ind_usr_1428","Kiran Tripathi","kiran.tripathi.work@gmail.com","free","Active",13,15,15,"2026-08-05T20:16:29.874Z","2026-08-05T20:16:29.874Z"
"ind_usr_2527","Kiran Verma","kiranverma2000@gmail.com","free","Active",14,15,15,"2026-08-05T20:08:27.386Z","2026-08-05T20:08:27.386Z"
"ind_usr_3285","Riya Shah","rshah65@gmail.com","free","Active",7,15,15,"2026-08-05T20:02:36.388Z","2026-08-05T20:02:36.388Z"
"ind_usr_2991","Rohan Jain","rohan.jain2427@gmail.com","free","Active",7,15,15,"2026-08-05T19:52:06.041Z","2026-08-05T19:52:06.041Z"
"ind_usr_3364","Mayank Ahuja","mayank.ahuja.1996@gmail.com","free","Active",9,15,15,"2026-08-05T19:50:59.252Z","2026-08-05T19:50:59.252Z"
"ind_usr_3268","Ananya Patel","ananya.patel.work@gmail.com","free","Active",11,15,15,"2026-08-05T19:45:35.042Z","2026-08-05T19:45:35.042Z"
"ind_usr_0840","Kavya Sharma","kavya_sharma70@gmail.com","free","Active",9,15,15,"2026-08-05T19:45:04.227Z","2026-08-05T19:45:04.227Z"
"ind_usr_1759","Abhishek Kumar","iam.abhishekkumar@gmail.com","free","Active",8,15,15,"2026-08-05T19:36:07.072Z","2026-08-05T19:36:07.072Z"
"ind_usr_2665","Manish Chatterjee","mchatterjee25@gmail.com","free","Active",12,15,15,"2026-08-05T19:31:55.784Z","2026-08-05T19:31:55.784Z"
"ind_usr_3062","Divya Saxena","divyasaxena75@gmail.com","free","Active",6,15,15,"2026-08-05T19:26:50.148Z","2026-08-05T19:26:50.148Z"
"ind_usr_3192","Manish Choudhury","manishchoudhury98@gmail.com","free","Active",7,15,15,"2026-08-05T19:24:03.071Z","2026-08-05T19:24:03.071Z"
"ind_usr_2324","Mohit Chatterjee","mohit.chatterjee.1993@gmail.com","free","Active",10,15,15,"2026-08-05T19:06:19.353Z","2026-08-05T19:06:19.353Z"
"ind_usr_3255","Mayank Bajaj","mbajaj80@gmail.com","free","Active",3,15,15,"2026-08-05T18:51:20.668Z","2026-08-05T18:51:20.668Z"
"ind_usr_3248","Shreya Banerjee","shreya.banerjee.work@gmail.com","free","Active",10,15,15,"2026-08-05T18:46:40.896Z","2026-08-05T18:46:40.896Z"
"ind_usr_1461","Divya Chauhan","divya.chauhan@gmail.com","free","Active",5,15,15,"2026-08-05T18:43:08.543Z","2026-08-05T18:43:08.543Z"
"ind_usr_3058","Suresh Dutta","suresh.dutta.work@gmail.com","free","Active",7,15,15,"2026-08-05T18:37:16.013Z","2026-08-05T18:37:16.013Z"
"ind_usr_2006","Rakesh Reddy","rakeshr35@gmail.com","free","Active",8,15,15,"2026-08-05T18:31:31.227Z","2026-08-05T18:31:31.227Z"
"ind_usr_3179","Monika Dhar","iam.monikadhar@gmail.com","free","Active",3,15,15,"2026-08-05T18:28:53.433Z","2026-08-05T18:28:53.433Z"
"ind_usr_2179","Gaurav Bajaj","iam.gauravbajaj@gmail.com","free","Active",10,15,15,"2026-08-05T18:26:05.975Z","2026-08-05T18:26:05.975Z"
"ind_usr_0138","Ananya Mishra","ananya.mishra.work@gmail.com","free","Active",15,15,15,"2026-08-05T18:17:36.001Z","2026-08-05T18:17:36.001Z"
"ind_usr_0021","Nisha Choudhury","nisha.choudhury@gmail.com","free","Active",8,15,15,"2026-08-05T18:16:38.890Z","2026-08-05T18:16:38.890Z"
"ind_usr_1121","Rakesh Bajaj","rakesh.bajaj@gmail.com","free","Active",10,15,15,"2026-08-05T17:57:23.515Z","2026-08-05T17:57:23.515Z"
"ind_usr_1483","Rohit Shah","rohit_shah@gmail.com","free","Active",13,15,15,"2026-08-05T17:56:07.977Z","2026-08-05T17:56:07.977Z"
"ind_usr_0235","Rohit Saxena","rsaxena13@gmail.com","free","Active",12,15,15,"2026-08-05T17:51:49.099Z","2026-08-05T17:51:49.099Z"
"ind_usr_3038","Rakesh Chatterjee","rakesh.chatterjee.work@gmail.com","free","Active",11,15,15,"2026-08-05T17:46:19.216Z","2026-08-05T17:46:19.216Z"
"ind_usr_0006","Rohit Dubey","rohitd74@gmail.com","free","Active",12,15,15,"2026-08-05T17:38:31.988Z","2026-08-05T17:38:31.988Z"
"ind_usr_2279","Kiran Patel","kiran.patel8926@gmail.com","free","Active",3,15,15,"2026-08-05T17:32:49.767Z","2026-08-05T17:32:49.767Z"
"ind_usr_0052","Kiran Singh","kiransingh15@gmail.com","free","Active",12,15,15,"2026-08-05T17:27:05.089Z","2026-08-05T17:27:05.089Z"
"ind_usr_1836","Swati Narang","swatin86@gmail.com","free","Active",12,15,15,"2026-08-05T17:21:23.333Z","2026-08-05T17:21:23.333Z"
"ind_usr_1022","Rohan Tripathi","rohantripathi40@gmail.com","free","Active",12,15,15,"2026-08-05T17:11:37.702Z","2026-08-05T17:11:37.702Z"
"ind_usr_1332","Divya Kumar","divyakumar64@gmail.com","free","Active",11,15,15,"2026-08-05T17:10:48.421Z","2026-08-05T17:10:48.421Z"
"ind_usr_2667","Mayank Chatterjee","mayankchatterjee1998@gmail.com","free","Active",6,15,15,"2026-08-05T17:09:53.544Z","2026-08-05T17:09:53.544Z"
"ind_usr_0395","Saurabh Kapoor","skapoor98@gmail.com","free","Active",11,15,15,"2026-08-05T16:59:47.211Z","2026-08-05T16:59:47.211Z"
"ind_usr_0303","Siddharth Bajaj","siddharth_bajaj@gmail.com","free","Active",10,15,15,"2026-08-05T16:54:55.606Z","2026-08-05T16:54:55.606Z"
"ind_usr_2630","Vikram Rathore","vikram_rathore75@gmail.com","free","Active",5,15,15,"2026-08-05T16:45:57.267Z","2026-08-05T16:45:57.267Z"
"ind_usr_3106","Archana Sinha","archanas75@gmail.com","free","Active",9,15,15,"2026-08-05T16:33:31.685Z","2026-08-05T16:33:31.685Z"
"ind_usr_3390","Simran Shah","simran_shah54@gmail.com","free","Active",11,15,15,"2026-08-05T16:31:24.392Z","2026-08-05T16:31:24.392Z"
"ind_usr_2919","Vikram Nair","iam.vikramnair@gmail.com","free","Active",10,15,15,"2026-08-05T16:26:41.509Z","2026-08-05T16:26:41.509Z"
"ind_usr_2536","Kiran Tripathi","kirant77@gmail.com","free","Active",15,15,15,"2026-08-05T16:25:22.179Z","2026-08-05T16:25:22.179Z"
"ind_usr_0599","Rashmi Narang","iam.rashminarang@gmail.com","free","Active",8,15,15,"2026-08-05T16:23:06.451Z","2026-08-05T16:23:06.451Z"
"ind_usr_3381","Deepika Shah","deepika.shah@gmail.com","free","Active",7,15,15,"2026-08-05T16:05:25.829Z","2026-08-05T16:05:25.829Z"
"ind_usr_0912","Rahul Narang","rahulnarang38@gmail.com","free","Active",14,15,15,"2026-08-05T16:03:07.775Z","2026-08-05T16:03:07.775Z"
"ind_usr_3280","Suresh Jain","suresh_jain48@gmail.com","free","Active",6,15,15,"2026-08-05T16:00:27.587Z","2026-08-05T16:00:27.587Z"
"ind_usr_3149","Mayank Rao","iam.mayankrao@gmail.com","free","Active",13,15,15,"2026-08-05T15:50:07.251Z","2026-08-05T15:50:07.251Z"
"ind_usr_1726","Deepika Malhotra","deepikam46@gmail.com","free","Active",12,15,15,"2026-08-05T15:42:26.909Z","2026-08-05T15:42:26.909Z"
"ind_usr_2717","Riya Narang","riyanarang2001@gmail.com","free","Active",9,15,15,"2026-08-05T15:41:25.225Z","2026-08-05T15:41:25.225Z"
"ind_usr_3237","Aarav Tripathi","aaravtripathi1993@gmail.com","free","Active",5,15,15,"2026-08-05T15:41:05.158Z","2026-08-05T15:41:05.158Z"
"ind_usr_2104","Karan Bhatia","karan.bhatia.1998@gmail.com","free","Active",15,15,15,"2026-08-05T15:40:15.068Z","2026-08-05T15:40:15.068Z"
"ind_usr_2857","Tarun Narang","tarunnarang1995@gmail.com","free","Active",4,15,15,"2026-08-05T15:33:40.675Z","2026-08-05T15:33:40.675Z"
"ind_usr_1295","Simran Dubey","sdubey87@gmail.com","free","Active",13,15,15,"2026-08-05T15:16:48.638Z","2026-08-05T15:16:48.638Z"
"ind_usr_1665","Kavya Pandey","kpandey17@gmail.com","free","Active",9,15,15,"2026-08-05T15:11:21.856Z","2026-08-05T15:11:21.856Z"
"ind_usr_1460","Aakash Dutta","aakash_dutta81@gmail.com","free","Active",9,15,15,"2026-08-05T15:08:32.241Z","2026-08-05T15:08:32.241Z"
"ind_usr_3082","Ananya Joshi","ananyajoshi85@gmail.com","free","Active",15,15,15,"2026-08-05T14:59:56.049Z","2026-08-05T14:59:56.049Z"
"ind_usr_2352","Sneha Pandey","snehapandey53@gmail.com","free","Active",6,15,15,"2026-08-05T14:59:28.458Z","2026-08-05T14:59:28.458Z"
"ind_usr_2594","Suresh Kapoor","suresh.kapoor.2001@gmail.com","free","Active",12,15,15,"2026-08-05T14:59:02.333Z","2026-08-05T14:59:02.333Z"
"ind_usr_0501","Deepak Chatterjee","deepak.chatterjee@gmail.com","free","Active",8,15,15,"2026-08-05T14:51:36.336Z","2026-08-05T14:51:36.336Z"
"ind_usr_3001","Alok Gupta","alok.gupta@gmail.com","free","Active",12,15,15,"2026-08-05T14:39:14.364Z","2026-08-05T14:39:14.364Z"
"ind_usr_0364","Pooja Nair","pooja.nair.1997@gmail.com","free","Active",3,15,15,"2026-08-05T14:39:13.474Z","2026-08-05T14:39:13.474Z"
"ind_usr_1114","Gaurav Chawla","gaurav.chawla.2003@gmail.com","free","Active",8,15,15,"2026-08-05T14:38:27.423Z","2026-08-05T14:38:27.423Z"
"ind_usr_1654","Suresh Kumar","suresh.kumar.1998@gmail.com","free","Active",7,15,15,"2026-08-05T14:31:35.788Z","2026-08-05T14:31:35.788Z"
"ind_usr_0176","Arjun Gupta","arjung46@gmail.com","free","Active",6,15,15,"2026-08-05T14:28:21.623Z","2026-08-05T14:28:21.623Z"
"ind_usr_2305","Megha Banerjee","mbanerjee89@gmail.com","free","Active",11,15,15,"2026-08-05T14:22:27.738Z","2026-08-05T14:22:27.738Z"
"ind_usr_2065","Aakash Chatterjee","achatterjee53@gmail.com","free","Active",11,15,15,"2026-08-05T14:20:08.471Z","2026-08-05T14:20:08.471Z"
"ind_usr_1485","Suresh Mehta","smehta98@gmail.com","free","Active",11,15,15,"2026-08-05T14:18:34.703Z","2026-08-05T14:18:34.703Z"
"ind_usr_0055","Yash Mehta","ymehta81@gmail.com","free","Active",12,15,15,"2026-08-05T14:15:54.402Z","2026-08-05T14:15:54.402Z"
"ind_usr_0104","Prashant Mishra","prashant.mishra.2003@gmail.com","free","Active",8,15,15,"2026-08-05T14:12:41.048Z","2026-08-05T14:12:41.048Z"
"ind_usr_1030","Vandana Rathore","vandana_rathore88@gmail.com","free","Active",7,15,15,"2026-08-05T14:05:53.169Z","2026-08-05T14:05:53.169Z"
"ind_usr_0084","Mayank Reddy","mayank.reddy.2000@gmail.com","free","Active",15,15,15,"2026-08-05T13:59:55.147Z","2026-08-05T13:59:55.147Z"
"ind_usr_1276","Prashant Bajaj","prashantb32@gmail.com","free","Active",11,15,15,"2026-08-05T13:55:56.740Z","2026-08-05T13:55:56.740Z"
"ind_usr_0682","Nisha Bhatia","nishabhatia27@gmail.com","free","Active",6,15,15,"2026-08-05T13:54:46.213Z","2026-08-05T13:54:46.213Z"
"ind_usr_2898","Tanya Verma","tanya.verma.work@gmail.com","free","Active",15,15,15,"2026-08-05T13:54:19.003Z","2026-08-05T13:54:19.003Z"
"ind_usr_0191","Jyoti Bhasin","jyoti.bhasin@gmail.com","free","Active",11,15,15,"2026-08-05T13:53:41.249Z","2026-08-05T13:53:41.249Z"
"ind_usr_2111","Aditya Kapoor","aditya.kapoor@gmail.com","free","Active",9,15,15,"2026-08-05T13:52:17.295Z","2026-08-05T13:52:17.295Z"
"ind_usr_3396","Arjun Nair","arjunn21@gmail.com","free","Active",4,15,15,"2026-08-05T13:50:32.085Z","2026-08-05T13:50:32.085Z"
"ind_usr_1202","Ananya Pandey","ananyapandey83@gmail.com","free","Active",6,15,15,"2026-08-05T13:42:08.382Z","2026-08-05T13:42:08.382Z"
"ind_usr_0301","Megha Bhatia","megha.bhatia@gmail.com","free","Active",8,15,15,"2026-08-05T13:42:01.131Z","2026-08-05T13:42:01.131Z"
"ind_usr_2449","Sonia Gupta","iam.soniagupta@gmail.com","free","Active",8,15,15,"2026-08-05T13:39:34.209Z","2026-08-05T13:39:34.209Z"
"ind_usr_2872","Amit Ahuja","amitahuja32@gmail.com","free","Active",7,15,15,"2026-08-05T13:34:38.685Z","2026-08-05T13:34:38.685Z"
"ind_usr_2000","Sneha Dubey","sneha_dubey89@gmail.com","free","Active",5,15,15,"2026-08-05T13:31:47.358Z","2026-08-05T13:31:47.358Z"
"ind_usr_0530","Kritika Joshi","kritika_joshi84@gmail.com","free","Active",6,15,15,"2026-08-05T13:25:06.337Z","2026-08-05T13:25:06.337Z"
"ind_usr_0241","Neha Pandey","neha.pandey@gmail.com","free","Active",11,15,15,"2026-08-05T13:20:57.509Z","2026-08-05T13:20:57.509Z"
"ind_usr_3263","Rakesh Patel","rakesh_patel@gmail.com","free","Active",3,15,15,"2026-08-05T13:19:38.866Z","2026-08-05T13:19:38.866Z"
"ind_usr_1897","Rohit Chawla","rohitchawla1996@gmail.com","free","Active",8,15,15,"2026-08-05T13:16:52.896Z","2026-08-05T13:16:52.896Z"
"ind_usr_2638","Payal Deshmukh","payal.deshmukh.work@gmail.com","free","Active",6,15,15,"2026-08-05T13:07:54.904Z","2026-08-05T13:07:54.904Z"
"ind_usr_0693","Kiran Yadav","kiran_yadav@gmail.com","free","Active",10,15,15,"2026-08-05T13:04:02.939Z","2026-08-05T13:04:02.939Z"
"ind_usr_0851","Tarun Ahuja","tarun.ahuja@gmail.com","free","Active",9,15,15,"2026-08-05T12:56:26.508Z","2026-08-05T12:56:26.508Z"
"ind_usr_2922","Tarun Tripathi","taruntripathi33@gmail.com","free","Active",15,15,15,"2026-08-05T12:51:18.732Z","2026-08-05T12:51:18.732Z"
"ind_usr_2251","Anjali Verma","anjali.verma@gmail.com","free","Active",15,15,15,"2026-08-05T12:50:21.540Z","2026-08-05T12:50:21.540Z"
"ind_usr_0975","Yash Bhatia","ybhatia57@gmail.com","free","Active",8,15,15,"2026-08-05T12:41:34.462Z","2026-08-05T12:41:34.462Z"
"ind_usr_2377","Abhishek Joshi","abhishekjoshi1996@gmail.com","free","Active",7,15,15,"2026-08-05T12:39:07.660Z","2026-08-05T12:39:07.660Z"
"ind_usr_1968","Rashmi Goyal","rashmi.goyal.work@gmail.com","free","Active",7,15,15,"2026-08-05T12:37:07.896Z","2026-08-05T12:37:07.896Z"
"ind_usr_1756","Aditya Shah","adityas79@gmail.com","free","Active",8,15,15,"2026-08-05T12:08:43.050Z","2026-08-05T12:08:43.050Z"
"ind_usr_2212","Pooja Bhatia","poojabhatia41@gmail.com","free","Active",12,15,15,"2026-08-05T12:07:37.687Z","2026-08-05T12:07:37.687Z"
"ind_usr_1261","Amit Bhatia","amit.bhatia@gmail.com","free","Active",14,15,15,"2026-08-05T12:07:07.941Z","2026-08-05T12:07:07.941Z"
"ind_usr_2645","Vikram Narang","vnarang49@gmail.com","free","Active",7,15,15,"2026-08-05T11:40:41.607Z","2026-08-05T11:40:41.607Z"
"ind_usr_0229","Riya Yadav","iam.riyayadav@gmail.com","free","Active",10,15,15,"2026-08-05T11:22:19.088Z","2026-08-05T11:22:19.088Z"
"ind_usr_1724","Nitin Dhar","nitin.dhar.1995@gmail.com","free","Active",7,15,15,"2026-08-05T11:21:58.341Z","2026-08-05T11:21:58.341Z"
"ind_usr_1259","Suresh Rathore","iam.sureshrathore@gmail.com","free","Active",3,15,15,"2026-08-05T11:17:32.269Z","2026-08-05T11:17:32.269Z"
"ind_usr_0775","Arjun Rathore","arathore68@gmail.com","free","Active",11,15,15,"2026-08-05T11:16:02.048Z","2026-08-05T11:16:02.048Z"
"ind_usr_3347","Ishita Mehta","ishitamehta2001@gmail.com","free","Active",3,15,15,"2026-08-05T11:10:29.638Z","2026-08-05T11:10:29.638Z"
"ind_usr_1954","Nitin Sinha","nitin.sinha.1993@gmail.com","free","Active",11,15,15,"2026-08-05T11:04:54.400Z","2026-08-05T11:04:54.400Z"
"ind_usr_2955","Komal Narang","knarang25@gmail.com","free","Active",6,15,15,"2026-08-05T11:03:41.777Z","2026-08-05T11:03:41.777Z"
"ind_usr_2573","Saurabh Bhatia","saurabh.bhatia3700@gmail.com","free","Active",5,15,15,"2026-08-05T10:47:04.340Z","2026-08-05T10:47:04.340Z"
"ind_usr_1452","Varun Singh","varunsingh49@gmail.com","free","Active",15,15,15,"2026-08-05T10:27:14.920Z","2026-08-05T10:27:14.920Z"
"ind_usr_0471","Rohit Reddy","rohit.reddy@gmail.com","free","Active",6,15,15,"2026-08-05T10:26:21.447Z","2026-08-05T10:26:21.447Z"
"ind_usr_1371","Megha Yadav","megha.yadav@gmail.com","free","Active",7,15,15,"2026-08-05T10:25:22.907Z","2026-08-05T10:25:22.907Z"
"ind_usr_3326","Nisha Rao","nishar87@gmail.com","free","Active",13,15,15,"2026-08-05T10:17:29.035Z","2026-08-05T10:17:29.035Z"
"ind_usr_0700","Nitin Goyal","nitin_goyal58@gmail.com","free","Active",4,15,15,"2026-08-05T09:49:04.241Z","2026-08-05T09:49:04.241Z"
"ind_usr_2597","Rohit Rao","rohitrao1993@gmail.com","free","Active",13,15,15,"2026-08-05T09:38:36.697Z","2026-08-05T09:38:36.697Z"
"ind_usr_0612","Komal Singh","komalsingh35@gmail.com","free","Active",8,15,15,"2026-08-05T09:19:54.509Z","2026-08-05T09:19:54.509Z"
"ind_usr_1074","Simran Patel","simran.patel.1996@gmail.com","free","Active",13,15,15,"2026-08-05T09:02:36.743Z","2026-08-05T09:02:36.743Z"
"ind_usr_2232","Sonia Aggarwal","soniaaggarwal22@gmail.com","free","Active",12,15,15,"2026-08-05T08:57:51.967Z","2026-08-05T08:57:51.967Z"
"ind_usr_1156","Divya Pandey","divyap74@gmail.com","free","Active",13,15,15,"2026-08-05T08:54:26.960Z","2026-08-05T08:54:26.960Z"
"ind_usr_1218","Anjali Saxena","anjali.saxena.work@gmail.com","free","Active",12,15,15,"2026-08-05T08:54:03.337Z","2026-08-05T08:54:03.337Z"
"ind_usr_3286","Archana Shah","archanas35@gmail.com","free","Active",12,15,15,"2026-08-05T08:52:40.172Z","2026-08-05T08:52:40.172Z"
"ind_usr_2829","Sunil Tripathi","sunil.tripathi6371@gmail.com","free","Active",13,15,15,"2026-08-05T08:50:53.737Z","2026-08-05T08:50:53.737Z"
"ind_usr_2791","Suresh Kumar","suresh.kumar@gmail.com","free","Active",12,15,15,"2026-08-05T08:47:30.308Z","2026-08-05T08:47:30.308Z"
"ind_usr_1355","Karan Joshi","kjoshi25@gmail.com","free","Active",7,15,15,"2026-08-05T08:43:24.572Z","2026-08-05T08:43:24.572Z"
"ind_usr_2110","Anjali Dhar","anjali_dhar33@gmail.com","free","Active",13,15,15,"2026-08-05T08:36:19.411Z","2026-08-05T08:36:19.411Z"
"ind_usr_1476","Komal Choudhury","komalc50@gmail.com","free","Active",3,15,15,"2026-08-05T08:31:26.028Z","2026-08-05T08:31:26.028Z"
"ind_usr_0627","Rajesh Pandey","rajeshpandey2003@gmail.com","free","Active",14,15,15,"2026-08-05T08:29:55.591Z","2026-08-05T08:29:55.591Z"
"ind_usr_0407","Kunal Mehta","kunalmehta2002@gmail.com","free","Active",13,15,15,"2026-08-05T08:25:30.399Z","2026-08-05T08:25:30.399Z"
"ind_usr_2556","Rahul Mishra","rahulm87@gmail.com","free","Active",15,15,15,"2026-08-05T08:24:24.537Z","2026-08-05T08:24:24.537Z"
"ind_usr_2180","Saurabh Narang","saurabh_narang79@gmail.com","free","Active",12,15,15,"2026-08-05T08:20:47.631Z","2026-08-05T08:20:47.631Z"
"ind_usr_0988","Rashmi Jain","rashmi.jain.work@gmail.com","free","Active",10,15,15,"2026-08-05T08:05:48.735Z","2026-08-05T08:05:48.735Z"
"ind_usr_2396","Simran Sinha","simrans62@gmail.com","free","Active",5,15,15,"2026-08-05T08:03:23.778Z","2026-08-05T08:03:23.778Z"
"ind_usr_0444","Varun Narang","varun.narang.1998@gmail.com","free","Active",15,15,15,"2026-08-05T08:03:04.104Z","2026-08-05T08:03:04.104Z"
"ind_usr_1833","Ishita Ahuja","ishita_ahuja@gmail.com","free","Active",10,15,15,"2026-08-05T07:49:54.199Z","2026-08-05T07:49:54.199Z"
"ind_usr_2502","Tarun Yadav","tarunyadav84@gmail.com","free","Active",10,15,15,"2026-08-05T07:35:28.927Z","2026-08-05T07:35:28.927Z"
"ind_usr_1403","Simran Chatterjee","simran_chatterjee@gmail.com","free","Active",6,15,15,"2026-08-05T07:28:51.147Z","2026-08-05T07:28:51.147Z"
"ind_usr_1319","Aditya Banerjee","iam.adityabanerjee@gmail.com","free","Active",10,15,15,"2026-08-05T07:13:36.183Z","2026-08-05T07:13:36.183Z"
"ind_usr_0212","Vandana Sinha","vandanasinha69@gmail.com","free","Active",6,15,15,"2026-08-05T07:08:26.636Z","2026-08-05T07:08:26.636Z"
"ind_usr_0704","Nikhil Shah","nikhil.shah.2000@gmail.com","free","Active",8,15,15,"2026-08-05T07:07:41.320Z","2026-08-05T07:07:41.320Z"
"ind_usr_0753","Saurabh Deshmukh","saurabh_deshmukh@gmail.com","free","Active",15,15,15,"2026-08-05T07:03:37.164Z","2026-08-05T07:03:37.164Z"
"ind_usr_1505","Rakesh Sharma","rsharma80@gmail.com","free","Active",3,15,15,"2026-08-05T07:01:51.405Z","2026-08-05T07:01:51.405Z"
"ind_usr_1744","Suresh Saxena","suresh.saxena.1998@gmail.com","free","Active",7,15,15,"2026-08-05T07:01:45.726Z","2026-08-05T07:01:45.726Z"
"ind_usr_1620","Gaurav Goyal","gaurav_goyal41@gmail.com","free","Active",6,15,15,"2026-08-05T07:01:02.020Z","2026-08-05T07:01:02.020Z"
"ind_usr_0708","Tanya Yadav","tanya.yadav.work@gmail.com","free","Active",11,15,15,"2026-08-05T06:55:00.575Z","2026-08-05T06:55:00.575Z"
"ind_usr_2609","Aarav Yadav","iam.aaravyadav@gmail.com","free","Active",9,15,15,"2026-08-05T06:50:18.158Z","2026-08-05T06:50:18.158Z"
"ind_usr_0382","Neha Sharma","nehasharma48@gmail.com","free","Active",11,15,15,"2026-08-05T06:50:03.643Z","2026-08-05T06:50:03.643Z"
"ind_usr_2927","Sonam Mehta","sonammehta2001@gmail.com","free","Active",3,15,15,"2026-08-05T06:49:49.029Z","2026-08-05T06:49:49.029Z"
"ind_usr_2635","Sonia Thakur","sthakur30@gmail.com","free","Active",15,15,15,"2026-08-05T06:49:00.944Z","2026-08-05T06:49:00.944Z"
"ind_usr_1397","Simran Mehta","simranmehta1998@gmail.com","free","Active",9,15,15,"2026-08-05T06:48:41.543Z","2026-08-05T06:48:41.543Z"
"ind_usr_0418","Ishita Tripathi","ishita.tripathi9583@gmail.com","free","Active",15,15,15,"2026-08-05T06:41:40.373Z","2026-08-05T06:41:40.373Z"
"ind_usr_1293","Yash Gupta","yash_gupta@gmail.com","free","Active",6,15,15,"2026-08-05T06:40:39.333Z","2026-08-05T06:40:39.333Z"
"ind_usr_0248","Bhavna Bajaj","bhavna.bajaj.work@gmail.com","free","Active",7,15,15,"2026-08-05T06:33:28.699Z","2026-08-05T06:33:28.699Z"
"ind_usr_2423","Nisha Thakur","nisha_thakur@gmail.com","free","Active",6,15,15,"2026-08-05T06:25:15.466Z","2026-08-05T06:25:15.466Z"
"ind_usr_1004","Gaurav Mehta","gaurav.mehta.1996@gmail.com","free","Active",8,15,15,"2026-08-05T06:22:10.227Z","2026-08-05T06:22:10.227Z"
"ind_usr_2762","Kunal Singh","kunalsingh41@gmail.com","free","Active",6,15,15,"2026-08-05T06:03:28.574Z","2026-08-05T06:03:28.574Z"
"ind_usr_0982","Yash Kapoor","yashkapoor65@gmail.com","free","Active",6,15,15,"2026-08-05T06:00:34.042Z","2026-08-05T06:00:34.042Z"
"ind_usr_3362","Sneha Shah","snehashah55@gmail.com","free","Active",13,15,15,"2026-08-05T05:56:21.965Z","2026-08-05T05:56:21.965Z"
"ind_usr_2050","Nitin Dubey","nitin_dubey38@gmail.com","free","Active",5,15,15,"2026-08-05T05:44:51.552Z","2026-08-05T05:44:51.552Z"
"ind_usr_2036","Rohit Jain","rohitj49@gmail.com","free","Active",12,15,15,"2026-08-05T05:44:20.486Z","2026-08-05T05:44:20.486Z"
"ind_usr_0623","Kavya Sharma","kavya_sharma@gmail.com","free","Active",6,15,15,"2026-08-05T05:41:58.618Z","2026-08-05T05:41:58.618Z"
"ind_usr_0122","Rashmi Tiwari","rashmitiwari79@gmail.com","free","Active",9,15,15,"2026-08-05T05:36:18.493Z","2026-08-05T05:36:18.493Z"
"ind_usr_1682","Swati Dubey","swatidubey76@gmail.com","free","Active",11,15,15,"2026-08-05T05:36:08.934Z","2026-08-05T05:36:08.934Z"
"ind_usr_1157","Arjun Joshi","arjunjoshi1993@gmail.com","free","Active",4,15,15,"2026-08-05T05:19:49.035Z","2026-08-05T05:19:49.035Z"
"ind_usr_2705","Manish Shah","mshah18@gmail.com","free","Active",8,15,15,"2026-08-05T05:05:16.441Z","2026-08-05T05:05:16.441Z"
"ind_usr_1686","Sonia Banerjee","soniab51@gmail.com","free","Active",13,15,15,"2026-08-05T05:04:17.845Z","2026-08-05T05:04:17.845Z"
"ind_usr_0810","Komal Deshmukh","komal_deshmukh80@gmail.com","free","Active",13,15,15,"2026-08-05T04:56:28.382Z","2026-08-05T04:56:28.382Z"
"ind_usr_2763","Payal Banerjee","payal_banerjee@gmail.com","free","Active",6,15,15,"2026-08-05T04:51:02.931Z","2026-08-05T04:51:02.931Z"
"ind_usr_2992","Simran Sharma","simransharma88@gmail.com","free","Active",11,15,15,"2026-08-05T04:46:54.654Z","2026-08-05T04:46:54.654Z"
"ind_usr_1205","Rajesh Dhar","rdhar71@gmail.com","free","Active",12,15,15,"2026-08-05T04:44:49.724Z","2026-08-05T04:44:49.724Z"
"ind_usr_1829","Suresh Singh","iam.sureshsingh@gmail.com","free","Active",4,15,15,"2026-08-05T04:43:30.964Z","2026-08-05T04:43:30.964Z"
"ind_usr_0202","Saurabh Deshmukh","saurabhdeshmukh72@gmail.com","free","Active",5,15,15,"2026-08-05T04:31:44.136Z","2026-08-05T04:31:44.136Z"
"ind_usr_2952","Aditya Ahuja","adityaahuja11@gmail.com","free","Active",12,15,15,"2026-08-05T04:29:42.824Z","2026-08-05T04:29:42.824Z"
"ind_usr_0172","Ishita Singh","ishitasingh89@gmail.com","free","Active",3,15,15,"2026-08-05T04:29:36.650Z","2026-08-05T04:29:36.650Z"
"ind_usr_0077","Vikram Mishra","vikrammishra1997@gmail.com","free","Active",11,15,15,"2026-08-05T04:22:03.552Z","2026-08-05T04:22:03.552Z"
"ind_usr_0842","Shreya Shah","shreyashah89@gmail.com","free","Active",3,15,15,"2026-08-05T04:13:03.189Z","2026-08-05T04:13:03.189Z"
"ind_usr_2272","Sonia Bhasin","soniabhasin56@gmail.com","free","Active",9,15,15,"2026-08-05T04:06:45.912Z","2026-08-05T04:06:45.912Z"
"ind_usr_1228","Swati Tiwari","swati.tiwari.work@gmail.com","free","Active",13,15,15,"2026-08-05T03:57:23.514Z","2026-08-05T03:57:23.514Z"
"ind_usr_0542","Kunal Goyal","kunalgoyal80@gmail.com","free","Active",15,15,15,"2026-08-05T03:48:57.252Z","2026-08-05T03:48:57.252Z"
"ind_usr_2928","Rakesh Sinha","rakesh.sinha.work@gmail.com","free","Active",8,15,15,"2026-08-05T03:40:11.270Z","2026-08-05T03:40:11.270Z"
"ind_usr_0414","Divya Mehta","divya.mehta.1998@gmail.com","free","Active",3,15,15,"2026-08-05T03:29:23.008Z","2026-08-05T03:29:23.008Z"
"ind_usr_2485","Rohit Joshi","rjoshi94@gmail.com","free","Active",14,15,15,"2026-08-05T03:06:04.932Z","2026-08-05T03:06:04.932Z"
"ind_usr_0293","Aditya Mishra","aditya_mishra@gmail.com","free","Active",9,15,15,"2026-08-05T03:04:47.041Z","2026-08-05T03:04:47.041Z"
"ind_usr_0644","Kunal Bajaj","kunal.bajaj.1993@gmail.com","free","Active",13,15,15,"2026-08-05T03:00:39.652Z","2026-08-05T03:00:39.652Z"
"ind_usr_2035","Rashmi Narang","rnarang56@gmail.com","free","Active",5,15,15,"2026-08-05T02:54:23.475Z","2026-08-05T02:54:23.475Z"
"ind_usr_1256","Riya Reddy","riyar33@gmail.com","free","Active",4,15,15,"2026-08-05T02:44:19.847Z","2026-08-05T02:44:19.847Z"
"ind_usr_1167","Kiran Sinha","kiransinha1993@gmail.com","free","Active",8,15,15,"2026-08-05T02:42:28.188Z","2026-08-05T02:42:28.188Z"
"ind_usr_3056","Siddharth Joshi","siddharthj15@gmail.com","free","Active",6,15,15,"2026-08-05T02:35:40.974Z","2026-08-05T02:35:40.974Z"
"ind_usr_0379","Rakesh Choudhury","iam.rakeshchoudhury@gmail.com","free","Active",5,15,15,"2026-08-05T02:33:23.251Z","2026-08-05T02:33:23.251Z"
"ind_usr_0234","Divya Choudhury","divya.choudhury.2002@gmail.com","free","Active",8,15,15,"2026-08-05T02:32:28.957Z","2026-08-05T02:32:28.957Z"
"ind_usr_0053","Varun Tiwari","varun_tiwari@gmail.com","free","Active",3,15,15,"2026-08-05T02:27:55.823Z","2026-08-05T02:27:55.823Z"
"ind_usr_2030","Manish Joshi","manish_joshi15@gmail.com","free","Active",14,15,15,"2026-08-05T02:27:28.698Z","2026-08-05T02:27:28.698Z"
"ind_usr_1911","Bhavna Kapoor","bhavna.kapoor@gmail.com","free","Active",9,15,15,"2026-08-05T02:22:11.603Z","2026-08-05T02:22:11.603Z"
"ind_usr_2182","Archana Tripathi","archanatripathi85@gmail.com","free","Active",11,15,15,"2026-08-05T02:01:38.110Z","2026-08-05T02:01:38.110Z"
"ind_usr_1585","Manish Dhar","mdhar51@gmail.com","free","Active",4,15,15,"2026-08-05T01:55:53.419Z","2026-08-05T01:55:53.419Z"
"ind_usr_1552","Megha Sharma","meghasharma74@gmail.com","free","Active",10,15,15,"2026-08-05T01:53:56.863Z","2026-08-05T01:53:56.863Z"
"ind_usr_2777","Mayank Dubey","mayankdubey2001@gmail.com","free","Active",5,15,15,"2026-08-05T01:51:46.065Z","2026-08-05T01:51:46.065Z"
"ind_usr_1341","Riya Bhasin","riya.bhasin@gmail.com","free","Active",11,15,15,"2026-08-05T01:48:18.498Z","2026-08-05T01:48:18.498Z"
"ind_usr_2649","Alok Banerjee","iam.alokbanerjee@gmail.com","free","Active",8,15,15,"2026-08-05T01:46:13.240Z","2026-08-05T01:46:13.240Z"
"ind_usr_2301","Mohit Mehta","mohit.mehta@gmail.com","free","Active",9,15,15,"2026-08-05T01:40:13.529Z","2026-08-05T01:40:13.529Z"
"ind_usr_0564","Sonia Verma","sonia.verma.1997@gmail.com","free","Active",5,15,15,"2026-08-05T01:33:00.852Z","2026-08-05T01:33:00.852Z"
"ind_usr_3128","Kunal Deshmukh","kunal.deshmukh.work@gmail.com","free","Active",3,15,15,"2026-08-05T01:32:06.282Z","2026-08-05T01:32:06.282Z"
"ind_usr_2579","Monika Aggarwal","iam.monikaaggarwal@gmail.com","free","Active",5,15,15,"2026-08-05T01:29:47.700Z","2026-08-05T01:29:47.700Z"
"ind_usr_1516","Jyoti Dutta","jyotid76@gmail.com","free","Active",14,15,15,"2026-08-05T01:26:38.853Z","2026-08-05T01:26:38.853Z"
"ind_usr_1100","Sonam Deshmukh","sonam_deshmukh18@gmail.com","free","Active",8,15,15,"2026-08-05T01:15:16.225Z","2026-08-05T01:15:16.225Z"
"ind_usr_3113","Rohit Deshmukh","rohit_deshmukh@gmail.com","free","Active",9,15,15,"2026-08-05T01:07:28.666Z","2026-08-05T01:07:28.666Z"
"ind_usr_2102","Aarav Patel","aaravpatel73@gmail.com","free","Active",15,15,15,"2026-08-05T01:06:15.216Z","2026-08-05T01:06:15.216Z"
"ind_usr_2685","Riya Dhar","rdhar64@gmail.com","free","Active",10,15,15,"2026-08-05T00:59:13.807Z","2026-08-05T00:59:13.807Z"
"ind_usr_1938","Komal Pandey","komal.pandey.work@gmail.com","free","Active",3,15,15,"2026-08-05T00:56:33.635Z","2026-08-05T00:56:33.635Z"
"ind_usr_1737","Payal Aggarwal","payalaggarwal2000@gmail.com","free","Active",3,15,15,"2026-08-05T00:50:16.960Z","2026-08-05T00:50:16.960Z"
"ind_usr_2029","Jyoti Joshi","iam.jyotijoshi@gmail.com","free","Active",9,15,15,"2026-08-05T00:31:26.130Z","2026-08-05T00:31:26.130Z"
"ind_usr_2135","Komal Nair","knair65@gmail.com","free","Active",14,15,15,"2026-08-05T00:30:55.132Z","2026-08-05T00:30:55.132Z"
"ind_usr_0278","Rajesh Thakur","rajesh.thakur.work@gmail.com","free","Active",4,15,15,"2026-08-05T00:28:10.140Z","2026-08-05T00:28:10.140Z"
"ind_usr_2083","Kiran Dubey","kiran_dubey@gmail.com","free","Active",7,15,15,"2026-08-05T00:22:04.227Z","2026-08-05T00:22:04.227Z"
"ind_usr_3063","Mohit Mehta","mohit_mehta@gmail.com","free","Active",4,15,15,"2026-08-05T00:18:08.682Z","2026-08-05T00:18:08.682Z"
"ind_usr_1045","Rohit Shah","rshah34@gmail.com","free","Active",12,15,15,"2026-08-05T00:14:13.722Z","2026-08-05T00:14:13.722Z"
"ind_usr_1222","Nitin Mishra","nitinmishra53@gmail.com","free","Active",9,15,15,"2026-08-05T00:09:53.368Z","2026-08-05T00:09:53.368Z"
"ind_usr_1588","Siddharth Dubey","siddharth.dubey.work@gmail.com","free","Active",10,15,15,"2026-08-05T00:09:00.877Z","2026-08-05T00:09:00.877Z"
"ind_usr_0415","Megha Thakur","mthakur39@gmail.com","free","Active",12,15,15,"2026-08-05T00:04:15.955Z","2026-08-05T00:04:15.955Z"
"ind_usr_2351","Tarun Narang","tarun.narang5231@gmail.com","free","Active",8,15,15,"2026-08-04T23:59:21.238Z","2026-08-04T23:59:21.238Z"
"ind_usr_1275","Deepika Dutta","ddutta61@gmail.com","free","Active",13,15,15,"2026-08-04T23:58:42.314Z","2026-08-04T23:58:42.314Z"
"ind_usr_1976","Rahul Chawla","rahulc63@gmail.com","free","Active",14,15,15,"2026-08-04T23:45:06.042Z","2026-08-04T23:45:06.042Z"
"ind_usr_0680","Tarun Ahuja","tarun_ahuja41@gmail.com","free","Active",10,15,15,"2026-08-04T23:41:14.757Z","2026-08-04T23:41:14.757Z"
"ind_usr_2913","Aditya Verma","aditya_verma@gmail.com","free","Active",8,15,15,"2026-08-04T23:32:33.931Z","2026-08-04T23:32:33.931Z"
"ind_usr_1042","Nikhil Gupta","nikhilgupta99@gmail.com","free","Active",4,15,15,"2026-08-04T23:18:32.101Z","2026-08-04T23:18:32.101Z"
"ind_usr_3077","Divya Rao","divyarao2000@gmail.com","free","Active",6,15,15,"2026-08-04T23:04:48.926Z","2026-08-04T23:04:48.926Z"
"ind_usr_0227","Vivek Sinha","viveksinha2002@gmail.com","free","Active",11,15,15,"2026-08-04T22:55:10.195Z","2026-08-04T22:55:10.195Z"
"ind_usr_2252","Suresh Tiwari","sureshtiwari21@gmail.com","free","Active",15,15,15,"2026-08-04T22:45:49.993Z","2026-08-04T22:45:49.993Z"
"ind_usr_1246","Sneha Deshmukh","snehad39@gmail.com","free","Active",8,15,15,"2026-08-04T22:45:28.596Z","2026-08-04T22:45:28.596Z"
"ind_usr_1388","Aditya Chatterjee","aditya.chatterjee.work@gmail.com","free","Active",13,15,15,"2026-08-04T22:43:24.730Z","2026-08-04T22:43:24.730Z"
"ind_usr_2196","Megha Dutta","megha.dutta8311@gmail.com","free","Active",10,15,15,"2026-08-04T22:36:59.366Z","2026-08-04T22:36:59.366Z"
"ind_usr_2320","Komal Malhotra","komal_malhotra31@gmail.com","free","Active",14,15,15,"2026-08-04T22:19:33.723Z","2026-08-04T22:19:33.723Z"
"ind_usr_0866","Tanya Tripathi","tanyat98@gmail.com","free","Active",5,15,15,"2026-08-04T22:15:26.328Z","2026-08-04T22:15:26.328Z"
"ind_usr_2629","Manish Bhatia","iam.manishbhatia@gmail.com","free","Active",13,15,15,"2026-08-04T22:06:38.953Z","2026-08-04T22:06:38.953Z"
"ind_usr_2010","Abhishek Mishra","abhishek_mishra49@gmail.com","free","Active",3,15,15,"2026-08-04T22:03:02.152Z","2026-08-04T22:03:02.152Z"
"ind_usr_1835","Rohan Kumar","rkumar28@gmail.com","free","Active",15,15,15,"2026-08-04T22:02:58.016Z","2026-08-04T22:02:58.016Z"
"ind_usr_1563","Rohan Joshi","rohan_joshi@gmail.com","free","Active",14,15,15,"2026-08-04T21:50:10.798Z","2026-08-04T21:50:10.798Z"
"ind_usr_2153","Aditya Rao","aditya_rao@gmail.com","free","Active",15,15,15,"2026-08-04T21:47:12.205Z","2026-08-04T21:47:12.205Z"
"ind_usr_2613","Anjali Sinha","anjali_sinha@gmail.com","free","Active",3,15,15,"2026-08-04T21:46:59.057Z","2026-08-04T21:46:59.057Z"
"ind_usr_2749","Vivek Reddy","iam.vivekreddy@gmail.com","free","Active",6,15,15,"2026-08-04T21:41:19.749Z","2026-08-04T21:41:19.749Z"
"ind_usr_1651","Rahul Gupta","rahul.gupta@gmail.com","free","Active",15,15,15,"2026-08-04T21:40:13.103Z","2026-08-04T21:40:13.103Z"
"ind_usr_0294","Sunil Dutta","sunil.dutta.2002@gmail.com","free","Active",10,15,15,"2026-08-04T21:37:27.189Z","2026-08-04T21:37:27.189Z"
"ind_usr_1162","Riya Mehta","riyamehta37@gmail.com","free","Active",6,15,15,"2026-08-04T21:37:20.919Z","2026-08-04T21:37:20.919Z"
"ind_usr_0296","Karan Jain","karanj54@gmail.com","free","Active",9,15,15,"2026-08-04T21:27:08.421Z","2026-08-04T21:27:08.421Z"
"ind_usr_1165","Neha Dubey","ndubey41@gmail.com","free","Active",9,15,15,"2026-08-04T21:24:57.494Z","2026-08-04T21:24:57.494Z"
"ind_usr_2853","Archana Singh","archana_singh@gmail.com","free","Active",3,15,15,"2026-08-04T21:24:01.733Z","2026-08-04T21:24:01.733Z"
"ind_usr_0425","Kiran Reddy","kreddy50@gmail.com","free","Active",10,15,15,"2026-08-04T21:21:58.902Z","2026-08-04T21:21:58.902Z"
"ind_usr_0969","Yash Chawla","iam.yashchawla@gmail.com","free","Active",12,15,15,"2026-08-04T21:21:45.393Z","2026-08-04T21:21:45.393Z"
"ind_usr_0216","Kiran Yadav","kirany75@gmail.com","free","Active",6,15,15,"2026-08-04T21:16:35.259Z","2026-08-04T21:16:35.259Z"
"ind_usr_3388","Arjun Choudhury","arjun.choudhury.work@gmail.com","free","Active",3,15,15,"2026-08-04T21:11:15.798Z","2026-08-04T21:11:15.798Z"
"ind_usr_2164","Nisha Tripathi","nisha.tripathi.1997@gmail.com","free","Active",7,15,15,"2026-08-04T21:03:06.212Z","2026-08-04T21:03:06.212Z"
"ind_usr_2996","Priya Shah","priyas85@gmail.com","free","Active",6,15,15,"2026-08-04T21:03:00.700Z","2026-08-04T21:03:00.700Z"
"ind_usr_1894","Manish Shah","manish.shah.2003@gmail.com","free","Active",13,15,15,"2026-08-04T20:50:31.259Z","2026-08-04T20:50:31.259Z"
"ind_usr_2939","Monika Goyal","iam.monikagoyal@gmail.com","free","Active",7,15,15,"2026-08-04T20:42:28.931Z","2026-08-04T20:42:28.931Z"
"ind_usr_1258","Priya Tripathi","priya.tripathi.work@gmail.com","free","Active",5,15,15,"2026-08-04T20:40:37.669Z","2026-08-04T20:40:37.669Z"
"ind_usr_2595","Bhavna Deshmukh","bdeshmukh11@gmail.com","free","Active",10,15,15,"2026-08-04T20:37:36.389Z","2026-08-04T20:37:36.389Z"
"ind_usr_2795","Manish Sinha","msinha65@gmail.com","free","Active",15,15,15,"2026-08-04T20:35:31.710Z","2026-08-04T20:35:31.710Z"
"ind_usr_2341","Archana Singh","archana.singh4767@gmail.com","free","Active",4,15,15,"2026-08-04T20:26:09.594Z","2026-08-04T20:26:09.594Z"
"ind_usr_3165","Yash Dutta","ydutta37@gmail.com","free","Active",9,15,15,"2026-08-04T20:22:59.133Z","2026-08-04T20:22:59.133Z"
"ind_usr_2864","Aakash Aggarwal","aakash.aggarwal.2001@gmail.com","free","Active",10,15,15,"2026-08-04T20:15:22.717Z","2026-08-04T20:15:22.717Z"
"ind_usr_0995","Neha Banerjee","nbanerjee84@gmail.com","free","Active",15,15,15,"2026-08-04T20:12:22.366Z","2026-08-04T20:12:22.366Z"
"ind_usr_1006","Divya Pandey","divyap38@gmail.com","free","Active",13,15,15,"2026-08-04T20:10:50.121Z","2026-08-04T20:10:50.121Z"
"ind_usr_1036","Nitin Gupta","niting64@gmail.com","free","Active",10,15,15,"2026-08-04T20:08:01.462Z","2026-08-04T20:08:01.462Z"
"ind_usr_1238","Varun Goyal","varun.goyal.work@gmail.com","free","Active",10,15,15,"2026-08-04T20:02:42.213Z","2026-08-04T20:02:42.213Z"
"ind_usr_0169","Sonam Thakur","iam.sonamthakur@gmail.com","free","Active",12,15,15,"2026-08-04T20:00:38.602Z","2026-08-04T20:00:38.602Z"
"ind_usr_0321","Arjun Tiwari","arjun.tiwari@gmail.com","free","Active",14,15,15,"2026-08-04T19:47:57.834Z","2026-08-04T19:47:57.834Z"
"ind_usr_1307","Sunil Patel","sunilpatel2002@gmail.com","free","Active",12,15,15,"2026-08-04T19:42:21.074Z","2026-08-04T19:42:21.074Z"
"ind_usr_0417","Nikhil Deshmukh","nikhildeshmukh1996@gmail.com","free","Active",7,15,15,"2026-08-04T19:41:56.828Z","2026-08-04T19:41:56.828Z"
"ind_usr_0318","Nikhil Pandey","nikhil.pandey.work@gmail.com","free","Active",10,15,15,"2026-08-04T19:36:36.383Z","2026-08-04T19:36:36.383Z"
"ind_usr_0114","Riya Shah","riya.shah.1999@gmail.com","free","Active",5,15,15,"2026-08-04T19:25:24.268Z","2026-08-04T19:25:24.268Z"
"ind_usr_2137","Aarav Sinha","aaravsinha1999@gmail.com","free","Active",5,15,15,"2026-08-04T19:20:02.825Z","2026-08-04T19:20:02.825Z"
"ind_usr_1689","Alok Dhar","iam.alokdhar@gmail.com","free","Active",10,15,15,"2026-08-04T19:12:29.444Z","2026-08-04T19:12:29.444Z"
"ind_usr_0404","Rashmi Dhar","rashmi.dhar.1996@gmail.com","free","Active",10,15,15,"2026-08-04T19:00:59.339Z","2026-08-04T19:00:59.339Z"
"ind_usr_1556","Komal Sharma","komals76@gmail.com","free","Active",6,15,15,"2026-08-04T18:35:54.114Z","2026-08-04T18:35:54.114Z"
"ind_usr_0204","Kritika Yadav","kritika.yadav.1995@gmail.com","free","Active",14,15,15,"2026-08-04T18:24:28.970Z","2026-08-04T18:24:28.970Z"
"ind_usr_1051","Vandana Bhasin","vandana.bhasin@gmail.com","free","Active",3,15,15,"2026-08-04T18:21:46.364Z","2026-08-04T18:21:46.364Z"
"ind_usr_2845","Mayank Malhotra","mmalhotra83@gmail.com","free","Active",8,15,15,"2026-08-04T18:21:31.992Z","2026-08-04T18:21:31.992Z"
"ind_usr_2940","Gaurav Reddy","gaurav_reddy99@gmail.com","free","Active",8,15,15,"2026-08-04T18:18:43.306Z","2026-08-04T18:18:43.306Z"
"ind_usr_0536","Arjun Aggarwal","arjuna37@gmail.com","free","Active",5,15,15,"2026-08-04T18:12:52.525Z","2026-08-04T18:12:52.525Z"
"ind_usr_2479","Saurabh Gupta","iam.saurabhgupta@gmail.com","free","Active",14,15,15,"2026-08-04T18:03:46.371Z","2026-08-04T18:03:46.371Z"
"ind_usr_3217","Gaurav Joshi","gauravjoshi1999@gmail.com","free","Active",12,15,15,"2026-08-04T18:00:27.910Z","2026-08-04T18:00:27.910Z"
"ind_usr_0252","Nikhil Goyal","nikhilgoyal41@gmail.com","free","Active",15,15,15,"2026-08-04T17:58:12.965Z","2026-08-04T17:58:12.965Z"
"ind_usr_2773","Priya Kumar","priya_kumar@gmail.com","free","Active",11,15,15,"2026-08-04T17:53:29.177Z","2026-08-04T17:53:29.177Z"
"ind_usr_2017","Alok Deshmukh","alokdeshmukh2002@gmail.com","free","Active",5,15,15,"2026-08-04T17:45:42.096Z","2026-08-04T17:45:42.096Z"
"ind_usr_2994","Aarav Gupta","aarav.gupta.2003@gmail.com","free","Active",13,15,15,"2026-08-04T17:40:22.535Z","2026-08-04T17:40:22.535Z"
"ind_usr_1859","Monika Mehta","iam.monikamehta@gmail.com","free","Active",14,15,15,"2026-08-04T17:40:07.292Z","2026-08-04T17:40:07.292Z"
"ind_usr_0846","Rohan Shah","rohans52@gmail.com","free","Active",9,15,15,"2026-08-04T17:35:16.689Z","2026-08-04T17:35:16.689Z"
"ind_usr_2530","Rashmi Malhotra","rashmi_malhotra56@gmail.com","free","Active",15,15,15,"2026-08-04T17:30:04.210Z","2026-08-04T17:30:04.210Z"
"ind_usr_0790","Amit Nair","amit_nair91@gmail.com","free","Active",12,15,15,"2026-08-04T17:28:22.515Z","2026-08-04T17:28:22.515Z"
"ind_usr_2803","Rahul Sinha","rahul_sinha@gmail.com","free","Active",4,15,15,"2026-08-04T17:27:16.268Z","2026-08-04T17:27:16.268Z"
"ind_usr_3353","Rahul Tiwari","rahul_tiwari@gmail.com","free","Active",12,15,15,"2026-08-04T17:17:57.920Z","2026-08-04T17:17:57.920Z"
"ind_usr_3343","Rashmi Sinha","rashmi_sinha@gmail.com","free","Active",13,15,15,"2026-08-04T17:10:07.213Z","2026-08-04T17:10:07.213Z"
"ind_usr_2824","Rohit Pandey","rohit.pandey.2003@gmail.com","free","Active",10,15,15,"2026-08-04T17:06:57.008Z","2026-08-04T17:06:57.008Z"
"ind_usr_1503","Kavya Kumar","kavya_kumar@gmail.com","free","Active",15,15,15,"2026-08-04T17:01:29.858Z","2026-08-04T17:01:29.858Z"
"ind_usr_1609","Aakash Gupta","iam.aakashgupta@gmail.com","free","Active",10,15,15,"2026-08-04T17:00:35.377Z","2026-08-04T17:00:35.377Z"
"ind_usr_1330","Ishita Thakur","ishita_thakur78@gmail.com","free","Active",4,15,15,"2026-08-04T16:50:22.454Z","2026-08-04T16:50:22.454Z"
"ind_usr_1017","Simran Aggarwal","simranaggarwal2001@gmail.com","free","Active",3,15,15,"2026-08-04T16:49:15.467Z","2026-08-04T16:49:15.467Z"
"ind_usr_1041","Kiran Goyal","kiran.goyal@gmail.com","free","Active",14,15,15,"2026-08-04T16:44:22.101Z","2026-08-04T16:44:22.101Z"
"ind_usr_0164","Rashmi Mishra","rashmi.mishra.2001@gmail.com","free","Active",8,15,15,"2026-08-04T16:32:20.351Z","2026-08-04T16:32:20.351Z"
"ind_usr_0629","Vikram Patel","iam.vikrampatel@gmail.com","free","Active",3,15,15,"2026-08-04T16:29:33.878Z","2026-08-04T16:29:33.878Z"
"ind_usr_0224","Nitin Shah","nitin.shah.2002@gmail.com","free","Active",6,15,15,"2026-08-04T16:29:02.274Z","2026-08-04T16:29:02.274Z"
"ind_usr_2166","Bhavna Chatterjee","bhavnac58@gmail.com","free","Active",11,15,15,"2026-08-04T16:13:34.429Z","2026-08-04T16:13:34.429Z"
"ind_usr_1864","Gaurav Narang","gaurav.narang.1997@gmail.com","free","Active",12,15,15,"2026-08-04T16:12:04.723Z","2026-08-04T16:12:04.723Z"
"ind_usr_3091","Rahul Tripathi","rahul.tripathi@gmail.com","free","Active",11,15,15,"2026-08-04T16:10:57.188Z","2026-08-04T16:10:57.188Z"
"ind_usr_1667","Vikram Tripathi","vikramtripathi1998@gmail.com","free","Active",7,15,15,"2026-08-04T16:07:03.391Z","2026-08-04T16:07:03.391Z"
"ind_usr_2823","Ishita Tiwari","ishita_tiwari@gmail.com","free","Active",3,15,15,"2026-08-04T15:58:07.286Z","2026-08-04T15:58:07.286Z"
"ind_usr_1484","Priya Banerjee","priya.banerjee.1999@gmail.com","free","Active",7,15,15,"2026-08-04T15:47:27.642Z","2026-08-04T15:47:27.642Z"
"ind_usr_2856","Sunil Jain","sunilj14@gmail.com","free","Active",4,15,15,"2026-08-04T15:46:01.203Z","2026-08-04T15:46:01.203Z"
"ind_usr_2698","Rakesh Joshi","rakesh.joshi.work@gmail.com","free","Active",3,15,15,"2026-08-04T15:45:26.391Z","2026-08-04T15:45:26.391Z"
"ind_usr_2082","Nisha Thakur","nishathakur65@gmail.com","free","Active",9,15,15,"2026-08-04T15:44:18.520Z","2026-08-04T15:44:18.520Z"
"ind_usr_3027","Bhavna Kumar","bhavnakumar1995@gmail.com","free","Active",9,15,15,"2026-08-04T15:41:49.706Z","2026-08-04T15:41:49.706Z"
"ind_usr_0837","Rashmi Choudhury","rashmichoudhury1996@gmail.com","free","Active",5,15,15,"2026-08-04T15:30:48.090Z","2026-08-04T15:30:48.090Z"
"ind_usr_2246","Riya Bhasin","riyab61@gmail.com","free","Active",12,15,15,"2026-08-04T15:17:38.226Z","2026-08-04T15:17:38.226Z"
"ind_usr_1716","Rakesh Dhar","rakeshd64@gmail.com","free","Active",7,15,15,"2026-08-04T15:15:11.431Z","2026-08-04T15:15:11.431Z"
"ind_usr_0375","Karan Ahuja","kahuja41@gmail.com","free","Active",13,15,15,"2026-08-04T15:08:06.015Z","2026-08-04T15:08:06.015Z"
"ind_usr_2005","Aarav Reddy","areddy23@gmail.com","free","Active",8,15,15,"2026-08-04T15:07:22.116Z","2026-08-04T15:07:22.116Z"
"ind_usr_1336","Shreya Singh","shreyas52@gmail.com","free","Active",12,15,15,"2026-08-04T15:06:36.558Z","2026-08-04T15:06:36.558Z"
"ind_usr_0239","Nitin Mishra","iam.nitinmishra@gmail.com","free","Active",15,15,15,"2026-08-04T14:53:19.715Z","2026-08-04T14:53:19.715Z"
"ind_usr_1520","Bhavna Patel","bhavna_patel84@gmail.com","free","Active",7,15,15,"2026-08-04T14:46:35.195Z","2026-08-04T14:46:35.195Z"
"ind_usr_2918","Mayank Bhatia","mayank.bhatia.work@gmail.com","free","Active",8,15,15,"2026-08-04T14:45:06.886Z","2026-08-04T14:45:06.886Z"
"ind_usr_0550","Amit Goyal","amit_goyal86@gmail.com","free","Active",12,15,15,"2026-08-04T14:44:48.296Z","2026-08-04T14:44:48.296Z"
"ind_usr_1207","Nisha Verma","nishaverma2002@gmail.com","free","Active",8,15,15,"2026-08-04T14:42:47.935Z","2026-08-04T14:42:47.935Z"
"ind_usr_1799","Rakesh Chatterjee","iam.rakeshchatterjee@gmail.com","free","Active",13,15,15,"2026-08-04T14:36:24.542Z","2026-08-04T14:36:24.542Z"
"ind_usr_1824","Neha Pandey","neha.pandey.1995@gmail.com","free","Active",4,15,15,"2026-08-04T14:28:15.844Z","2026-08-04T14:28:15.844Z"
"ind_usr_2981","Kiran Sinha","kiran.sinha@gmail.com","free","Active",7,15,15,"2026-08-04T14:24:03.138Z","2026-08-04T14:24:03.138Z"
"ind_usr_2227","Rohit Choudhury","rohitchoudhury2003@gmail.com","free","Active",11,15,15,"2026-08-04T14:21:30.313Z","2026-08-04T14:21:30.313Z"
"ind_usr_1200","Nisha Mishra","nisha_mishra85@gmail.com","free","Active",14,15,15,"2026-08-04T14:15:51.092Z","2026-08-04T14:15:51.092Z"
"ind_usr_0064","Riya Tripathi","riya.tripathi.1996@gmail.com","free","Active",14,15,15,"2026-08-04T14:15:05.861Z","2026-08-04T14:15:05.861Z"
"ind_usr_0922","Karan Sinha","karansinha32@gmail.com","free","Active",12,15,15,"2026-08-04T14:05:22.580Z","2026-08-04T14:05:22.580Z"
"ind_usr_2602","Payal Bhasin","payalbhasin23@gmail.com","free","Active",15,15,15,"2026-08-04T14:04:00.862Z","2026-08-04T14:04:00.862Z"
"ind_usr_0803","Rohan Dubey","rohan_dubey@gmail.com","free","Active",4,15,15,"2026-08-04T13:59:54.706Z","2026-08-04T13:59:54.706Z"
"ind_usr_2811","Vikram Tiwari","vikram.tiwari@gmail.com","free","Active",4,15,15,"2026-08-04T13:58:02.011Z","2026-08-04T13:58:02.011Z"
"ind_usr_1230","Vikram Aggarwal","vikram_aggarwal15@gmail.com","free","Active",6,15,15,"2026-08-04T13:50:05.367Z","2026-08-04T13:50:05.367Z"
"ind_usr_1984","Kritika Narang","kritika.narang.2001@gmail.com","free","Active",9,15,15,"2026-08-04T13:43:20.981Z","2026-08-04T13:43:20.981Z"
"ind_usr_0499","Nikhil Singh","iam.nikhilsingh@gmail.com","free","Active",9,15,15,"2026-08-04T13:33:55.633Z","2026-08-04T13:33:55.633Z"
"ind_usr_1964","Alok Deshmukh","alok.deshmukh.1993@gmail.com","free","Active",13,15,15,"2026-08-04T13:31:04.253Z","2026-08-04T13:31:04.253Z"
"ind_usr_2340","Priya Mehta","priya_mehta21@gmail.com","free","Active",12,15,15,"2026-08-04T13:27:15.240Z","2026-08-04T13:27:15.240Z"
"ind_usr_0549","Mohit Aggarwal","iam.mohitaggarwal@gmail.com","free","Active",3,15,15,"2026-08-04T13:24:24.425Z","2026-08-04T13:24:24.425Z"
"ind_usr_1069","Swati Thakur","iam.swatithakur@gmail.com","free","Active",4,15,15,"2026-08-04T13:13:47.212Z","2026-08-04T13:13:47.212Z"
"ind_usr_3294","Sonam Sinha","sonam.sinha.1995@gmail.com","free","Active",15,15,15,"2026-08-04T13:11:56.307Z","2026-08-04T13:11:56.307Z"
"ind_usr_2204","Ishita Chauhan","ishita.chauhan.2001@gmail.com","free","Active",9,15,15,"2026-08-04T13:09:08.715Z","2026-08-04T13:09:08.715Z"
"ind_usr_2389","Rohan Aggarwal","iam.rohanaggarwal@gmail.com","free","Active",5,15,15,"2026-08-04T13:04:51.597Z","2026-08-04T13:04:51.597Z"
"ind_usr_1735","Komal Sinha","ksinha20@gmail.com","free","Active",5,15,15,"2026-08-04T12:51:51.792Z","2026-08-04T12:51:51.792Z"
"ind_usr_0895","Rohan Malhotra","rmalhotra12@gmail.com","free","Active",13,15,15,"2026-08-04T12:49:54.533Z","2026-08-04T12:49:54.533Z"
"ind_usr_1636","Mohit Mishra","mohitm40@gmail.com","free","Active",15,15,15,"2026-08-04T12:45:47.637Z","2026-08-04T12:45:47.637Z"
"ind_usr_2344","Tanya Kapoor","tanya.kapoor.2000@gmail.com","free","Active",10,15,15,"2026-08-04T12:37:05.307Z","2026-08-04T12:37:05.307Z"
"ind_usr_0761","Manish Bhatia","manish.bhatia@gmail.com","free","Active",11,15,15,"2026-08-04T12:34:31.290Z","2026-08-04T12:34:31.290Z"
"ind_usr_3203","Alok Choudhury","alok_choudhury@gmail.com","free","Active",10,15,15,"2026-08-04T12:29:53.900Z","2026-08-04T12:29:53.900Z"
"ind_usr_3349","Rohan Dubey","iam.rohandubey@gmail.com","free","Active",4,15,15,"2026-08-04T12:24:43.595Z","2026-08-04T12:24:43.595Z"
"ind_usr_1819","Suresh Nair","iam.sureshnair@gmail.com","free","Active",14,15,15,"2026-08-04T12:20:43.442Z","2026-08-04T12:20:43.442Z"
"ind_usr_1225","Abhishek Pandey","apandey11@gmail.com","free","Active",12,15,15,"2026-08-04T12:11:29.038Z","2026-08-04T12:11:29.038Z"
"ind_usr_2007","Ananya Aggarwal","ananyaaggarwal2002@gmail.com","free","Active",4,15,15,"2026-08-04T12:05:07.071Z","2026-08-04T12:05:07.071Z"
"ind_usr_3164","Rohit Goyal","rohit.goyal.1998@gmail.com","free","Active",15,15,15,"2026-08-04T12:02:38.398Z","2026-08-04T12:02:38.398Z"
"ind_usr_0773","Megha Banerjee","megha_banerjee@gmail.com","free","Active",9,15,15,"2026-08-04T11:58:56.232Z","2026-08-04T11:58:56.232Z"
"ind_usr_2142","Rajesh Mehta","rajeshmehta27@gmail.com","free","Active",7,15,15,"2026-08-04T11:56:30.411Z","2026-08-04T11:56:30.411Z"
"ind_usr_1250","Riya Chawla","riya_chawla41@gmail.com","free","Active",12,15,15,"2026-08-04T11:51:40.550Z","2026-08-04T11:51:40.550Z"
"ind_usr_1507","Komal Jain","komaljain1993@gmail.com","free","Active",5,15,15,"2026-08-04T11:46:23.020Z","2026-08-04T11:46:23.020Z"
"ind_usr_2315","Jyoti Mehta","jmehta64@gmail.com","free","Active",9,15,15,"2026-08-04T11:44:36.038Z","2026-08-04T11:44:36.038Z"
"ind_usr_2160","Ananya Rathore","ananya_rathore47@gmail.com","free","Active",11,15,15,"2026-08-04T11:41:39.857Z","2026-08-04T11:41:39.857Z"
"ind_usr_3299","Abhishek Narang","iam.abhisheknarang@gmail.com","free","Active",3,15,15,"2026-08-04T11:40:42.899Z","2026-08-04T11:40:42.899Z"
"ind_usr_0405","Bhavna Patel","bpatel29@gmail.com","free","Active",10,15,15,"2026-08-04T11:38:33.561Z","2026-08-04T11:38:33.561Z"
"ind_usr_2186","Sneha Jain","snehaj66@gmail.com","free","Active",3,15,15,"2026-08-04T11:36:37.276Z","2026-08-04T11:36:37.276Z"
"ind_usr_0153","Prashant Sinha","prashant_sinha@gmail.com","free","Active",6,15,15,"2026-08-04T11:23:51.630Z","2026-08-04T11:23:51.630Z"
"ind_usr_0057","Rakesh Bajaj","rakeshbajaj2001@gmail.com","free","Active",3,15,15,"2026-08-04T11:09:38.415Z","2026-08-04T11:09:38.415Z"
"ind_usr_3007","Vandana Dubey","vandanadubey1993@gmail.com","free","Active",13,15,15,"2026-08-04T10:42:08.870Z","2026-08-04T10:42:08.870Z"
"ind_usr_1204","Sonam Deshmukh","sonam.deshmukh.1993@gmail.com","free","Active",6,15,15,"2026-08-04T10:39:57.629Z","2026-08-04T10:39:57.629Z"
"ind_usr_1586","Nikhil Joshi","nikhilj37@gmail.com","free","Active",14,15,15,"2026-08-04T10:38:55.960Z","2026-08-04T10:38:55.960Z"
"ind_usr_1640","Mayank Dhar","mayank_dhar27@gmail.com","free","Active",8,15,15,"2026-08-04T10:31:33.673Z","2026-08-04T10:31:33.673Z"
"ind_usr_0856","Monika Sharma","monikas19@gmail.com","free","Active",10,15,15,"2026-08-04T10:27:42.394Z","2026-08-04T10:27:42.394Z"
"ind_usr_2793","Arjun Reddy","arjun_reddy@gmail.com","free","Active",5,15,15,"2026-08-04T10:25:19.211Z","2026-08-04T10:25:19.211Z"
"ind_usr_0339","Nikhil Kapoor","iam.nikhilkapoor@gmail.com","free","Active",13,15,15,"2026-08-04T10:24:08.055Z","2026-08-04T10:24:08.055Z"
"ind_usr_1155","Bhavna Rao","brao73@gmail.com","free","Active",4,15,15,"2026-08-04T10:22:29.070Z","2026-08-04T10:22:29.070Z"
"ind_usr_2355","Saurabh Saxena","ssaxena98@gmail.com","free","Active",6,15,15,"2026-08-04T10:18:21.512Z","2026-08-04T10:18:21.512Z"
"ind_usr_2489","Aditya Chauhan","aditya.chauhan3497@gmail.com","free","Active",10,15,15,"2026-08-04T10:04:42.241Z","2026-08-04T10:04:42.241Z"
"ind_usr_3241","Monika Nair","monika.nair@gmail.com","free","Active",3,15,15,"2026-08-04T10:02:54.084Z","2026-08-04T10:02:54.084Z"
"ind_usr_0887","Nitin Chatterjee","nitinchatterjee2001@gmail.com","free","Active",3,15,15,"2026-08-04T09:57:11.224Z","2026-08-04T09:57:11.224Z"
"ind_usr_2009","Vivek Bhasin","iam.vivekbhasin@gmail.com","free","Active",10,15,15,"2026-08-04T09:53:56.392Z","2026-08-04T09:53:56.392Z"
"ind_usr_2209","Monika Sinha","iam.monikasinha@gmail.com","free","Active",11,15,15,"2026-08-04T09:51:04.390Z","2026-08-04T09:51:04.390Z"
"ind_usr_2345","Alok Kapoor","akapoor31@gmail.com","free","Active",9,15,15,"2026-08-04T09:44:21.327Z","2026-08-04T09:44:21.327Z"
"ind_usr_1214","Kavya Dubey","kavya.dubey.1993@gmail.com","free","Active",5,15,15,"2026-08-04T09:41:10.520Z","2026-08-04T09:41:10.520Z"
"ind_usr_2580","Suresh Joshi","suresh_joshi50@gmail.com","free","Active",15,15,15,"2026-08-04T09:40:20.733Z","2026-08-04T09:40:20.733Z"
"ind_usr_0562","Sunil Gupta","sunilgupta15@gmail.com","free","Active",4,15,15,"2026-08-04T09:37:53.156Z","2026-08-04T09:37:53.156Z"
"ind_usr_1565","Bhavna Bajaj","bbajaj77@gmail.com","free","Active",8,15,15,"2026-08-04T09:20:52.348Z","2026-08-04T09:20:52.348Z"
"ind_usr_0782","Rakesh Jain","rakeshjain96@gmail.com","free","Active",9,15,15,"2026-08-04T09:20:14.859Z","2026-08-04T09:20:14.859Z"
"ind_usr_3116","Mayank Tiwari","mayankt22@gmail.com","free","Active",7,15,15,"2026-08-04T09:17:03.026Z","2026-08-04T09:17:03.026Z"
"ind_usr_0461","Deepika Ahuja","deepika.ahuja@gmail.com","free","Active",8,15,15,"2026-08-04T09:13:50.989Z","2026-08-04T09:13:50.989Z"
"ind_usr_0591","Swati Aggarwal","swati.aggarwal@gmail.com","free","Active",4,15,15,"2026-08-04T09:13:36.875Z","2026-08-04T09:13:36.875Z"
"ind_usr_1278","Sonia Shah","sonia.shah.work@gmail.com","free","Active",3,15,15,"2026-08-04T09:11:49.589Z","2026-08-04T09:11:49.589Z"
"ind_usr_0631","Rohit Reddy","rohit.reddy8302@gmail.com","free","Active",7,15,15,"2026-08-04T09:10:08.915Z","2026-08-04T09:10:08.915Z"
"ind_usr_1227","Nisha Nair","nishanair2001@gmail.com","free","Active",11,15,15,"2026-08-04T09:10:02.851Z","2026-08-04T09:10:02.851Z"
"ind_usr_0071","Saurabh Saxena","saurabh.saxena@gmail.com","free","Active",14,15,15,"2026-08-04T09:06:45.242Z","2026-08-04T09:06:45.242Z"
"ind_usr_0018","Alok Jain","alok.jain.work@gmail.com","free","Active",4,15,15,"2026-08-04T08:54:25.746Z","2026-08-04T08:54:25.746Z"
"ind_usr_0394","Bhavna Aggarwal","bhavna.aggarwal.2003@gmail.com","free","Active",15,15,15,"2026-08-04T08:44:38.064Z","2026-08-04T08:44:38.064Z"
"ind_usr_0940","Karan Goyal","karan_goyal49@gmail.com","free","Active",7,15,15,"2026-08-04T08:40:43.006Z","2026-08-04T08:40:43.006Z"
"ind_usr_1500","Komal Bhatia","komal_bhatia55@gmail.com","free","Active",13,15,15,"2026-08-04T08:39:58.051Z","2026-08-04T08:39:58.051Z"
"ind_usr_3276","Divya Thakur","divyat52@gmail.com","free","Active",13,15,15,"2026-08-04T08:36:15.934Z","2026-08-04T08:36:15.934Z"
"ind_usr_3127","Saurabh Gupta","saurabhgupta2001@gmail.com","free","Active",7,15,15,"2026-08-04T08:34:05.365Z","2026-08-04T08:34:05.365Z"
"ind_usr_2668","Bhavna Dubey","bhavna.dubey.work@gmail.com","free","Active",12,15,15,"2026-08-04T08:32:45.938Z","2026-08-04T08:32:45.938Z"
"ind_usr_1188","Kunal Dutta","kunal.dutta.work@gmail.com","free","Active",9,15,15,"2026-08-04T08:29:53.991Z","2026-08-04T08:29:53.991Z"
"ind_usr_0266","Arjun Chawla","arjunc73@gmail.com","free","Active",15,15,15,"2026-08-04T08:23:27.958Z","2026-08-04T08:23:27.958Z"
"ind_usr_3277","Aditya Malhotra","adityamalhotra2000@gmail.com","free","Active",7,15,15,"2026-08-04T08:23:23.244Z","2026-08-04T08:23:23.244Z"
"ind_usr_1770","Simran Singh","simran_singh26@gmail.com","free","Active",14,15,15,"2026-08-04T08:22:18.443Z","2026-08-04T08:22:18.443Z"
"ind_usr_0098","Divya Choudhury","divya.choudhury.work@gmail.com","free","Active",9,15,15,"2026-08-04T08:11:46.224Z","2026-08-04T08:11:46.224Z"
"ind_usr_0082","Mohit Shah","mohitshah17@gmail.com","free","Active",11,15,15,"2026-08-04T07:56:02.783Z","2026-08-04T07:56:02.783Z"
"ind_usr_2827","Yash Kumar","yashkumar1995@gmail.com","free","Active",5,15,15,"2026-08-04T07:55:41.065Z","2026-08-04T07:55:41.065Z"
"ind_usr_2428","Vikram Narang","vikram.narang.work@gmail.com","free","Active",7,15,15,"2026-08-04T07:50:21.033Z","2026-08-04T07:50:21.033Z"
"ind_usr_2215","Suresh Patel","spatel51@gmail.com","free","Active",12,15,15,"2026-08-04T07:48:23.982Z","2026-08-04T07:48:23.982Z"
"ind_usr_2126","Gaurav Deshmukh","gauravd38@gmail.com","free","Active",3,15,15,"2026-08-04T07:40:11.973Z","2026-08-04T07:40:11.973Z"
"ind_usr_2966","Rohan Jain","rohanj51@gmail.com","free","Active",13,15,15,"2026-08-04T07:37:40.196Z","2026-08-04T07:37:40.196Z"
"ind_usr_1664","Deepika Saxena","deepika.saxena.2000@gmail.com","free","Active",15,15,15,"2026-08-04T07:32:57.532Z","2026-08-04T07:32:57.532Z"
"ind_usr_3313","Sunil Kapoor","sunil.kapoor2079@gmail.com","free","Active",4,15,15,"2026-08-04T07:31:01.226Z","2026-08-04T07:31:01.226Z"
"ind_usr_2688","Siddharth Yadav","siddharth.yadav.work@gmail.com","free","Active",8,15,15,"2026-08-04T07:27:35.743Z","2026-08-04T07:27:35.743Z"
"ind_usr_1679","Aditya Bhatia","iam.adityabhatia@gmail.com","free","Active",11,15,15,"2026-08-04T07:25:37.042Z","2026-08-04T07:25:37.042Z"
"ind_usr_2147","Alok Joshi","alokjoshi1997@gmail.com","free","Active",6,15,15,"2026-08-04T07:23:30.574Z","2026-08-04T07:23:30.574Z"
"ind_usr_2621","Simran Kumar","simran.kumar@gmail.com","free","Active",8,15,15,"2026-08-04T07:13:27.196Z","2026-08-04T07:13:27.196Z"
"ind_usr_0455","Priya Patel","ppatel66@gmail.com","free","Active",3,15,15,"2026-08-04T07:05:58.639Z","2026-08-04T07:05:58.639Z"
"ind_usr_1997","Riya Verma","riyaverma1997@gmail.com","free","Active",11,15,15,"2026-08-04T06:55:51.562Z","2026-08-04T06:55:51.562Z"
"ind_usr_3318","Rashmi Jain","rashmi.jain5564@gmail.com","free","Active",6,15,15,"2026-08-04T06:46:50.789Z","2026-08-04T06:46:50.789Z"
"ind_usr_2426","Manish Mishra","manishm20@gmail.com","free","Active",14,15,15,"2026-08-04T06:44:22.880Z","2026-08-04T06:44:22.880Z"
"ind_usr_1850","Karan Yadav","karan_yadav18@gmail.com","free","Active",13,15,15,"2026-08-04T06:36:27.039Z","2026-08-04T06:36:27.039Z"
"ind_usr_0459","Divya Singh","iam.divyasingh@gmail.com","free","Active",7,15,15,"2026-08-04T06:33:24.362Z","2026-08-04T06:33:24.362Z"
"ind_usr_2221","Nitin Mishra","nitin.mishra@gmail.com","free","Active",14,15,15,"2026-08-04T06:23:07.388Z","2026-08-04T06:23:07.388Z"
"ind_usr_2261","Saurabh Narang","saurabh.narang@gmail.com","free","Active",11,15,15,"2026-08-04T06:15:27.732Z","2026-08-04T06:15:27.732Z"
"ind_usr_0246","Sneha Tripathi","snehat87@gmail.com","free","Active",7,15,15,"2026-08-04T06:03:13.762Z","2026-08-04T06:03:13.762Z"
"ind_usr_3266","Aarav Dutta","aaravd19@gmail.com","free","Active",4,15,15,"2026-08-04T06:01:48.754Z","2026-08-04T06:01:48.754Z"
"ind_usr_2957","Arjun Yadav","arjunyadav1993@gmail.com","free","Active",9,15,15,"2026-08-04T05:55:47.059Z","2026-08-04T05:55:47.059Z"
"ind_usr_1177","Archana Thakur","archanathakur2001@gmail.com","free","Active",12,15,15,"2026-08-04T05:50:46.671Z","2026-08-04T05:50:46.671Z"
"ind_usr_0711","Ananya Jain","ananya.jain@gmail.com","free","Active",10,15,15,"2026-08-04T05:50:27.793Z","2026-08-04T05:50:27.793Z"
"ind_usr_2560","Mayank Deshmukh","mayank_deshmukh28@gmail.com","free","Active",14,15,15,"2026-08-04T05:44:58.914Z","2026-08-04T05:44:58.914Z"
"ind_usr_1226","Monika Dutta","monikad83@gmail.com","free","Active",9,15,15,"2026-08-04T05:38:48.566Z","2026-08-04T05:38:48.566Z"
"ind_usr_2802","Neha Bajaj","nehabajaj98@gmail.com","free","Active",4,15,15,"2026-08-04T05:19:58.148Z","2026-08-04T05:19:58.148Z"
"ind_usr_2993","Payal Yadav","payal_yadav@gmail.com","free","Active",13,15,15,"2026-08-04T05:08:16.392Z","2026-08-04T05:08:16.392Z"
"ind_usr_1991","Abhishek Narang","abhishek.narang@gmail.com","free","Active",4,15,15,"2026-08-04T04:54:14.232Z","2026-08-04T04:54:14.232Z"
"ind_usr_1723","Payal Malhotra","payal_malhotra@gmail.com","free","Active",14,15,15,"2026-08-04T04:53:11.959Z","2026-08-04T04:53:11.959Z"
"ind_usr_1079","Nisha Kapoor","iam.nishakapoor@gmail.com","free","Active",11,15,15,"2026-08-04T04:49:41.395Z","2026-08-04T04:49:41.395Z"
"ind_usr_0754","Rahul Shah","rahul.shah.2000@gmail.com","free","Active",7,15,15,"2026-08-04T04:45:07.684Z","2026-08-04T04:45:07.684Z"
"ind_usr_2910","Tanya Shah","tanya_shah32@gmail.com","free","Active",12,15,15,"2026-08-04T04:36:35.780Z","2026-08-04T04:36:35.780Z"
"ind_usr_0376","Rashmi Reddy","rashmir11@gmail.com","free","Active",8,15,15,"2026-08-04T04:21:16.056Z","2026-08-04T04:21:16.056Z"
"ind_usr_1287","Yash Tiwari","yashtiwari2002@gmail.com","free","Active",10,15,15,"2026-08-04T04:18:13.483Z","2026-08-04T04:18:13.483Z"
"ind_usr_0448","Ishita Malhotra","ishita.malhotra.work@gmail.com","free","Active",11,15,15,"2026-08-04T04:16:10.505Z","2026-08-04T04:16:10.505Z"
"ind_usr_1031","Siddharth Deshmukh","siddharth.deshmukh@gmail.com","free","Active",8,15,15,"2026-08-04T04:14:18.224Z","2026-08-04T04:14:18.224Z"
"ind_usr_2431","Suresh Saxena","suresh.saxena@gmail.com","free","Active",5,15,15,"2026-08-04T04:13:47.985Z","2026-08-04T04:13:47.985Z"
"ind_usr_2299","Deepak Aggarwal","deepak.aggarwal3856@gmail.com","free","Active",15,15,15,"2026-08-04T04:07:56.676Z","2026-08-04T04:07:56.676Z"
"ind_usr_2003","Vivek Verma","vivek_verma@gmail.com","free","Active",13,15,15,"2026-08-04T04:02:28.266Z","2026-08-04T04:02:28.266Z"
"ind_usr_1367","Simran Nair","simrannair1996@gmail.com","free","Active",13,15,15,"2026-08-04T04:02:25.998Z","2026-08-04T04:02:25.998Z"
"ind_usr_0108","Yash Bhasin","yash.bhasin.work@gmail.com","free","Active",13,15,15,"2026-08-04T03:46:51.958Z","2026-08-04T03:46:51.958Z"
"ind_usr_0974","Deepika Dutta","deepika.dutta.1996@gmail.com","free","Active",4,15,15,"2026-08-04T03:32:09.736Z","2026-08-04T03:32:09.736Z"
"ind_usr_0185","Simran Narang","snarang15@gmail.com","free","Active",11,15,15,"2026-08-04T03:24:49.659Z","2026-08-04T03:24:49.659Z"
"ind_usr_2287","Abhishek Gupta","abhishekgupta2002@gmail.com","free","Active",7,15,15,"2026-08-04T03:24:38.328Z","2026-08-04T03:24:38.328Z"
"ind_usr_0023","Kiran Saxena","kiran_saxena@gmail.com","free","Active",11,15,15,"2026-08-04T03:24:28.219Z","2026-08-04T03:24:28.219Z"
"ind_usr_0378","Nitin Dhar","nitin.dhar.work@gmail.com","free","Active",14,15,15,"2026-08-04T03:20:09.883Z","2026-08-04T03:20:09.883Z"
"ind_usr_0283","Tarun Mehta","tarun_mehta@gmail.com","free","Active",15,15,15,"2026-08-04T03:16:06.489Z","2026-08-04T03:16:06.489Z"
"ind_usr_3311","Pooja Dutta","pooja.dutta@gmail.com","free","Active",11,15,15,"2026-08-04T03:06:06.647Z","2026-08-04T03:06:06.647Z"
"ind_usr_2949","Karan Chawla","iam.karanchawla@gmail.com","free","Active",7,15,15,"2026-08-04T02:46:30.795Z","2026-08-04T02:46:30.795Z"
"ind_usr_2680","Amit Kumar","amit_kumar79@gmail.com","free","Active",10,15,15,"2026-08-04T02:42:07.375Z","2026-08-04T02:42:07.375Z"
"ind_usr_0228","Mayank Patel","mayank.patel.work@gmail.com","free","Active",11,15,15,"2026-08-04T02:41:11.163Z","2026-08-04T02:41:11.163Z"
"ind_usr_1384","Aakash Gupta","aakash.gupta.1997@gmail.com","free","Active",8,15,15,"2026-08-04T02:35:49.791Z","2026-08-04T02:35:49.791Z"
"ind_usr_2639","Payal Mishra","iam.payalmishra@gmail.com","free","Active",12,15,15,"2026-08-04T02:28:29.588Z","2026-08-04T02:28:29.588Z"
"ind_usr_2150","Payal Reddy","payal_reddy86@gmail.com","free","Active",13,15,15,"2026-08-04T02:19:02.325Z","2026-08-04T02:19:02.325Z"
"ind_usr_1422","Archana Tiwari","archanatiwari92@gmail.com","free","Active",11,15,15,"2026-08-04T02:10:02.110Z","2026-08-04T02:10:02.110Z"
"ind_usr_0477","Aakash Bhatia","aakashbhatia1993@gmail.com","free","Active",8,15,15,"2026-08-04T02:09:58.141Z","2026-08-04T02:09:58.141Z"
"ind_usr_2987","Varun Singh","varunsingh1997@gmail.com","free","Active",13,15,15,"2026-08-04T02:03:43.462Z","2026-08-04T02:03:43.462Z"
"ind_usr_2719","Komal Mehta","iam.komalmehta@gmail.com","free","Active",8,15,15,"2026-08-04T01:59:06.712Z","2026-08-04T01:59:06.712Z"
"ind_usr_0573","Siddharth Bhatia","siddharth_bhatia@gmail.com","free","Active",8,15,15,"2026-08-04T01:45:11.392Z","2026-08-04T01:45:11.392Z"
"ind_usr_1059","Sonia Aggarwal","iam.soniaaggarwal@gmail.com","free","Active",13,15,15,"2026-08-04T01:37:40.668Z","2026-08-04T01:37:40.668Z"
"ind_usr_2314","Sneha Joshi","sneha.joshi.1995@gmail.com","free","Active",10,15,15,"2026-08-04T01:35:35.328Z","2026-08-04T01:35:35.328Z"
"ind_usr_0696","Saurabh Mishra","saurabhm98@gmail.com","free","Active",5,15,15,"2026-08-04T01:34:00.731Z","2026-08-04T01:34:00.731Z"
"ind_usr_3368","Payal Tripathi","payal.tripathi.work@gmail.com","free","Active",13,15,15,"2026-08-04T01:20:58.114Z","2026-08-04T01:20:58.114Z"
"ind_usr_2133","Varun Tripathi","varun.tripathi4544@gmail.com","free","Active",4,15,15,"2026-08-04T01:12:09.374Z","2026-08-04T01:12:09.374Z"
"ind_usr_2043","Suresh Aggarwal","suresh_aggarwal@gmail.com","free","Active",12,15,15,"2026-08-04T01:07:02.484Z","2026-08-04T01:07:02.484Z"
"ind_usr_1493","Prashant Shah","prashant_shah@gmail.com","free","Active",4,15,15,"2026-08-04T00:59:53.946Z","2026-08-04T00:59:53.946Z"
"ind_usr_3076","Siddharth Ahuja","siddhartha80@gmail.com","free","Active",14,15,15,"2026-08-04T00:58:22.015Z","2026-08-04T00:58:22.015Z"
"ind_usr_2599","Nisha Goyal","iam.nishagoyal@gmail.com","free","Active",9,15,15,"2026-08-04T00:47:17.146Z","2026-08-04T00:47:17.146Z"
"ind_usr_1870","Vandana Gupta","vandana_gupta81@gmail.com","free","Active",3,15,15,"2026-08-04T00:46:54.994Z","2026-08-04T00:46:54.994Z"
"ind_usr_1904","Karan Choudhury","karan.choudhury.1998@gmail.com","free","Active",11,15,15,"2026-08-04T00:26:03.197Z","2026-08-04T00:26:03.197Z"
"ind_usr_3017","Simran Saxena","simransaxena1999@gmail.com","free","Active",4,15,15,"2026-08-04T00:25:33.606Z","2026-08-04T00:25:33.606Z"
"ind_usr_1541","Archana Saxena","archana.saxena@gmail.com","free","Active",7,15,15,"2026-08-04T00:24:25.896Z","2026-08-04T00:24:25.896Z"
"ind_usr_2965","Prashant Narang","pnarang29@gmail.com","free","Active",10,15,15,"2026-08-04T00:18:33.534Z","2026-08-04T00:18:33.534Z"
"ind_usr_0552","Komal Tiwari","komaltiwari89@gmail.com","free","Active",10,15,15,"2026-08-04T00:14:14.841Z","2026-08-04T00:14:14.841Z"
"ind_usr_0356","Priya Verma","priyav57@gmail.com","free","Active",14,15,15,"2026-08-04T00:12:23.436Z","2026-08-04T00:12:23.436Z"
"ind_usr_2977","Sunil Yadav","sunilyadav1998@gmail.com","free","Active",6,15,15,"2026-08-04T00:10:29.808Z","2026-08-04T00:10:29.808Z"
"ind_usr_2985","Rahul Narang","rnarang90@gmail.com","free","Active",4,15,15,"2026-08-04T00:09:56.068Z","2026-08-04T00:09:56.068Z"
"ind_usr_1116","Swati Choudhury","swatic48@gmail.com","free","Active",4,15,15,"2026-08-04T00:09:51.793Z","2026-08-04T00:09:51.793Z"
"ind_usr_0815","Sunil Bhatia","sbhatia82@gmail.com","free","Active",8,15,15,"2026-08-04T00:04:17.571Z","2026-08-04T00:04:17.571Z"
"ind_usr_0271","Aditya Thakur","aditya.thakur@gmail.com","free","Active",6,15,15,"2026-08-04T00:02:09.724Z","2026-08-04T00:02:09.724Z"
"ind_usr_0276","Swati Chawla","swatic31@gmail.com","free","Active",7,15,15,"2026-08-04T00:01:14.475Z","2026-08-04T00:01:14.475Z"
"ind_usr_3152","Rahul Bhatia","rahulbhatia54@gmail.com","free","Active",6,15,15,"2026-08-03T23:59:06.981Z","2026-08-03T23:59:06.981Z"
"ind_usr_1903","Sunil Chauhan","sunil_chauhan@gmail.com","free","Active",8,15,15,"2026-08-03T23:57:29.164Z","2026-08-03T23:57:29.164Z"
"ind_usr_1722","Mayank Rao","mayankrao86@gmail.com","free","Active",8,15,15,"2026-08-03T23:54:22.661Z","2026-08-03T23:54:22.661Z"
"ind_usr_1598","Vikram Sinha","vikram.sinha.work@gmail.com","free","Active",3,15,15,"2026-08-03T23:46:39.946Z","2026-08-03T23:46:39.946Z"
"ind_usr_0559","Tarun Sinha","iam.tarunsinha@gmail.com","free","Active",3,15,15,"2026-08-03T23:32:49.154Z","2026-08-03T23:32:49.154Z"
"ind_usr_0008","Abhishek Mehta","abhishek.mehta.work@gmail.com","free","Active",5,15,15,"2026-08-03T23:32:28.109Z","2026-08-03T23:32:28.109Z"
"ind_usr_2586","Rajesh Joshi","rajeshj65@gmail.com","free","Active",5,15,15,"2026-08-03T23:31:27.940Z","2026-08-03T23:31:27.940Z"
"ind_usr_3095","Rohan Banerjee","rbanerjee26@gmail.com","free","Active",11,15,15,"2026-08-03T23:24:09.800Z","2026-08-03T23:24:09.800Z"
"ind_usr_2574","Arjun Yadav","arjun.yadav.1999@gmail.com","free","Active",5,15,15,"2026-08-03T23:19:12.207Z","2026-08-03T23:19:12.207Z"
"ind_usr_1623","Kiran Saxena","kiran.saxena4081@gmail.com","free","Active",8,15,15,"2026-08-03T23:18:15.974Z","2026-08-03T23:18:15.974Z"
"ind_usr_0642","Vandana Joshi","vandanajoshi73@gmail.com","free","Active",5,15,15,"2026-08-03T23:17:53.359Z","2026-08-03T23:17:53.359Z"
"ind_usr_0039","Kavya Singh","iam.kavyasingh@gmail.com","free","Active",12,15,15,"2026-08-03T23:16:15.695Z","2026-08-03T23:16:15.695Z"
"ind_usr_0636","Nisha Singh","nishas67@gmail.com","free","Active",9,15,15,"2026-08-03T23:15:23.093Z","2026-08-03T23:15:23.093Z"
"ind_usr_0614","Komal Sharma","komal.sharma.1993@gmail.com","free","Active",8,15,15,"2026-08-03T23:09:15.879Z","2026-08-03T23:09:15.879Z"
"ind_usr_1312","Pooja Kapoor","poojakapoor92@gmail.com","free","Active",5,15,15,"2026-08-03T23:09:00.276Z","2026-08-03T23:09:00.276Z"
"ind_usr_1692","Gaurav Dutta","gauravdutta74@gmail.com","free","Active",9,15,15,"2026-08-03T23:08:41.663Z","2026-08-03T23:08:41.663Z"
"ind_usr_0962","Kritika Chawla","kritikachawla84@gmail.com","free","Active",5,15,15,"2026-08-03T22:55:43.875Z","2026-08-03T22:55:43.875Z"
"ind_usr_2909","Deepak Dubey","iam.deepakdubey@gmail.com","free","Active",14,15,15,"2026-08-03T22:54:25.869Z","2026-08-03T22:54:25.869Z"
"ind_usr_0073","Arjun Nair","arjun_nair@gmail.com","free","Active",9,15,15,"2026-08-03T22:45:20.707Z","2026-08-03T22:45:20.707Z"
"ind_usr_3019","Sunil Chatterjee","iam.sunilchatterjee@gmail.com","free","Active",11,15,15,"2026-08-03T22:36:14.125Z","2026-08-03T22:36:14.125Z"
"ind_usr_3080","Nikhil Dhar","nikhil_dhar11@gmail.com","free","Active",12,15,15,"2026-08-03T22:31:12.733Z","2026-08-03T22:31:12.733Z"
"ind_usr_1951","Tanya Ahuja","tanya.ahuja7841@gmail.com","free","Active",11,15,15,"2026-08-03T22:20:38.404Z","2026-08-03T22:20:38.404Z"
"ind_usr_0848","Priya Gupta","priya.gupta.work@gmail.com","free","Active",5,15,15,"2026-08-03T22:05:18.547Z","2026-08-03T22:05:18.547Z"
"ind_usr_1001","Nikhil Kapoor","nikhil.kapoor@gmail.com","free","Active",5,15,15,"2026-08-03T21:59:27.588Z","2026-08-03T21:59:27.588Z"
"ind_usr_1353","Jyoti Nair","jyoti_nair@gmail.com","free","Active",6,15,15,"2026-08-03T21:55:56.326Z","2026-08-03T21:55:56.326Z"
"ind_usr_1267","Sonam Banerjee","sonambanerjee1998@gmail.com","free","Active",8,15,15,"2026-08-03T21:49:50.049Z","2026-08-03T21:49:50.049Z"
"ind_usr_1479","Aditya Chauhan","iam.adityachauhan@gmail.com","free","Active",12,15,15,"2026-08-03T21:41:31.845Z","2026-08-03T21:41:31.845Z"
"ind_usr_0223","Kunal Saxena","kunal_saxena@gmail.com","free","Active",4,15,15,"2026-08-03T21:31:06.556Z","2026-08-03T21:31:06.556Z"
"ind_usr_2238","Anjali Yadav","anjali.yadav.work@gmail.com","free","Active",10,15,15,"2026-08-03T21:22:50.572Z","2026-08-03T21:22:50.572Z"
"ind_usr_0702","Rakesh Tiwari","rakeshtiwari32@gmail.com","free","Active",10,15,15,"2026-08-03T21:13:47.143Z","2026-08-03T21:13:47.143Z"
"ind_usr_2026","Alok Mehta","alokm30@gmail.com","free","Active",4,15,15,"2026-08-03T20:52:32.546Z","2026-08-03T20:52:32.546Z"
"ind_usr_2733","Swati Thakur","swati_thakur@gmail.com","free","Active",10,15,15,"2026-08-03T20:52:28.567Z","2026-08-03T20:52:28.567Z"
"ind_usr_0480","Ananya Joshi","ananya_joshi81@gmail.com","free","Active",15,15,15,"2026-08-03T20:43:06.656Z","2026-08-03T20:43:06.656Z"
"ind_usr_1970","Vivek Thakur","vivek_thakur97@gmail.com","free","Active",14,15,15,"2026-08-03T20:25:01.190Z","2026-08-03T20:25:01.190Z"
"ind_usr_1752","Mohit Pandey","mohitpandey42@gmail.com","free","Active",7,15,15,"2026-08-03T20:24:43.738Z","2026-08-03T20:24:43.738Z"
"ind_usr_0881","Saurabh Gupta","saurabh.gupta@gmail.com","free","Active",6,15,15,"2026-08-03T20:21:49.217Z","2026-08-03T20:21:49.217Z"
"ind_usr_1892","Jyoti Chatterjee","jyotichatterjee89@gmail.com","free","Active",4,15,15,"2026-08-03T20:19:25.616Z","2026-08-03T20:19:25.616Z"
"ind_usr_0718","Monika Goyal","monika.goyal.work@gmail.com","free","Active",12,15,15,"2026-08-03T20:14:46.793Z","2026-08-03T20:14:46.793Z"
"ind_usr_1927","Rahul Bhasin","rahulbhasin1995@gmail.com","free","Active",9,15,15,"2026-08-03T20:09:35.987Z","2026-08-03T20:09:35.987Z"
"ind_usr_1147","Deepak Patel","deepakpatel1995@gmail.com","free","Active",4,15,15,"2026-08-03T19:51:58.963Z","2026-08-03T19:51:58.963Z"
"ind_usr_3356","Nikhil Aggarwal","nikhila89@gmail.com","free","Active",13,15,15,"2026-08-03T19:40:03.968Z","2026-08-03T19:40:03.968Z"
"ind_usr_2500","Tanya Chatterjee","tanya_chatterjee21@gmail.com","free","Active",5,15,15,"2026-08-03T19:38:34.607Z","2026-08-03T19:38:34.607Z"
"ind_usr_2963","Rajesh Reddy","rajesh_reddy@gmail.com","free","Active",13,15,15,"2026-08-03T19:37:58.751Z","2026-08-03T19:37:58.751Z"
"ind_usr_3242","Yash Rao","yashrao40@gmail.com","free","Active",7,15,15,"2026-08-03T19:29:01.713Z","2026-08-03T19:29:01.713Z"
"ind_usr_0004","Aditya Joshi","aditya.joshi.1999@gmail.com","free","Active",5,15,15,"2026-08-03T19:25:04.557Z","2026-08-03T19:25:04.557Z"
"ind_usr_2108","Tanya Bajaj","tanya.bajaj.work@gmail.com","free","Active",11,15,15,"2026-08-03T19:23:58.984Z","2026-08-03T19:23:58.984Z"
"ind_usr_0109","Rajesh Mehta","iam.rajeshmehta@gmail.com","free","Active",15,15,15,"2026-08-03T19:21:54.454Z","2026-08-03T19:21:54.454Z"
"ind_usr_1374","Kritika Rao","kritika.rao.2003@gmail.com","free","Active",15,15,15,"2026-08-03T19:19:32.454Z","2026-08-03T19:19:32.454Z"
"ind_usr_1698","Deepika Chauhan","deepika.chauhan.work@gmail.com","free","Active",4,15,15,"2026-08-03T19:07:03.128Z","2026-08-03T19:07:03.128Z"
"ind_usr_0978","Kavya Saxena","kavya.saxena.work@gmail.com","free","Active",6,15,15,"2026-08-03T18:58:17.544Z","2026-08-03T18:58:17.544Z"
"ind_usr_1026","Sunil Chatterjee","sunilc85@gmail.com","free","Active",11,15,15,"2026-08-03T18:56:46.893Z","2026-08-03T18:56:46.893Z"
"ind_usr_2096","Aarav Bhasin","aaravb74@gmail.com","free","Active",7,15,15,"2026-08-03T18:48:41.223Z","2026-08-03T18:48:41.223Z"
"ind_usr_1779","Mohit Rathore","iam.mohitrathore@gmail.com","free","Active",6,15,15,"2026-08-03T18:46:03.133Z","2026-08-03T18:46:03.133Z"
"ind_usr_2113","Siddharth Chawla","siddharth_chawla@gmail.com","free","Active",14,15,15,"2026-08-03T18:44:38.672Z","2026-08-03T18:44:38.672Z"
"ind_usr_0572","Vivek Dutta","vivekdutta73@gmail.com","free","Active",6,15,15,"2026-08-03T18:42:09.083Z","2026-08-03T18:42:09.083Z"
"ind_usr_2873","Amit Tiwari","amit_tiwari@gmail.com","free","Active",14,15,15,"2026-08-03T18:27:51.215Z","2026-08-03T18:27:51.215Z"
"ind_usr_3240","Sneha Tripathi","sneha_tripathi59@gmail.com","free","Active",6,15,15,"2026-08-03T18:25:28.512Z","2026-08-03T18:25:28.512Z"
"ind_usr_2176","Neha Dhar","nehad56@gmail.com","free","Active",5,15,15,"2026-08-03T18:21:54.320Z","2026-08-03T18:21:54.320Z"
"ind_usr_3204","Bhavna Narang","bhavna.narang.1999@gmail.com","free","Active",3,15,15,"2026-08-03T18:20:51.939Z","2026-08-03T18:20:51.939Z"
"ind_usr_1027","Sonia Nair","sonianair2002@gmail.com","free","Active",8,15,15,"2026-08-03T18:10:06.990Z","2026-08-03T18:10:06.990Z"
"ind_usr_3219","Gaurav Saxena","iam.gauravsaxena@gmail.com","free","Active",10,15,15,"2026-08-03T18:05:30.120Z","2026-08-03T18:05:30.120Z"
"ind_usr_0506","Neha Choudhury","nehac40@gmail.com","free","Active",15,15,15,"2026-08-03T18:05:03.410Z","2026-08-03T18:05:03.410Z"
"ind_usr_3078","Komal Gupta","komal.gupta.work@gmail.com","free","Active",14,15,15,"2026-08-03T18:03:29.064Z","2026-08-03T18:03:29.064Z"
"ind_usr_0430","Amit Bajaj","amit_bajaj67@gmail.com","free","Active",11,15,15,"2026-08-03T17:52:57.302Z","2026-08-03T17:52:57.302Z"
"ind_usr_3190","Sonia Chauhan","sonia_chauhan71@gmail.com","free","Active",6,15,15,"2026-08-03T17:45:23.666Z","2026-08-03T17:45:23.666Z"
"ind_usr_0849","Arjun Reddy","iam.arjunreddy@gmail.com","free","Active",8,15,15,"2026-08-03T17:44:37.388Z","2026-08-03T17:44:37.388Z"
"ind_usr_3040","Aarav Yadav","aarav_yadav37@gmail.com","free","Active",13,15,15,"2026-08-03T17:29:57.899Z","2026-08-03T17:29:57.899Z"
"ind_usr_1091","Nisha Chatterjee","nisha.chatterjee@gmail.com","free","Active",8,15,15,"2026-08-03T17:21:28.781Z","2026-08-03T17:21:28.781Z"
"ind_usr_3224","Gaurav Dutta","gaurav.dutta.1997@gmail.com","free","Active",12,15,15,"2026-08-03T17:20:58.365Z","2026-08-03T17:20:58.365Z"
"ind_usr_2047","Sonia Shah","soniashah1998@gmail.com","free","Active",6,15,15,"2026-08-03T17:20:45.321Z","2026-08-03T17:20:45.321Z"
"ind_usr_3229","Jyoti Aggarwal","iam.jyotiaggarwal@gmail.com","free","Active",14,15,15,"2026-08-03T17:15:10.968Z","2026-08-03T17:15:10.968Z"
"ind_usr_1767","Sonam Dutta","sonamdutta2001@gmail.com","free","Active",12,15,15,"2026-08-03T17:09:19.412Z","2026-08-03T17:09:19.412Z"
"ind_usr_0578","Shreya Thakur","shreya.thakur.work@gmail.com","free","Active",6,15,15,"2026-08-03T17:07:23.737Z","2026-08-03T17:07:23.737Z"
"ind_usr_3267","Ishita Jain","ishitajain1996@gmail.com","free","Active",8,15,15,"2026-08-03T17:06:07.812Z","2026-08-03T17:06:07.812Z"
"ind_usr_3245","Rahul Banerjee","rbanerjee87@gmail.com","free","Active",5,15,15,"2026-08-03T17:05:24.680Z","2026-08-03T17:05:24.680Z"
"ind_usr_0445","Rohit Chauhan","rchauhan17@gmail.com","free","Active",14,15,15,"2026-08-03T17:04:28.628Z","2026-08-03T17:04:28.628Z"
"ind_usr_3193","Saurabh Tripathi","saurabh_tripathi@gmail.com","free","Active",14,15,15,"2026-08-03T16:58:12.060Z","2026-08-03T16:58:12.060Z"
"ind_usr_1704","Rohan Singh","rohan.singh.2003@gmail.com","free","Active",11,15,15,"2026-08-03T16:53:37.879Z","2026-08-03T16:53:37.879Z"
"ind_usr_2187","Kunal Bajaj","kunalbajaj1997@gmail.com","free","Active",5,15,15,"2026-08-03T16:51:31.449Z","2026-08-03T16:51:31.449Z"
"ind_usr_2908","Nisha Thakur","nisha.thakur.work@gmail.com","free","Active",9,15,15,"2026-08-03T16:49:28.795Z","2026-08-03T16:49:28.795Z"
"ind_usr_0990","Rohit Jain","rohit_jain30@gmail.com","free","Active",13,15,15,"2026-08-03T16:41:08.032Z","2026-08-03T16:41:08.032Z"
"ind_usr_2874","Kritika Yadav","kritika.yadav.2003@gmail.com","free","Active",13,15,15,"2026-08-03T16:26:29.981Z","2026-08-03T16:26:29.981Z"
"ind_usr_0600","Nisha Tripathi","nisha_tripathi22@gmail.com","free","Active",5,15,15,"2026-08-03T16:19:49.063Z","2026-08-03T16:19:49.063Z"
"ind_usr_0337","Kunal Patel","kunalpatel2002@gmail.com","free","Active",9,15,15,"2026-08-03T16:16:17.290Z","2026-08-03T16:16:17.290Z"
"ind_usr_1896","Mohit Saxena","mohits29@gmail.com","free","Active",9,15,15,"2026-08-03T16:08:46.148Z","2026-08-03T16:08:46.148Z"
"ind_usr_2774","Prashant Mehta","prashant.mehta.1995@gmail.com","free","Active",14,15,15,"2026-08-03T16:06:20.314Z","2026-08-03T16:06:20.314Z"
"ind_usr_2902","Bhavna Bhasin","bhavnabhasin89@gmail.com","free","Active",3,15,15,"2026-08-03T15:54:20.107Z","2026-08-03T15:54:20.107Z"
"ind_usr_0469","Rakesh Dubey","iam.rakeshdubey@gmail.com","free","Active",7,15,15,"2026-08-03T15:52:16.575Z","2026-08-03T15:52:16.575Z"
"ind_usr_2620","Gaurav Mishra","gaurav_mishra59@gmail.com","free","Active",4,15,15,"2026-08-03T15:51:45.548Z","2026-08-03T15:51:45.548Z"
"ind_usr_0749","Monika Verma","monika.verma3287@gmail.com","free","Active",9,15,15,"2026-08-03T15:50:17.007Z","2026-08-03T15:50:17.007Z"
"ind_usr_1629","Vikram Joshi","iam.vikramjoshi@gmail.com","free","Active",4,15,15,"2026-08-03T15:42:51.313Z","2026-08-03T15:42:51.313Z"
"ind_usr_2518","Megha Rao","megha.rao.work@gmail.com","free","Active",11,15,15,"2026-08-03T15:42:34.933Z","2026-08-03T15:42:34.933Z"
"ind_usr_1764","Nikhil Joshi","nikhil.joshi.1995@gmail.com","free","Active",8,15,15,"2026-08-03T15:39:31.127Z","2026-08-03T15:39:31.127Z"
"ind_usr_1762","Ananya Nair","ananyanair84@gmail.com","free","Active",4,15,15,"2026-08-03T15:38:28.068Z","2026-08-03T15:38:28.068Z"
"ind_usr_0977","Aakash Patel","aakashpatel1998@gmail.com","free","Active",14,15,15,"2026-08-03T15:25:29.788Z","2026-08-03T15:25:29.788Z"
"ind_usr_1527","Sonia Dhar","soniadhar1997@gmail.com","free","Active",5,15,15,"2026-08-03T15:24:23.661Z","2026-08-03T15:24:23.661Z"
"ind_usr_0402","Deepika Kumar","deepikakumar38@gmail.com","free","Active",12,15,15,"2026-08-03T15:23:21.669Z","2026-08-03T15:23:21.669Z"
"ind_usr_1469","Ishita Gupta","iam.ishitagupta@gmail.com","free","Active",5,15,15,"2026-08-03T15:23:18.444Z","2026-08-03T15:23:18.444Z"
"ind_usr_2060","Abhishek Malhotra","abhishek_malhotra77@gmail.com","free","Active",10,15,15,"2026-08-03T15:21:52.540Z","2026-08-03T15:21:52.540Z"
"ind_usr_0081","Amit Kumar","amit.kumar@gmail.com","free","Active",4,15,15,"2026-08-03T15:17:16.908Z","2026-08-03T15:17:16.908Z"
"ind_usr_1670","Rajesh Mishra","rajesh_mishra35@gmail.com","free","Active",3,15,15,"2026-08-03T15:11:35.343Z","2026-08-03T15:11:35.343Z"
"ind_usr_0048","Payal Chawla","payal.chawla.work@gmail.com","free","Active",15,15,15,"2026-08-03T14:54:23.379Z","2026-08-03T14:54:23.379Z"
"ind_usr_0717","Kiran Dubey","kirandubey1993@gmail.com","free","Active",14,15,15,"2026-08-03T14:53:19.879Z","2026-08-03T14:53:19.879Z"
"ind_usr_0289","Monika Verma","iam.monikaverma@gmail.com","free","Active",15,15,15,"2026-08-03T14:45:34.231Z","2026-08-03T14:45:34.231Z"
"ind_usr_0373","Kavya Tripathi","kavya_tripathi@gmail.com","free","Active",11,15,15,"2026-08-03T14:40:34.165Z","2026-08-03T14:40:34.165Z"
"ind_usr_3178","Rohit Singh","rohit.singh.work@gmail.com","free","Active",12,15,15,"2026-08-03T14:30:02.347Z","2026-08-03T14:30:02.347Z"
"ind_usr_0727","Nikhil Tripathi","nikhiltripathi1993@gmail.com","free","Active",15,15,15,"2026-08-03T14:23:11.855Z","2026-08-03T14:23:11.855Z"
"ind_usr_1419","Mayank Rathore","iam.mayankrathore@gmail.com","free","Active",7,15,15,"2026-08-03T14:22:54.391Z","2026-08-03T14:22:54.391Z"
"ind_usr_2089","Archana Malhotra","iam.archanamalhotra@gmail.com","free","Active",15,15,15,"2026-08-03T14:21:31.768Z","2026-08-03T14:21:31.768Z"
"ind_usr_2936","Tarun Chauhan","tarunc50@gmail.com","free","Active",9,15,15,"2026-08-03T14:20:42.317Z","2026-08-03T14:20:42.317Z"
"ind_usr_0626","Gaurav Shah","gauravs44@gmail.com","free","Active",5,15,15,"2026-08-03T14:17:23.982Z","2026-08-03T14:17:23.982Z"
"ind_usr_0327","Vikram Gupta","vikramgupta1998@gmail.com","free","Active",8,15,15,"2026-08-03T14:17:03.446Z","2026-08-03T14:17:03.446Z"
"ind_usr_1084","Nisha Narang","nisha.narang.2003@gmail.com","free","Active",13,15,15,"2026-08-03T14:15:04.816Z","2026-08-03T14:15:04.816Z"
"ind_usr_2263","Sonia Banerjee","sonia_banerjee@gmail.com","free","Active",10,15,15,"2026-08-03T14:08:21.221Z","2026-08-03T14:08:21.221Z"
"ind_usr_2124","Shreya Saxena","shreya.saxena.1998@gmail.com","free","Active",8,15,15,"2026-08-03T14:08:13.872Z","2026-08-03T14:08:13.872Z"
"ind_usr_0873","Mohit Bajaj","mohit_bajaj@gmail.com","free","Active",8,15,15,"2026-08-03T14:04:11.406Z","2026-08-03T14:04:11.406Z"
"ind_usr_0738","Ishita Saxena","ishita.saxena.work@gmail.com","free","Active",4,15,15,"2026-08-03T14:03:02.840Z","2026-08-03T14:03:02.840Z"
"ind_usr_0557","Vivek Kapoor","vivekkapoor1999@gmail.com","free","Active",14,15,15,"2026-08-03T13:54:25.175Z","2026-08-03T13:54:25.175Z"
"ind_usr_1916","Bhavna Malhotra","bhavnam63@gmail.com","free","Active",7,15,15,"2026-08-03T13:50:58.420Z","2026-08-03T13:50:58.420Z"
"ind_usr_1412","Simran Gupta","simrangupta52@gmail.com","free","Active",15,15,15,"2026-08-03T13:45:12.283Z","2026-08-03T13:45:12.283Z"
"ind_usr_2882","Arjun Narang","arjunnarang31@gmail.com","free","Active",4,15,15,"2026-08-03T13:39:05.166Z","2026-08-03T13:39:05.166Z"
"ind_usr_1655","Priya Narang","pnarang48@gmail.com","free","Active",15,15,15,"2026-08-03T13:38:25.943Z","2026-08-03T13:38:25.943Z"
"ind_usr_2478","Tarun Bhatia","tarun.bhatia.work@gmail.com","free","Active",11,15,15,"2026-08-03T13:16:45.624Z","2026-08-03T13:16:45.624Z"
"ind_usr_2095","Komal Mishra","kmishra99@gmail.com","free","Active",6,15,15,"2026-08-03T13:16:30.841Z","2026-08-03T13:16:30.841Z"
"ind_usr_0817","Payal Chatterjee","payalchatterjee1995@gmail.com","free","Active",7,15,15,"2026-08-03T13:02:42.852Z","2026-08-03T13:02:42.852Z"
"ind_usr_1617","Sunil Tripathi","suniltripathi2002@gmail.com","free","Active",10,15,15,"2026-08-03T12:32:37.955Z","2026-08-03T12:32:37.955Z"
"ind_usr_0178","Rakesh Bajaj","rakesh.bajaj.work@gmail.com","free","Active",14,15,15,"2026-08-03T12:26:47.001Z","2026-08-03T12:26:47.001Z"
"ind_usr_2417","Vikram Kumar","vikram.kumar1960@gmail.com","free","Active",4,15,15,"2026-08-03T12:23:36.642Z","2026-08-03T12:23:36.642Z"
"ind_usr_2636","Gaurav Yadav","gauravy58@gmail.com","free","Active",13,15,15,"2026-08-03T12:22:14.397Z","2026-08-03T12:22:14.397Z"
"ind_usr_1818","Swati Rathore","swati.rathore.work@gmail.com","free","Active",15,15,15,"2026-08-03T12:19:17.785Z","2026-08-03T12:19:17.785Z"
"ind_usr_2526","Rashmi Mishra","rashmim65@gmail.com","free","Active",10,15,15,"2026-08-03T12:06:19.318Z","2026-08-03T12:06:19.318Z"
"ind_usr_0333","Vivek Rathore","vivek_rathore@gmail.com","free","Active",5,15,15,"2026-08-03T12:06:10.785Z","2026-08-03T12:06:10.785Z"
"ind_usr_0020","Yash Joshi","yash_joshi70@gmail.com","free","Active",10,15,15,"2026-08-03T11:56:42.405Z","2026-08-03T11:56:42.405Z"
"ind_usr_1766","Sonia Narang","sonian56@gmail.com","free","Active",14,15,15,"2026-08-03T11:41:26.587Z","2026-08-03T11:41:26.587Z"
"ind_usr_0878","Siddharth Chauhan","siddharth.chauhan.work@gmail.com","free","Active",13,15,15,"2026-08-03T11:22:46.596Z","2026-08-03T11:22:46.596Z"
"ind_usr_1264","Kunal Chatterjee","kunal.chatterjee.1995@gmail.com","free","Active",6,15,15,"2026-08-03T11:21:51.400Z","2026-08-03T11:21:51.400Z"
"ind_usr_1800","Riya Malhotra","riya_malhotra85@gmail.com","free","Active",13,15,15,"2026-08-03T11:06:32.898Z","2026-08-03T11:06:32.898Z"
"ind_usr_0703","Nikhil Saxena","nikhil_saxena@gmail.com","free","Active",8,15,15,"2026-08-03T11:05:05.697Z","2026-08-03T11:05:05.697Z"
"ind_usr_0518","Priya Pandey","priya.pandey.work@gmail.com","free","Active",12,15,15,"2026-08-03T10:51:17.117Z","2026-08-03T10:51:17.117Z"
"ind_usr_0784","Mayank Dubey","mayank.dubey.2002@gmail.com","free","Active",5,15,15,"2026-08-03T10:50:30.789Z","2026-08-03T10:50:30.789Z"
"ind_usr_1191","Karan Kumar","karan.kumar@gmail.com","free","Active",4,15,15,"2026-08-03T10:48:54.185Z","2026-08-03T10:48:54.185Z"
"ind_usr_0807","Siddharth Joshi","siddharthjoshi1998@gmail.com","free","Active",5,15,15,"2026-08-03T10:32:12.237Z","2026-08-03T10:32:12.237Z"
"ind_usr_0966","Rohan Tripathi","rohant47@gmail.com","free","Active",13,15,15,"2026-08-03T10:31:22.349Z","2026-08-03T10:31:22.349Z"
"ind_usr_0841","Deepika Reddy","deepika.reddy@gmail.com","free","Active",12,15,15,"2026-08-03T10:29:30.932Z","2026-08-03T10:29:30.932Z"
"ind_usr_0983","Sunil Bhatia","sunil_bhatia@gmail.com","free","Active",8,15,15,"2026-08-03T10:27:18.899Z","2026-08-03T10:27:18.899Z"
"ind_usr_1335","Anjali Gupta","agupta14@gmail.com","free","Active",10,15,15,"2026-08-03T10:24:39.300Z","2026-08-03T10:24:39.300Z"
"ind_usr_2982","Priya Dubey","priyadubey83@gmail.com","free","Active",5,15,15,"2026-08-03T10:20:17.206Z","2026-08-03T10:20:17.206Z"
"ind_usr_1676","Aarav Verma","aaravv44@gmail.com","free","Active",6,15,15,"2026-08-03T10:14:57.107Z","2026-08-03T10:14:57.107Z"
"ind_usr_0320","Gaurav Jain","gaurav_jain27@gmail.com","free","Active",13,15,15,"2026-08-03T10:08:58.471Z","2026-08-03T10:08:58.471Z"
"ind_usr_2863","Kiran Jain","kiran_jain@gmail.com","free","Active",5,15,15,"2026-08-03T10:07:33.466Z","2026-08-03T10:07:33.466Z"
"ind_usr_0918","Aditya Bhatia","aditya.bhatia.work@gmail.com","free","Active",14,15,15,"2026-08-03T10:02:10.350Z","2026-08-03T10:02:10.350Z"
"ind_usr_2416","Aarav Dutta","aaravd55@gmail.com","free","Active",3,15,15,"2026-08-03T10:00:54.612Z","2026-08-03T10:00:54.612Z"
"ind_usr_0478","Vivek Patel","vivek.patel.work@gmail.com","free","Active",15,15,15,"2026-08-03T09:50:49.038Z","2026-08-03T09:50:49.038Z"
"ind_usr_0956","Komal Dhar","komald56@gmail.com","free","Active",10,15,15,"2026-08-03T09:37:17.544Z","2026-08-03T09:37:17.544Z"
"ind_usr_2013","Rashmi Kumar","rashmi_kumar@gmail.com","free","Active",15,15,15,"2026-08-03T09:34:52.926Z","2026-08-03T09:34:52.926Z"
"ind_usr_1439","Divya Gupta","divya.gupta2663@gmail.com","free","Active",13,15,15,"2026-08-03T09:33:28.016Z","2026-08-03T09:33:28.016Z"
"ind_usr_3053","Arjun Sharma","arjun_sharma@gmail.com","free","Active",5,15,15,"2026-08-03T09:28:13.304Z","2026-08-03T09:28:13.304Z"
"ind_usr_0904","Riya Banerjee","riya.banerjee.2003@gmail.com","free","Active",4,15,15,"2026-08-03T09:26:44.973Z","2026-08-03T09:26:44.973Z"
"ind_usr_2042","Vikram Saxena","vikramsaxena72@gmail.com","free","Active",13,15,15,"2026-08-03T09:25:35.444Z","2026-08-03T09:25:35.444Z"
"ind_usr_2588","Jyoti Chawla","jyoti.chawla.work@gmail.com","free","Active",6,15,15,"2026-08-03T09:16:43.547Z","2026-08-03T09:16:43.547Z"
"ind_usr_0608","Nitin Chauhan","nitin.chauhan.work@gmail.com","free","Active",11,15,15,"2026-08-03T09:14:43.261Z","2026-08-03T09:14:43.261Z"
"ind_usr_1134","Aditya Sharma","aditya.sharma.2001@gmail.com","free","Active",12,15,15,"2026-08-03T09:12:55.738Z","2026-08-03T09:12:55.738Z"
"ind_usr_0254","Varun Chatterjee","varun.chatterjee.1998@gmail.com","free","Active",3,15,15,"2026-08-03T09:09:18.160Z","2026-08-03T09:09:18.160Z"
"ind_usr_3024","Vikram Tiwari","vikram.tiwari.2003@gmail.com","free","Active",10,15,15,"2026-08-03T09:06:22.109Z","2026-08-03T09:06:22.109Z"
"ind_usr_2069","Prashant Nair","iam.prashantnair@gmail.com","free","Active",4,15,15,"2026-08-03T08:55:15.994Z","2026-08-03T08:55:15.994Z"
"ind_usr_1889","Divya Tiwari","iam.divyatiwari@gmail.com","free","Active",7,15,15,"2026-08-03T08:53:00.230Z","2026-08-03T08:53:00.230Z"
"ind_usr_2146","Kavya Bhasin","kavyab92@gmail.com","free","Active",3,15,15,"2026-08-03T08:50:00.865Z","2026-08-03T08:50:00.865Z"
"ind_usr_2669","Vandana Verma","iam.vandanaverma@gmail.com","free","Active",14,15,15,"2026-08-03T08:49:05.469Z","2026-08-03T08:49:05.469Z"
"ind_usr_0281","Rohit Joshi","rohit.joshi@gmail.com","free","Active",6,15,15,"2026-08-03T08:43:17.688Z","2026-08-03T08:43:17.688Z"
"ind_usr_3132","Megha Deshmukh","meghadeshmukh70@gmail.com","free","Active",9,15,15,"2026-08-03T08:41:29.541Z","2026-08-03T08:41:29.541Z"
"ind_usr_2989","Vivek Malhotra","iam.vivekmalhotra@gmail.com","free","Active",4,15,15,"2026-08-03T08:35:38.272Z","2026-08-03T08:35:38.272Z"
"ind_usr_1060","Mayank Thakur","mayank_thakur73@gmail.com","free","Active",3,15,15,"2026-08-03T08:24:00.777Z","2026-08-03T08:24:00.777Z"
"ind_usr_2651","Karan Banerjee","karan.banerjee1275@gmail.com","free","Active",12,15,15,"2026-08-03T08:23:15.663Z","2026-08-03T08:23:15.663Z"
"ind_usr_3327","Ananya Rao","ananyarao1993@gmail.com","free","Active",10,15,15,"2026-08-03T08:21:47.222Z","2026-08-03T08:21:47.222Z"
"ind_usr_3227","Megha Chatterjee","meghachatterjee2000@gmail.com","free","Active",9,15,15,"2026-08-03T08:21:29.895Z","2026-08-03T08:21:29.895Z"
"ind_usr_1453","Manish Deshmukh","manish_deshmukh@gmail.com","free","Active",14,15,15,"2026-08-03T08:13:17.306Z","2026-08-03T08:13:17.306Z"
"ind_usr_2488","Swati Bhasin","swati.bhasin.work@gmail.com","free","Active",5,15,15,"2026-08-03T08:11:32.002Z","2026-08-03T08:11:32.002Z"
"ind_usr_0859","Swati Bhatia","iam.swatibhatia@gmail.com","free","Active",7,15,15,"2026-08-03T08:11:08.212Z","2026-08-03T08:11:08.212Z"
"ind_usr_0932","Monika Yadav","monikayadav15@gmail.com","free","Active",5,15,15,"2026-08-03T08:06:33.504Z","2026-08-03T08:06:33.504Z"
"ind_usr_2503","Alok Goyal","alok_goyal@gmail.com","free","Active",5,15,15,"2026-08-03T08:03:54.352Z","2026-08-03T08:03:54.352Z"
"ind_usr_1981","Rashmi Patel","rashmi.patel6831@gmail.com","free","Active",9,15,15,"2026-08-03T07:53:51.506Z","2026-08-03T07:53:51.506Z"
"ind_usr_0825","Jyoti Ahuja","jahuja49@gmail.com","free","Active",8,15,15,"2026-08-03T07:52:23.805Z","2026-08-03T07:52:23.805Z"
"ind_usr_1244","Kritika Dutta","kritika.dutta.1998@gmail.com","free","Active",4,15,15,"2026-08-03T07:51:09.240Z","2026-08-03T07:51:09.240Z"
"ind_usr_0661","Ananya Nair","ananya.nair@gmail.com","free","Active",5,15,15,"2026-08-03T07:41:14.839Z","2026-08-03T07:41:14.839Z"
"ind_usr_2879","Deepika Rao","iam.deepikarao@gmail.com","free","Active",3,15,15,"2026-08-03T07:29:13.546Z","2026-08-03T07:29:13.546Z"
"ind_usr_0140","Abhishek Ahuja","abhishek_ahuja95@gmail.com","free","Active",10,15,15,"2026-08-03T07:21:23.934Z","2026-08-03T07:21:23.934Z"
"ind_usr_3037","Priya Reddy","priyareddy2000@gmail.com","free","Active",13,15,15,"2026-08-03T07:19:17.047Z","2026-08-03T07:19:17.047Z"
"ind_usr_1009","Vivek Verma","iam.vivekverma@gmail.com","free","Active",10,15,15,"2026-08-03T07:15:19.461Z","2026-08-03T07:15:19.461Z"
"ind_usr_0464","Nisha Jain","nisha.jain.1997@gmail.com","free","Active",11,15,15,"2026-08-03T07:07:45.012Z","2026-08-03T07:07:45.012Z"
"ind_usr_2610","Komal Mehta","komal_mehta21@gmail.com","free","Active",5,15,15,"2026-08-03T07:02:46.366Z","2026-08-03T07:02:46.366Z"
"ind_usr_1053","Swati Dhar","swati_dhar@gmail.com","free","Active",13,15,15,"2026-08-03T06:55:33.260Z","2026-08-03T06:55:33.260Z"
"ind_usr_1381","Yash Singh","yash.singh@gmail.com","free","Active",14,15,15,"2026-08-03T06:47:01.153Z","2026-08-03T06:47:01.153Z"
"ind_usr_0788","Vikram Ahuja","vikram.ahuja.work@gmail.com","free","Active",12,15,15,"2026-08-03T06:46:22.300Z","2026-08-03T06:46:22.300Z"
"ind_usr_0911","Gaurav Pandey","gaurav.pandey@gmail.com","free","Active",11,15,15,"2026-08-03T06:43:40.309Z","2026-08-03T06:43:40.309Z"
"ind_usr_1286","Saurabh Choudhury","saurabhc94@gmail.com","free","Active",7,15,15,"2026-08-03T06:39:01.214Z","2026-08-03T06:39:01.214Z"
"ind_usr_2501","Arjun Bhasin","arjun.bhasin@gmail.com","free","Active",13,15,15,"2026-08-03T06:39:01.130Z","2026-08-03T06:39:01.130Z"
"ind_usr_2376","Tarun Yadav","taruny75@gmail.com","free","Active",12,15,15,"2026-08-03T06:35:29.092Z","2026-08-03T06:35:29.092Z"
"ind_usr_3394","Mayank Gupta","mayank.gupta.2003@gmail.com","free","Active",10,15,15,"2026-08-03T06:26:17.310Z","2026-08-03T06:26:17.310Z"
"ind_usr_2945","Ananya Patel","apatel69@gmail.com","free","Active",5,15,15,"2026-08-03T06:19:26.190Z","2026-08-03T06:19:26.190Z"
"ind_usr_3086","Ananya Gupta","ananyag88@gmail.com","free","Active",5,15,15,"2026-08-03T06:11:42.539Z","2026-08-03T06:11:42.539Z"
"ind_usr_2854","Alok Tripathi","alok.tripathi.1997@gmail.com","free","Active",15,15,15,"2026-08-03T06:10:29.103Z","2026-08-03T06:10:29.103Z"
"ind_usr_1774","Rajesh Patel","rajesh.patel.1997@gmail.com","free","Active",10,15,15,"2026-08-03T06:09:39.896Z","2026-08-03T06:09:39.896Z"
"ind_usr_1961","Swati Kapoor","swati.kapoor@gmail.com","free","Active",7,15,15,"2026-08-03T06:07:19.119Z","2026-08-03T06:07:19.119Z"
"ind_usr_0728","Sneha Shah","sneha.shah.work@gmail.com","free","Active",13,15,15,"2026-08-03T06:05:50.697Z","2026-08-03T06:05:50.697Z"
"ind_usr_2790","Kiran Sinha","kiran_sinha99@gmail.com","free","Active",6,15,15,"2026-08-03T06:01:26.582Z","2026-08-03T06:01:26.582Z"
"ind_usr_2783","Tarun Mishra","tarun_mishra@gmail.com","free","Active",3,15,15,"2026-08-03T05:53:07.948Z","2026-08-03T05:53:07.948Z"
"ind_usr_2051","Suresh Goyal","suresh.goyal@gmail.com","free","Active",3,15,15,"2026-08-03T05:47:18.147Z","2026-08-03T05:47:18.147Z"
"ind_usr_2093","Megha Chatterjee","megha_chatterjee@gmail.com","free","Active",7,15,15,"2026-08-03T05:42:29.646Z","2026-08-03T05:42:29.646Z"
"ind_usr_0460","Vikram Tiwari","vikram_tiwari78@gmail.com","free","Active",8,15,15,"2026-08-03T05:32:15.428Z","2026-08-03T05:32:15.428Z"
"ind_usr_0522","Riya Chawla","riyachawla30@gmail.com","free","Active",5,15,15,"2026-08-03T05:30:25.641Z","2026-08-03T05:30:25.641Z"
"ind_usr_1730","Aarav Rao","aarav_rao12@gmail.com","free","Active",14,15,15,"2026-08-03T05:27:05.152Z","2026-08-03T05:27:05.152Z"
"ind_usr_0677","Vandana Chatterjee","vandanachatterjee1999@gmail.com","free","Active",12,15,15,"2026-08-03T05:26:14.686Z","2026-08-03T05:26:14.686Z"
"ind_usr_2226","Nisha Joshi","nishaj65@gmail.com","free","Active",12,15,15,"2026-08-03T05:15:29.049Z","2026-08-03T05:15:29.049Z"
"ind_usr_3022","Saurabh Yadav","saurabhyadav43@gmail.com","free","Active",10,15,15,"2026-08-03T05:12:17.031Z","2026-08-03T05:12:17.031Z"
"ind_usr_0094","Yash Banerjee","yash.banerjee.2003@gmail.com","free","Active",10,15,15,"2026-08-03T05:04:48.044Z","2026-08-03T05:04:48.044Z"
"ind_usr_1019","Mayank Malhotra","iam.mayankmalhotra@gmail.com","free","Active",10,15,15,"2026-08-03T05:01:53.658Z","2026-08-03T05:01:53.658Z"
"ind_usr_2094","Aakash Tripathi","aakash.tripathi.1996@gmail.com","free","Active",5,15,15,"2026-08-03T05:00:36.059Z","2026-08-03T05:00:36.059Z"
"ind_usr_0762","Kunal Joshi","kunaljoshi24@gmail.com","free","Active",6,15,15,"2026-08-03T04:51:00.892Z","2026-08-03T04:51:00.892Z"
"ind_usr_3232","Sonia Joshi","soniajoshi57@gmail.com","free","Active",3,15,15,"2026-08-03T04:37:42.048Z","2026-08-03T04:37:42.048Z"
"ind_usr_2694","Megha Mishra","megha.mishra.2002@gmail.com","free","Active",12,15,15,"2026-08-03T04:32:28.275Z","2026-08-03T04:32:28.275Z"
"ind_usr_2880","Aditya Sinha","aditya_sinha60@gmail.com","free","Active",14,15,15,"2026-08-03T04:27:08.488Z","2026-08-03T04:27:08.488Z"
"ind_usr_1513","Neha Malhotra","neha_malhotra@gmail.com","free","Active",7,15,15,"2026-08-03T04:26:59.362Z","2026-08-03T04:26:59.362Z"
"ind_usr_0306","Manish Sinha","manishs78@gmail.com","free","Active",11,15,15,"2026-08-03T04:24:19.270Z","2026-08-03T04:24:19.270Z"
"ind_usr_0017","Aditya Chawla","adityachawla1996@gmail.com","free","Active",13,15,15,"2026-08-03T04:22:13.474Z","2026-08-03T04:22:13.474Z"
"ind_usr_1426","Siddharth Bhasin","siddharthb14@gmail.com","free","Active",3,15,15,"2026-08-03T04:18:25.057Z","2026-08-03T04:18:25.057Z"
"ind_usr_0366","Neha Dutta","nehad31@gmail.com","free","Active",10,15,15,"2026-08-03T04:18:19.005Z","2026-08-03T04:18:19.005Z"
"ind_usr_2302","Mohit Narang","mohitnarang90@gmail.com","free","Active",5,15,15,"2026-08-03T04:18:05.584Z","2026-08-03T04:18:05.584Z"
"ind_usr_1363","Nisha Mishra","nisha_mishra@gmail.com","free","Active",4,15,15,"2026-08-03T04:10:47.482Z","2026-08-03T04:10:47.482Z"
"ind_usr_1649","Arjun Chawla","iam.arjunchawla@gmail.com","free","Active",4,15,15,"2026-08-03T03:54:01.438Z","2026-08-03T03:54:01.438Z"
"ind_usr_1037","Riya Kumar","riyakumar2002@gmail.com","free","Active",7,15,15,"2026-08-03T03:48:39.229Z","2026-08-03T03:48:39.229Z"
"ind_usr_2498","Payal Gupta","payal.gupta.work@gmail.com","free","Active",4,15,15,"2026-08-03T03:45:23.849Z","2026-08-03T03:45:23.849Z"
"ind_usr_0482","Aditya Gupta","adityagupta34@gmail.com","free","Active",11,15,15,"2026-08-03T03:43:38.557Z","2026-08-03T03:43:38.557Z"
"ind_usr_0497","Rohan Bhatia","rohanbhatia2000@gmail.com","free","Active",12,15,15,"2026-08-03T03:29:23.706Z","2026-08-03T03:29:23.706Z"
"ind_usr_2770","Archana Shah","archana_shah32@gmail.com","free","Active",10,15,15,"2026-08-03T03:14:47.277Z","2026-08-03T03:14:47.277Z"
"ind_usr_0157","Sneha Bhatia","snehabhatia1995@gmail.com","free","Active",3,15,15,"2026-08-03T03:06:37.478Z","2026-08-03T03:06:37.478Z"
"ind_usr_2085","Megha Mehta","mmehta69@gmail.com","free","Active",15,15,15,"2026-08-03T02:55:00.472Z","2026-08-03T02:55:00.472Z"
"ind_usr_0272","Monika Patel","monikapatel59@gmail.com","free","Active",5,15,15,"2026-08-03T02:52:39.876Z","2026-08-03T02:52:39.876Z"
"ind_usr_0286","Karan Chatterjee","karanc90@gmail.com","free","Active",12,15,15,"2026-08-03T02:48:44.317Z","2026-08-03T02:48:44.317Z"
"ind_usr_0432","Mohit Aggarwal","mohitaggarwal95@gmail.com","free","Active",12,15,15,"2026-08-03T02:38:19.165Z","2026-08-03T02:38:19.165Z"
"ind_usr_0652","Pooja Dhar","poojadhar30@gmail.com","free","Active",4,15,15,"2026-08-03T02:24:08.845Z","2026-08-03T02:24:08.845Z"
"ind_usr_0005","Aditya Thakur","athakur47@gmail.com","free","Active",8,15,15,"2026-08-03T02:23:04.426Z","2026-08-03T02:23:04.426Z"
"ind_usr_2652","Gaurav Dhar","gauravdhar45@gmail.com","free","Active",7,15,15,"2026-08-03T02:20:25.455Z","2026-08-03T02:20:25.455Z"
"ind_usr_1631","Mayank Verma","mayank.verma@gmail.com","free","Active",6,15,15,"2026-08-03T02:18:04.241Z","2026-08-03T02:18:04.241Z"
"ind_usr_0602","Nikhil Goyal","nikhilgoyal57@gmail.com","free","Active",13,15,15,"2026-08-03T02:05:04.154Z","2026-08-03T02:05:04.154Z"
"ind_usr_1104","Mohit Singh","mohit.singh.2001@gmail.com","free","Active",11,15,15,"2026-08-03T01:51:31.313Z","2026-08-03T01:51:31.313Z"
"ind_usr_2331","Swati Bajaj","swati.bajaj@gmail.com","free","Active",4,15,15,"2026-08-03T01:45:02.950Z","2026-08-03T01:45:02.950Z"
"ind_usr_2809","Tanya Chatterjee","iam.tanyachatterjee@gmail.com","free","Active",3,15,15,"2026-08-03T01:44:00.936Z","2026-08-03T01:44:00.936Z"
"ind_usr_1584","Neha Deshmukh","neha.deshmukh.2002@gmail.com","free","Active",8,15,15,"2026-08-03T01:42:50.862Z","2026-08-03T01:42:50.862Z"
"ind_usr_2154","Aarav Choudhury","aarav.choudhury.2002@gmail.com","free","Active",7,15,15,"2026-08-03T01:42:03.483Z","2026-08-03T01:42:03.483Z"
"ind_usr_0295","Monika Sinha","msinha84@gmail.com","free","Active",5,15,15,"2026-08-03T01:39:09.642Z","2026-08-03T01:39:09.642Z"
"ind_usr_0621","Pooja Deshmukh","pooja.deshmukh@gmail.com","free","Active",12,15,15,"2026-08-03T01:36:41.739Z","2026-08-03T01:36:41.739Z"
"ind_usr_1937","Deepika Gupta","deepikagupta2000@gmail.com","free","Active",10,15,15,"2026-08-03T01:17:25.955Z","2026-08-03T01:17:25.955Z"
"ind_usr_1373","Archana Nair","archana_nair@gmail.com","free","Active",4,15,15,"2026-08-03T01:12:43.471Z","2026-08-03T01:12:43.471Z"
"ind_usr_2543","Aditya Singh","aditya_singh@gmail.com","free","Active",3,15,15,"2026-08-03T00:59:21.856Z","2026-08-03T00:59:21.856Z"
"ind_usr_0906","Vikram Dutta","vikramd42@gmail.com","free","Active",7,15,15,"2026-08-03T00:57:53.935Z","2026-08-03T00:57:53.935Z"
"ind_usr_3259","Rakesh Goyal","iam.rakeshgoyal@gmail.com","free","Active",5,15,15,"2026-08-03T00:53:25.335Z","2026-08-03T00:53:25.335Z"
"ind_usr_1857","Vandana Yadav","vandanayadav1997@gmail.com","free","Active",15,15,15,"2026-08-03T00:48:38.639Z","2026-08-03T00:48:38.639Z"
"ind_usr_3352","Amit Shah","amitshah75@gmail.com","free","Active",5,15,15,"2026-08-03T00:45:21.656Z","2026-08-03T00:45:21.656Z"
"ind_usr_1566","Varun Shah","varuns57@gmail.com","free","Active",15,15,15,"2026-08-03T00:44:08.552Z","2026-08-03T00:44:08.552Z"
"ind_usr_0526","Rashmi Pandey","rashmip60@gmail.com","free","Active",14,15,15,"2026-08-03T00:39:06.004Z","2026-08-03T00:39:06.004Z"
"ind_usr_0546","Sunil Chawla","sunilc52@gmail.com","free","Active",12,15,15,"2026-08-03T00:33:29.987Z","2026-08-03T00:33:29.987Z"
"ind_usr_1852","Alok Bhasin","alokbhasin41@gmail.com","free","Active",12,15,15,"2026-08-03T00:30:54.623Z","2026-08-03T00:30:54.623Z"
"ind_usr_2370","Arjun Gupta","arjun_gupta35@gmail.com","free","Active",15,15,15,"2026-08-03T00:28:38.245Z","2026-08-03T00:28:38.245Z"
"ind_usr_0580","Rohan Dhar","rohan_dhar92@gmail.com","free","Active",8,15,15,"2026-08-03T00:27:48.247Z","2026-08-03T00:27:48.247Z"
"ind_usr_3225","Bhavna Dhar","bdhar93@gmail.com","free","Active",11,15,15,"2026-08-03T00:14:42.579Z","2026-08-03T00:14:42.579Z"
"ind_usr_0743","Sunil Rao","sunil.rao4631@gmail.com","free","Active",10,15,15,"2026-08-03T00:11:31.866Z","2026-08-03T00:11:31.866Z"
"ind_usr_3012","Priya Choudhury","priyachoudhury54@gmail.com","free","Active",6,15,15,"2026-08-03T00:06:04.136Z","2026-08-03T00:06:04.136Z"
"ind_usr_3351","Tanya Deshmukh","tanya.deshmukh@gmail.com","free","Active",3,15,15,"2026-08-03T00:03:50.178Z","2026-08-03T00:03:50.178Z"
"ind_usr_0539","Manish Rathore","iam.manishrathore@gmail.com","free","Active",8,15,15,"2026-08-03T00:03:21.674Z","2026-08-03T00:03:21.674Z"
"ind_usr_2742","Swati Patel","swatipatel61@gmail.com","free","Active",11,15,15,"2026-08-03T00:00:25.463Z","2026-08-03T00:00:25.463Z"
"ind_usr_3075","Rohit Sharma","rsharma87@gmail.com","free","Active",10,15,15,"2026-08-02T23:59:37.192Z","2026-08-02T23:59:37.192Z"
"ind_usr_1429","Prashant Rathore","prashant.rathore2068@gmail.com","free","Active",4,15,15,"2026-08-02T23:55:38.052Z","2026-08-02T23:55:38.052Z"
"ind_usr_1296","Rohit Chauhan","rohitc50@gmail.com","free","Active",8,15,15,"2026-08-02T23:55:31.914Z","2026-08-02T23:55:31.914Z"
"ind_usr_0794","Rohit Rathore","rohit.rathore.2002@gmail.com","free","Active",12,15,15,"2026-08-02T23:51:19.547Z","2026-08-02T23:51:19.547Z"
"ind_usr_2062","Sonam Sinha","sonamsinha81@gmail.com","free","Active",14,15,15,"2026-08-02T23:48:36.938Z","2026-08-02T23:48:36.938Z"
"ind_usr_1650","Rohan Saxena","rohan_saxena80@gmail.com","free","Active",5,15,15,"2026-08-02T23:46:44.285Z","2026-08-02T23:46:44.285Z"
"ind_usr_0690","Swati Tripathi","swati_tripathi35@gmail.com","free","Active",7,15,15,"2026-08-02T23:41:08.703Z","2026-08-02T23:41:08.703Z"
"ind_usr_1825","Shreya Singh","ssingh49@gmail.com","free","Active",7,15,15,"2026-08-02T23:40:47.802Z","2026-08-02T23:40:47.802Z"
"ind_usr_0196","Kritika Dhar","kritikad74@gmail.com","free","Active",12,15,15,"2026-08-02T23:27:03.706Z","2026-08-02T23:27:03.706Z"
"ind_usr_1481","Sunil Bhasin","sunil.bhasin8424@gmail.com","free","Active",7,15,15,"2026-08-02T23:24:05.322Z","2026-08-02T23:24:05.322Z"
"ind_usr_1475","Riya Rathore","rrathore87@gmail.com","free","Active",7,15,15,"2026-08-02T23:20:13.629Z","2026-08-02T23:20:13.629Z"
"ind_usr_3183","Arjun Rao","arjun_rao@gmail.com","free","Active",4,15,15,"2026-08-02T23:15:00.149Z","2026-08-02T23:15:00.149Z"
"ind_usr_1510","Kunal Chauhan","kunal_chauhan84@gmail.com","free","Active",3,15,15,"2026-08-02T23:06:24.931Z","2026-08-02T23:06:24.931Z"
"ind_usr_1502","Nisha Rao","nisharao60@gmail.com","free","Active",9,15,15,"2026-08-02T23:05:36.392Z","2026-08-02T23:05:36.392Z"
"ind_usr_3015","Sneha Gupta","sgupta85@gmail.com","free","Active",15,15,15,"2026-08-02T23:05:16.580Z","2026-08-02T23:05:16.580Z"
"ind_usr_3312","Rahul Sinha","rahulsinha82@gmail.com","free","Active",12,15,15,"2026-08-02T23:02:20.915Z","2026-08-02T23:02:20.915Z"
"ind_usr_1102","Aditya Joshi","adityajoshi11@gmail.com","free","Active",9,15,15,"2026-08-02T23:02:10.529Z","2026-08-02T23:02:10.529Z"
"ind_usr_2347","Manish Malhotra","manishmalhotra1999@gmail.com","free","Active",8,15,15,"2026-08-02T22:52:40.420Z","2026-08-02T22:52:40.420Z"
"ind_usr_3115","Payal Yadav","pyadav32@gmail.com","free","Active",13,15,15,"2026-08-02T22:50:49.040Z","2026-08-02T22:50:49.040Z"
"ind_usr_1407","Yash Nair","yashnair1996@gmail.com","free","Active",7,15,15,"2026-08-02T22:50:10.178Z","2026-08-02T22:50:10.178Z"
"ind_usr_1923","Anjali Chauhan","anjali_chauhan@gmail.com","free","Active",11,15,15,"2026-08-02T22:28:07.426Z","2026-08-02T22:28:07.426Z"
"ind_usr_1922","Varun Nair","varunnair73@gmail.com","free","Active",15,15,15,"2026-08-02T22:27:03.130Z","2026-08-02T22:27:03.130Z"
"ind_usr_0913","Ishita Dubey","ishita_dubey@gmail.com","free","Active",14,15,15,"2026-08-02T22:19:41.415Z","2026-08-02T22:19:41.415Z"
"ind_usr_2771","Vivek Mishra","vivek.mishra@gmail.com","free","Active",11,15,15,"2026-08-02T22:16:15.306Z","2026-08-02T22:16:15.306Z"
"ind_usr_2980","Vivek Patel","vivek_patel86@gmail.com","free","Active",5,15,15,"2026-08-02T22:09:41.938Z","2026-08-02T22:09:41.938Z"
"ind_usr_2941","Kunal Verma","kunal.verma@gmail.com","free","Active",4,15,15,"2026-08-02T22:04:40.472Z","2026-08-02T22:04:40.472Z"
"ind_usr_1498","Tarun Joshi","tarun.joshi.work@gmail.com","free","Active",14,15,15,"2026-08-02T21:52:47.279Z","2026-08-02T21:52:47.279Z"
"ind_usr_0663","Aarav Dubey","aarav_dubey@gmail.com","free","Active",11,15,15,"2026-08-02T21:44:51.564Z","2026-08-02T21:44:51.564Z"
"ind_usr_3059","Rakesh Tiwari","iam.rakeshtiwari@gmail.com","free","Active",12,15,15,"2026-08-02T21:40:31.905Z","2026-08-02T21:40:31.905Z"
"ind_usr_3339","Rakesh Sinha","iam.rakeshsinha@gmail.com","free","Active",10,15,15,"2026-08-02T21:37:12.321Z","2026-08-02T21:37:12.321Z"
"ind_usr_2869","Rohan Chauhan","iam.rohanchauhan@gmail.com","free","Active",11,15,15,"2026-08-02T21:31:15.291Z","2026-08-02T21:31:15.291Z"
"ind_usr_2383","Rahul Kumar","rahul.kumar7220@gmail.com","free","Active",10,15,15,"2026-08-02T21:24:21.291Z","2026-08-02T21:24:21.291Z"
"ind_usr_2643","Nikhil Aggarwal","nikhil_aggarwal@gmail.com","free","Active",6,15,15,"2026-08-02T21:18:53.708Z","2026-08-02T21:18:53.708Z"
"ind_usr_2976","Tanya Gupta","tanyag57@gmail.com","free","Active",7,15,15,"2026-08-02T21:17:14.483Z","2026-08-02T21:17:14.483Z"
"ind_usr_2968","Aakash Chauhan","aakash.chauhan.work@gmail.com","free","Active",8,15,15,"2026-08-02T21:14:00.172Z","2026-08-02T21:14:00.172Z"
"ind_usr_0408","Deepika Saxena","deepika.saxena.work@gmail.com","free","Active",14,15,15,"2026-08-02T21:12:25.411Z","2026-08-02T21:12:25.411Z"
"ind_usr_1056","Kritika Sinha","kritikas78@gmail.com","free","Active",6,15,15,"2026-08-02T21:11:39.267Z","2026-08-02T21:11:39.267Z"
"ind_usr_1749","Rashmi Dhar","iam.rashmidhar@gmail.com","free","Active",10,15,15,"2026-08-02T21:03:30.224Z","2026-08-02T21:03:30.224Z"
"ind_usr_1751","Deepika Reddy","deepika.reddy4874@gmail.com","free","Active",15,15,15,"2026-08-02T21:03:00.367Z","2026-08-02T21:03:00.367Z"
"ind_usr_2772","Swati Chauhan","swatichauhan58@gmail.com","free","Active",3,15,15,"2026-08-02T20:48:28.769Z","2026-08-02T20:48:28.769Z"
"ind_usr_0016","Monika Kumar","monikak58@gmail.com","free","Active",5,15,15,"2026-08-02T20:47:08.126Z","2026-08-02T20:47:08.126Z"
"ind_usr_2735","Kavya Narang","knarang96@gmail.com","free","Active",12,15,15,"2026-08-02T20:42:30.349Z","2026-08-02T20:42:30.349Z"
"ind_usr_3084","Kiran Mishra","kiran.mishra.1997@gmail.com","free","Active",6,15,15,"2026-08-02T20:40:25.194Z","2026-08-02T20:40:25.194Z"
"ind_usr_1615","Yash Reddy","yreddy74@gmail.com","free","Active",3,15,15,"2026-08-02T20:33:17.637Z","2026-08-02T20:33:17.637Z"
"ind_usr_3189","Sneha Patel","iam.snehapatel@gmail.com","free","Active",6,15,15,"2026-08-02T20:30:29.862Z","2026-08-02T20:30:29.862Z"
"ind_usr_1137","Anjali Yadav","anjaliyadav2003@gmail.com","free","Active",9,15,15,"2026-08-02T20:30:23.286Z","2026-08-02T20:30:23.286Z"
"ind_usr_1357","Rakesh Joshi","rakeshjoshi1993@gmail.com","free","Active",5,15,15,"2026-08-02T20:30:17.243Z","2026-08-02T20:30:17.243Z"
"ind_usr_2323","Kunal Choudhury","kunal_choudhury@gmail.com","free","Active",7,15,15,"2026-08-02T20:26:07.790Z","2026-08-02T20:26:07.790Z"
"ind_usr_0317","Riya Narang","riyanarang1995@gmail.com","free","Active",6,15,15,"2026-08-02T20:24:17.123Z","2026-08-02T20:24:17.123Z"
"ind_usr_2422","Kritika Reddy","kritikareddy56@gmail.com","free","Active",5,15,15,"2026-08-02T20:17:34.925Z","2026-08-02T20:17:34.925Z"
"ind_usr_1524","Simran Narang","simran.narang.1996@gmail.com","free","Active",14,15,15,"2026-08-02T20:17:20.121Z","2026-08-02T20:17:20.121Z"
"ind_usr_3188","Rajesh Goyal","rajesh.goyal.work@gmail.com","free","Active",11,15,15,"2026-08-02T19:53:57.799Z","2026-08-02T19:53:57.799Z"
"ind_usr_0991","Aakash Sinha","aakash.sinha@gmail.com","free","Active",5,15,15,"2026-08-02T19:39:45.980Z","2026-08-02T19:39:45.980Z"
"ind_usr_1008","Saurabh Pandey","saurabh.pandey.work@gmail.com","free","Active",15,15,15,"2026-08-02T19:33:34.590Z","2026-08-02T19:33:34.590Z"
"ind_usr_1522","Prashant Bajaj","prashantbajaj71@gmail.com","free","Active",7,15,15,"2026-08-02T19:30:12.471Z","2026-08-02T19:30:12.471Z"
"ind_usr_0165","Monika Pandey","mpandey88@gmail.com","free","Active",8,15,15,"2026-08-02T19:29:43.703Z","2026-08-02T19:29:43.703Z"
"ind_usr_1684","Monika Rao","monika.rao.2001@gmail.com","free","Active",15,15,15,"2026-08-02T19:19:10.432Z","2026-08-02T19:19:10.432Z"
"ind_usr_3055","Saurabh Patel","spatel28@gmail.com","free","Active",15,15,15,"2026-08-02T19:16:51.843Z","2026-08-02T19:16:51.843Z"
"ind_usr_2693","Abhishek Rathore","abhishek_rathore@gmail.com","free","Active",11,15,15,"2026-08-02T19:12:18.533Z","2026-08-02T19:12:18.533Z"
"ind_usr_3287","Payal Ahuja","payalahuja1999@gmail.com","free","Active",4,15,15,"2026-08-02T19:06:43.551Z","2026-08-02T19:06:43.551Z"
"ind_usr_2706","Payal Dutta","payald24@gmail.com","free","Active",4,15,15,"2026-08-02T18:57:40.343Z","2026-08-02T18:57:40.343Z"
"ind_usr_0100","Komal Bhatia","komal_bhatia90@gmail.com","free","Active",4,15,15,"2026-08-02T18:47:42.101Z","2026-08-02T18:47:42.101Z"
"ind_usr_3151","Rohit Gupta","rohit.gupta@gmail.com","free","Active",8,15,15,"2026-08-02T18:46:35.218Z","2026-08-02T18:46:35.218Z"
"ind_usr_0316","Rakesh Deshmukh","rakeshd33@gmail.com","free","Active",4,15,15,"2026-08-02T18:43:36.603Z","2026-08-02T18:43:36.603Z"
"ind_usr_0213","Rohan Dutta","rohan_dutta@gmail.com","free","Active",3,15,15,"2026-08-02T18:43:08.606Z","2026-08-02T18:43:08.606Z"
"ind_usr_0256","Simran Choudhury","simranc31@gmail.com","free","Active",15,15,15,"2026-08-02T18:39:48.283Z","2026-08-02T18:39:48.283Z"
"ind_usr_0909","Megha Jain","iam.meghajain@gmail.com","free","Active",14,15,15,"2026-08-02T18:38:16.765Z","2026-08-02T18:38:16.765Z"
"ind_usr_0400","Simran Pandey","simran_pandey60@gmail.com","free","Active",13,15,15,"2026-08-02T18:21:36.698Z","2026-08-02T18:21:36.698Z"
"ind_usr_2917","Aarav Bhasin","aaravbhasin1998@gmail.com","free","Active",8,15,15,"2026-08-02T18:16:38.407Z","2026-08-02T18:16:38.407Z"
"ind_usr_2191","Vikram Singh","vikram.singh@gmail.com","free","Active",11,15,15,"2026-08-02T18:00:35.982Z","2026-08-02T18:00:35.982Z"
"ind_usr_2984","Yash Bajaj","yash.bajaj.2000@gmail.com","free","Active",14,15,15,"2026-08-02T17:52:48.113Z","2026-08-02T17:52:48.113Z"
"ind_usr_1837","Priya Gupta","priyagupta1997@gmail.com","free","Active",6,15,15,"2026-08-02T17:48:52.179Z","2026-08-02T17:48:52.179Z"
"ind_usr_1020","Saurabh Mehta","saurabh_mehta71@gmail.com","free","Active",4,15,15,"2026-08-02T17:47:05.465Z","2026-08-02T17:47:05.465Z"
"ind_usr_0604","Rakesh Pandey","rakesh.pandey.2003@gmail.com","free","Active",15,15,15,"2026-08-02T17:44:29.898Z","2026-08-02T17:44:29.898Z"
"ind_usr_1978","Kritika Patel","kritika.patel.work@gmail.com","free","Active",7,15,15,"2026-08-02T17:44:27.428Z","2026-08-02T17:44:27.428Z"
"ind_usr_1263","Aditya Aggarwal","aditya_aggarwal@gmail.com","free","Active",11,15,15,"2026-08-02T17:40:29.175Z","2026-08-02T17:40:29.175Z"
"ind_usr_0659","Kavya Rao","iam.kavyarao@gmail.com","free","Active",11,15,15,"2026-08-02T17:17:59.754Z","2026-08-02T17:17:59.754Z"
"ind_usr_1962","Nitin Patel","nitinpatel98@gmail.com","free","Active",12,15,15,"2026-08-02T17:08:12.165Z","2026-08-02T17:08:12.165Z"
"ind_usr_1494","Rohan Shah","rohan.shah.2003@gmail.com","free","Active",3,15,15,"2026-08-02T17:01:47.387Z","2026-08-02T17:01:47.387Z"
"ind_usr_2700","Manish Kumar","manish_kumar25@gmail.com","free","Active",11,15,15,"2026-08-02T16:59:26.809Z","2026-08-02T16:59:26.809Z"
"ind_usr_2504","Komal Dutta","komal.dutta.1993@gmail.com","free","Active",3,15,15,"2026-08-02T16:58:36.884Z","2026-08-02T16:58:36.884Z"
"ind_usr_2243","Nisha Jain","nisha_jain@gmail.com","free","Active",14,15,15,"2026-08-02T16:54:04.902Z","2026-08-02T16:54:04.902Z"
"ind_usr_1974","Rohan Sinha","rohan.sinha.2003@gmail.com","free","Active",13,15,15,"2026-08-02T16:47:18.844Z","2026-08-02T16:47:18.844Z"
"ind_usr_0422","Pooja Tiwari","poojatiwari61@gmail.com","free","Active",10,15,15,"2026-08-02T16:41:51.496Z","2026-08-02T16:41:51.496Z"
"ind_usr_1680","Aakash Rathore","aakash_rathore84@gmail.com","free","Active",8,15,15,"2026-08-02T16:35:57.294Z","2026-08-02T16:35:57.294Z"
"ind_usr_0141","Rajesh Gupta","rajesh.gupta@gmail.com","free","Active",7,15,15,"2026-08-02T16:23:10.589Z","2026-08-02T16:23:10.589Z"
"ind_usr_0186","Aarav Jain","aaravj89@gmail.com","free","Active",4,15,15,"2026-08-02T16:18:06.258Z","2026-08-02T16:18:06.258Z"
"ind_usr_1390","Gaurav Dhar","gaurav_dhar16@gmail.com","free","Active",9,15,15,"2026-08-02T16:14:33.047Z","2026-08-02T16:14:33.047Z"
"ind_usr_2958","Vivek Jain","vivek.jain.work@gmail.com","free","Active",5,15,15,"2026-08-02T16:11:08.282Z","2026-08-02T16:11:08.282Z"
"ind_usr_1772","Sonia Gupta","soniagupta58@gmail.com","free","Active",14,15,15,"2026-08-02T16:10:48.593Z","2026-08-02T16:10:48.593Z"
"ind_usr_2285","Komal Ahuja","kahuja88@gmail.com","free","Active",4,15,15,"2026-08-02T15:52:39.125Z","2026-08-02T15:52:39.125Z"
"ind_usr_3125","Rakesh Banerjee","rbanerjee73@gmail.com","free","Active",13,15,15,"2026-08-02T15:47:08.312Z","2026-08-02T15:47:08.312Z"
"ind_usr_0698","Kiran Jain","kiran.jain.work@gmail.com","free","Active",11,15,15,"2026-08-02T15:43:18.784Z","2026-08-02T15:43:18.784Z"
"ind_usr_3020","Vikram Joshi","vikram_joshi37@gmail.com","free","Active",11,15,15,"2026-08-02T15:40:14.817Z","2026-08-02T15:40:14.817Z"
"ind_usr_0142","Vandana Mehta","vandanamehta62@gmail.com","free","Active",5,15,15,"2026-08-02T15:39:01.116Z","2026-08-02T15:39:01.116Z"
"ind_usr_1826","Deepak Aggarwal","deepaka22@gmail.com","free","Active",5,15,15,"2026-08-02T15:29:45.249Z","2026-08-02T15:29:45.249Z"
"ind_usr_2861","Aditya Pandey","aditya.pandey@gmail.com","free","Active",6,15,15,"2026-08-02T15:25:44.820Z","2026-08-02T15:25:44.820Z"
"ind_usr_1471","Mohit Kapoor","mohit.kapoor@gmail.com","free","Active",11,15,15,"2026-08-02T15:04:29.109Z","2026-08-02T15:04:29.109Z"
"ind_usr_2328","Sonam Singh","sonam.singh.work@gmail.com","free","Active",11,15,15,"2026-08-02T15:04:18.191Z","2026-08-02T15:04:18.191Z"
"ind_usr_0390","Gaurav Verma","gaurav_verma65@gmail.com","free","Active",8,15,15,"2026-08-02T15:03:34.481Z","2026-08-02T15:03:34.481Z"
"ind_usr_1554","Tanya Banerjee","tanya.banerjee.1993@gmail.com","free","Active",4,15,15,"2026-08-02T15:00:37.529Z","2026-08-02T15:00:37.529Z"
"ind_usr_2835","Kiran Bajaj","kbajaj82@gmail.com","free","Active",13,15,15,"2026-08-02T14:57:10.378Z","2026-08-02T14:57:10.378Z"
"ind_usr_0645","Pooja Chauhan","pchauhan20@gmail.com","free","Active",6,15,15,"2026-08-02T14:50:23.833Z","2026-08-02T14:50:23.833Z"
"ind_usr_3208","Vandana Joshi","vandana.joshi3216@gmail.com","free","Active",5,15,15,"2026-08-02T14:33:20.473Z","2026-08-02T14:33:20.473Z"
"ind_usr_0451","Rajesh Mehta","rajesh.mehta@gmail.com","free","Active",7,15,15,"2026-08-02T14:30:33.784Z","2026-08-02T14:30:33.784Z"
"ind_usr_3244","Deepak Saxena","deepak.saxena.1999@gmail.com","free","Active",6,15,15,"2026-08-02T14:24:35.777Z","2026-08-02T14:24:35.777Z"
"ind_usr_1415","Ananya Dubey","adubey34@gmail.com","free","Active",6,15,15,"2026-08-02T14:11:14.550Z","2026-08-02T14:11:14.550Z"
"ind_usr_2076","Anjali Banerjee","anjalib74@gmail.com","free","Active",6,15,15,"2026-08-02T14:09:17.136Z","2026-08-02T14:09:17.136Z"
"ind_usr_1624","Karan Goyal","karan.goyal.1993@gmail.com","free","Active",10,15,15,"2026-08-02T14:08:16.508Z","2026-08-02T14:08:16.508Z"
"ind_usr_0787","Rakesh Singh","rakeshsingh1999@gmail.com","free","Active",11,15,15,"2026-08-02T14:07:52.016Z","2026-08-02T14:07:52.016Z"
"ind_usr_0888","Monika Ahuja","monika.ahuja.work@gmail.com","free","Active",4,15,15,"2026-08-02T14:02:06.080Z","2026-08-02T14:02:06.080Z"
"ind_usr_0325","Anjali Tiwari","atiwari23@gmail.com","free","Active",3,15,15,"2026-08-02T14:00:53.550Z","2026-08-02T14:00:53.550Z"
"ind_usr_3342","Anjali Gupta","anjaligupta32@gmail.com","free","Active",12,15,15,"2026-08-02T13:46:46.488Z","2026-08-02T13:46:46.488Z"
"ind_usr_1129","Mohit Aggarwal","mohit.aggarwal2268@gmail.com","free","Active",15,15,15,"2026-08-02T13:46:00.499Z","2026-08-02T13:46:00.499Z"
"ind_usr_0886","Aditya Bajaj","adityab56@gmail.com","free","Active",13,15,15,"2026-08-02T13:20:43.433Z","2026-08-02T13:20:43.433Z"
"ind_usr_0245","Sneha Bhasin","sbhasin40@gmail.com","free","Active",14,15,15,"2026-08-02T13:13:06.824Z","2026-08-02T13:13:06.824Z"
"ind_usr_3359","Jyoti Rathore","iam.jyotirathore@gmail.com","free","Active",13,15,15,"2026-08-02T13:08:14.008Z","2026-08-02T13:08:14.008Z"
"ind_usr_3307","Riya Singh","riyasingh1997@gmail.com","free","Active",10,15,15,"2026-08-02T13:07:49.781Z","2026-08-02T13:07:49.781Z"
"ind_usr_2131","Arjun Rao","arjun.rao@gmail.com","free","Active",15,15,15,"2026-08-02T13:07:18.248Z","2026-08-02T13:07:18.248Z"
"ind_usr_2404","Gaurav Bhasin","gaurav.bhasin.2001@gmail.com","free","Active",9,15,15,"2026-08-02T13:04:27.989Z","2026-08-02T13:04:27.989Z"
"ind_usr_2157","Nikhil Kapoor","nikhilkapoor1998@gmail.com","free","Active",15,15,15,"2026-08-02T12:55:43.414Z","2026-08-02T12:55:43.414Z"
"ind_usr_0638","Mohit Shah","mohit.shah.work@gmail.com","free","Active",7,15,15,"2026-08-02T12:54:51.000Z","2026-08-02T12:54:51.000Z"
"ind_usr_2822","Rahul Bhatia","rahulbhatia11@gmail.com","free","Active",5,15,15,"2026-08-02T12:50:14.812Z","2026-08-02T12:50:14.812Z"
"ind_usr_2053","Bhavna Sharma","bhavna_sharma@gmail.com","free","Active",4,15,15,"2026-08-02T12:40:45.948Z","2026-08-02T12:40:45.948Z"
"ind_usr_2067","Payal Sinha","payalsinha2002@gmail.com","free","Active",13,15,15,"2026-08-02T12:39:03.802Z","2026-08-02T12:39:03.802Z"
"ind_usr_0560","Nitin Yadav","nitin_yadav56@gmail.com","free","Active",7,15,15,"2026-08-02T11:54:49.152Z","2026-08-02T11:54:49.152Z"
"ind_usr_1508","Pooja Bhatia","pooja.bhatia.work@gmail.com","free","Active",3,15,15,"2026-08-02T11:53:34.598Z","2026-08-02T11:53:34.598Z"
"ind_usr_2512","Monika Dubey","monikadubey11@gmail.com","free","Active",4,15,15,"2026-08-02T11:50:47.132Z","2026-08-02T11:50:47.132Z"
"ind_usr_2015","Shreya Mehta","smehta41@gmail.com","free","Active",4,15,15,"2026-08-02T11:48:26.149Z","2026-08-02T11:48:26.149Z"
"ind_usr_1133","Vandana Joshi","vandana_joshi@gmail.com","free","Active",12,15,15,"2026-08-02T11:45:01.856Z","2026-08-02T11:45:01.856Z"
"ind_usr_1910","Vikram Choudhury","vikram_choudhury19@gmail.com","free","Active",14,15,15,"2026-08-02T11:39:47.214Z","2026-08-02T11:39:47.214Z"
"ind_usr_2273","Sonia Verma","sonia_verma@gmail.com","free","Active",3,15,15,"2026-08-02T11:33:41.585Z","2026-08-02T11:33:41.585Z"
"ind_usr_0211","Aditya Chawla","aditya.chawla@gmail.com","free","Active",11,15,15,"2026-08-02T11:20:23.728Z","2026-08-02T11:20:23.728Z"
"ind_usr_3043","Sonia Sinha","sonia_sinha@gmail.com","free","Active",10,15,15,"2026-08-02T11:17:10.144Z","2026-08-02T11:17:10.144Z"
"ind_usr_3295","Pooja Bhatia","pbhatia99@gmail.com","free","Active",13,15,15,"2026-08-02T11:17:04.226Z","2026-08-02T11:17:04.226Z"
"ind_usr_2267","Swati Tripathi","swatitripathi2003@gmail.com","free","Active",15,15,15,"2026-08-02T11:12:42.416Z","2026-08-02T11:12:42.416Z"
"ind_usr_1845","Mayank Choudhury","mchoudhury68@gmail.com","free","Active",12,15,15,"2026-08-02T10:51:32.839Z","2026-08-02T10:51:32.839Z"
"ind_usr_0685","Neha Bhatia","nbhatia83@gmail.com","free","Active",5,15,15,"2026-08-02T10:46:44.231Z","2026-08-02T10:46:44.231Z"
"ind_usr_1260","Sonam Sharma","sonam_sharma75@gmail.com","free","Active",11,15,15,"2026-08-02T10:45:08.593Z","2026-08-02T10:45:08.593Z"
"ind_usr_0452","Karan Narang","karannarang29@gmail.com","free","Active",14,15,15,"2026-08-02T10:36:45.758Z","2026-08-02T10:36:45.758Z"
"ind_usr_0976","Saurabh Saxena","saurabhs23@gmail.com","free","Active",15,15,15,"2026-08-02T10:34:08.718Z","2026-08-02T10:34:08.718Z"
"ind_usr_1437","Komal Thakur","komalthakur1999@gmail.com","free","Active",4,15,15,"2026-08-02T10:31:17.500Z","2026-08-02T10:31:17.500Z"
"ind_usr_0566","Sonam Sinha","sonams54@gmail.com","free","Active",14,15,15,"2026-08-02T10:22:22.104Z","2026-08-02T10:22:22.104Z"
"ind_usr_2473","Pooja Verma","pooja_verma@gmail.com","free","Active",7,15,15,"2026-08-02T10:16:41.617Z","2026-08-02T10:16:41.617Z"
"ind_usr_1933","Varun Aggarwal","varun_aggarwal@gmail.com","free","Active",13,15,15,"2026-08-02T10:14:23.832Z","2026-08-02T10:14:23.832Z"
"ind_usr_0672","Simran Chauhan","simranchauhan80@gmail.com","free","Active",13,15,15,"2026-08-02T10:09:31.945Z","2026-08-02T10:09:31.945Z"
"ind_usr_2741","Vivek Banerjee","vivek.banerjee@gmail.com","free","Active",3,15,15,"2026-08-02T09:59:06.730Z","2026-08-02T09:59:06.730Z"
"ind_usr_2970","Simran Tiwari","simran_tiwari65@gmail.com","free","Active",12,15,15,"2026-08-02T09:48:50.629Z","2026-08-02T09:48:50.629Z"
"ind_usr_2269","Monika Joshi","iam.monikajoshi@gmail.com","free","Active",5,15,15,"2026-08-02T09:48:27.768Z","2026-08-02T09:48:27.768Z"
"ind_usr_1683","Megha Rathore","megha_rathore@gmail.com","free","Active",6,15,15,"2026-08-02T09:44:43.533Z","2026-08-02T09:44:43.533Z"
"ind_usr_1999","Vandana Dubey","iam.vandanadubey@gmail.com","free","Active",11,15,15,"2026-08-02T09:39:37.124Z","2026-08-02T09:39:37.124Z"
"ind_usr_2686","Suresh Verma","sureshv81@gmail.com","free","Active",3,15,15,"2026-08-02T09:39:26.292Z","2026-08-02T09:39:26.292Z"
"ind_usr_0263","Komal Yadav","komal_yadav@gmail.com","free","Active",15,15,15,"2026-08-02T09:34:15.438Z","2026-08-02T09:34:15.438Z"
"ind_usr_3365","Yash Kapoor","ykapoor80@gmail.com","free","Active",14,15,15,"2026-08-02T09:25:51.212Z","2026-08-02T09:25:51.212Z"
"ind_usr_2590","Gaurav Shah","gaurav_shah29@gmail.com","free","Active",10,15,15,"2026-08-02T09:19:19.690Z","2026-08-02T09:19:19.690Z"
"ind_usr_0833","Jyoti Dhar","jyoti_dhar@gmail.com","free","Active",5,15,15,"2026-08-02T09:11:16.544Z","2026-08-02T09:11:16.544Z"
"ind_usr_2637","Megha Aggarwal","meghaaggarwal1993@gmail.com","free","Active",9,15,15,"2026-08-02T09:05:41.417Z","2026-08-02T09:05:41.417Z"
"ind_usr_2178","Ishita Malhotra","ishita.malhotra1478@gmail.com","free","Active",10,15,15,"2026-08-02T08:52:03.538Z","2026-08-02T08:52:03.538Z"
"ind_usr_1213","Pooja Chawla","pooja_chawla@gmail.com","free","Active",13,15,15,"2026-08-02T08:46:39.515Z","2026-08-02T08:46:39.515Z"
"ind_usr_2683","Karan Rao","karan_rao@gmail.com","free","Active",3,15,15,"2026-08-02T08:41:43.670Z","2026-08-02T08:41:43.670Z"
"ind_usr_0201","Alok Yadav","alok.yadav@gmail.com","free","Active",9,15,15,"2026-08-02T08:40:39.040Z","2026-08-02T08:40:39.040Z"
"ind_usr_1193","Prashant Chatterjee","prashant_chatterjee@gmail.com","free","Active",11,15,15,"2026-08-02T08:33:42.136Z","2026-08-02T08:33:42.136Z"
"ind_usr_2049","Payal Chawla","iam.payalchawla@gmail.com","free","Active",10,15,15,"2026-08-02T08:26:13.909Z","2026-08-02T08:26:13.909Z"
"ind_usr_3345","Megha Joshi","mjoshi74@gmail.com","free","Active",8,15,15,"2026-08-02T08:16:18.975Z","2026-08-02T08:16:18.975Z"
"ind_usr_2148","Pooja Ahuja","pooja.ahuja.work@gmail.com","free","Active",7,15,15,"2026-08-02T08:07:36.627Z","2026-08-02T08:07:36.627Z"
"ind_usr_1007","Mayank Kumar","mayankkumar1997@gmail.com","free","Active",3,15,15,"2026-08-02T08:07:26.909Z","2026-08-02T08:07:26.909Z"
"ind_usr_2433","Rakesh Deshmukh","rakesh_deshmukh@gmail.com","free","Active",15,15,15,"2026-08-02T07:56:53.570Z","2026-08-02T07:56:53.570Z"
"ind_usr_2382","Manish Choudhury","manishchoudhury57@gmail.com","free","Active",12,15,15,"2026-08-02T07:52:31.078Z","2026-08-02T07:52:31.078Z"
"ind_usr_1254","Suresh Chauhan","suresh.chauhan.2000@gmail.com","free","Active",5,15,15,"2026-08-02T07:48:00.283Z","2026-08-02T07:48:00.283Z"
"ind_usr_2884","Aakash Ahuja","aakash.ahuja.2000@gmail.com","free","Active",12,15,15,"2026-08-02T07:43:12.440Z","2026-08-02T07:43:12.440Z"
"ind_usr_0778","Megha Chawla","megha.chawla.work@gmail.com","free","Active",11,15,15,"2026-08-02T07:36:18.779Z","2026-08-02T07:36:18.779Z"
"ind_usr_2184","Amit Bhasin","amit.bhasin.1993@gmail.com","free","Active",14,15,15,"2026-08-02T07:35:42.862Z","2026-08-02T07:35:42.862Z"
"ind_usr_2018","Pooja Bajaj","pooja.bajaj.work@gmail.com","free","Active",12,15,15,"2026-08-02T07:34:00.994Z","2026-08-02T07:34:00.994Z"
"ind_usr_2240","Manish Ahuja","manish_ahuja83@gmail.com","free","Active",12,15,15,"2026-08-02T07:32:46.690Z","2026-08-02T07:32:46.690Z"
"ind_usr_1187","Sneha Jain","snehajain2002@gmail.com","free","Active",4,15,15,"2026-08-02T07:31:28.611Z","2026-08-02T07:31:28.611Z"
"ind_usr_0586","Sneha Mehta","sneham28@gmail.com","free","Active",12,15,15,"2026-08-02T07:29:35.397Z","2026-08-02T07:29:35.397Z"
"ind_usr_2171","Rashmi Thakur","rashmi.thakur@gmail.com","free","Active",11,15,15,"2026-08-02T07:27:09.603Z","2026-08-02T07:27:09.603Z"
"ind_usr_1869","Ananya Saxena","iam.ananyasaxena@gmail.com","free","Active",8,15,15,"2026-08-02T07:23:24.117Z","2026-08-02T07:23:24.117Z"
"ind_usr_2959","Kiran Rao","iam.kiranrao@gmail.com","free","Active",4,15,15,"2026-08-02T07:21:13.266Z","2026-08-02T07:21:13.266Z"
"ind_usr_2587","Tanya Rao","tanyarao1997@gmail.com","free","Active",4,15,15,"2026-08-02T07:10:05.993Z","2026-08-02T07:10:05.993Z"
"ind_usr_1281","Rohan Jain","rohan.jain5828@gmail.com","free","Active",9,15,15,"2026-08-02T06:56:26.660Z","2026-08-02T06:56:26.660Z"
"ind_usr_0092","Siddharth Chauhan","siddharthchauhan66@gmail.com","free","Active",13,15,15,"2026-08-02T06:53:21.289Z","2026-08-02T06:53:21.289Z"
"ind_usr_2848","Divya Goyal","divya.goyal.work@gmail.com","free","Active",7,15,15,"2026-08-02T06:52:59.642Z","2026-08-02T06:52:59.642Z"
"ind_usr_1952","Rajesh Rao","rajeshrao76@gmail.com","free","Active",10,15,15,"2026-08-02T06:28:03.644Z","2026-08-02T06:28:03.644Z"
"ind_usr_1955","Ishita Chauhan","ichauhan49@gmail.com","free","Active",9,15,15,"2026-08-02T06:24:38.724Z","2026-08-02T06:24:38.724Z"
"ind_usr_0537","Anjali Chatterjee","anjalichatterjee1998@gmail.com","free","Active",4,15,15,"2026-08-02T06:00:38.572Z","2026-08-02T06:00:38.572Z"
"ind_usr_2393","Amit Chawla","amit_chawla@gmail.com","free","Active",9,15,15,"2026-08-02T05:59:30.020Z","2026-08-02T05:59:30.020Z"
"ind_usr_0633","Sonam Malhotra","sonam_malhotra@gmail.com","free","Active",14,15,15,"2026-08-02T05:53:00.271Z","2026-08-02T05:53:00.271Z"
"ind_usr_1021","Bhavna Rao","bhavna.rao@gmail.com","free","Active",3,15,15,"2026-08-02T05:38:38.959Z","2026-08-02T05:38:38.959Z"
"ind_usr_3236","Riya Pandey","riyap96@gmail.com","free","Active",4,15,15,"2026-08-02T05:36:12.700Z","2026-08-02T05:36:12.700Z"
"ind_usr_2245","Alok Tiwari","atiwari16@gmail.com","free","Active",8,15,15,"2026-08-02T05:26:28.780Z","2026-08-02T05:26:28.780Z"
"ind_usr_2654","Divya Rao","divya.rao.2000@gmail.com","free","Active",13,15,15,"2026-08-02T05:18:02.903Z","2026-08-02T05:18:02.903Z"
"ind_usr_2896","Mohit Kapoor","mohitk88@gmail.com","free","Active",13,15,15,"2026-08-02T05:13:48.799Z","2026-08-02T05:13:48.799Z"
"ind_usr_2280","Tarun Rathore","tarun_rathore90@gmail.com","free","Active",14,15,15,"2026-08-02T05:09:25.130Z","2026-08-02T05:09:25.130Z"
"ind_usr_0195","Kunal Bajaj","kbajaj45@gmail.com","free","Active",9,15,15,"2026-08-02T05:08:49.944Z","2026-08-02T05:08:49.944Z"
"ind_usr_0751","Monika Reddy","monika.reddy@gmail.com","free","Active",15,15,15,"2026-08-02T04:47:09.731Z","2026-08-02T04:47:09.731Z"
"ind_usr_1497","Kunal Malhotra","kunalmalhotra1998@gmail.com","free","Active",13,15,15,"2026-08-02T04:38:21.813Z","2026-08-02T04:38:21.813Z"
"ind_usr_2601","Kavya Malhotra","kavya.malhotra@gmail.com","free","Active",12,15,15,"2026-08-02T04:33:24.535Z","2026-08-02T04:33:24.535Z"
"ind_usr_1438","Vikram Pandey","vikram.pandey.work@gmail.com","free","Active",12,15,15,"2026-08-02T04:31:18.941Z","2026-08-02T04:31:18.941Z"
"ind_usr_1317","Rashmi Mehta","rashmimehta1999@gmail.com","free","Active",14,15,15,"2026-08-02T04:25:28.712Z","2026-08-02T04:25:28.712Z"
"ind_usr_1402","Pooja Shah","poojashah70@gmail.com","free","Active",7,15,15,"2026-08-02T04:25:15.644Z","2026-08-02T04:25:15.644Z"
"ind_usr_2470","Simran Chauhan","simran_chauhan55@gmail.com","free","Active",12,15,15,"2026-08-02T04:23:42.223Z","2026-08-02T04:23:42.223Z"
"ind_usr_2214","Gaurav Joshi","gaurav.joshi.1993@gmail.com","free","Active",13,15,15,"2026-08-02T04:17:50.875Z","2026-08-02T04:17:50.875Z"
"ind_usr_0561","Amit Narang","amit.narang@gmail.com","free","Active",11,15,15,"2026-08-02T04:17:37.042Z","2026-08-02T04:17:37.042Z"
"ind_usr_0961","Ishita Bhatia","ishita.bhatia@gmail.com","free","Active",9,15,15,"2026-08-02T04:13:06.429Z","2026-08-02T04:13:06.429Z"
"ind_usr_2141","Rashmi Malhotra","rashmi.malhotra@gmail.com","free","Active",4,15,15,"2026-08-02T04:04:02.543Z","2026-08-02T04:04:02.543Z"
"ind_usr_2886","Aditya Sharma","adityas29@gmail.com","free","Active",3,15,15,"2026-08-02T03:56:27.685Z","2026-08-02T03:56:27.685Z"
"ind_usr_2947","Payal Goyal","payalgoyal1996@gmail.com","free","Active",5,15,15,"2026-08-02T03:46:20.316Z","2026-08-02T03:46:20.316Z"
"ind_usr_2551","Deepika Banerjee","deepika.banerjee@gmail.com","free","Active",13,15,15,"2026-08-02T03:46:11.495Z","2026-08-02T03:46:11.495Z"
"ind_usr_1957","Priya Bhatia","priyabhatia2001@gmail.com","free","Active",9,15,15,"2026-08-02T03:44:04.620Z","2026-08-02T03:44:04.620Z"
"ind_usr_2642","Aditya Choudhury","adityachoudhury94@gmail.com","free","Active",13,15,15,"2026-08-02T03:42:28.408Z","2026-08-02T03:42:28.408Z"
"ind_usr_0136","Aarav Gupta","aaravg48@gmail.com","free","Active",3,15,15,"2026-08-02T03:39:14.148Z","2026-08-02T03:39:14.148Z"
"ind_usr_0620","Jyoti Ahuja","jyoti_ahuja46@gmail.com","free","Active",8,15,15,"2026-08-02T03:31:02.316Z","2026-08-02T03:31:02.316Z"
"ind_usr_2237","Priya Chawla","priyachawla2002@gmail.com","free","Active",15,15,15,"2026-08-02T03:26:08.951Z","2026-08-02T03:26:08.951Z"
"ind_usr_0779","Nitin Yadav","iam.nitinyadav@gmail.com","free","Active",15,15,15,"2026-08-02T03:25:28.458Z","2026-08-02T03:25:28.458Z"
"ind_usr_2487","Riya Aggarwal","riyaaggarwal1996@gmail.com","free","Active",11,15,15,"2026-08-02T03:23:07.119Z","2026-08-02T03:23:07.119Z"
"ind_usr_0174","Alok Narang","alok.narang.2000@gmail.com","free","Active",9,15,15,"2026-08-02T03:21:46.760Z","2026-08-02T03:21:46.760Z"
"ind_usr_0863","Neha Choudhury","neha_choudhury@gmail.com","free","Active",4,15,15,"2026-08-02T03:20:52.554Z","2026-08-02T03:20:52.554Z"
"ind_usr_0027","Sonam Bhasin","sonambhasin1996@gmail.com","free","Active",10,15,15,"2026-08-02T03:15:14.785Z","2026-08-02T03:15:14.785Z"
"ind_usr_2716","Aditya Patel","adityap33@gmail.com","free","Active",4,15,15,"2026-08-02T03:13:05.453Z","2026-08-02T03:13:05.453Z"
"ind_usr_1253","Arjun Tripathi","arjun_tripathi@gmail.com","free","Active",8,15,15,"2026-08-02T03:09:43.507Z","2026-08-02T03:09:43.507Z"
"ind_usr_1890","Rohit Deshmukh","rohit_deshmukh16@gmail.com","free","Active",14,15,15,"2026-08-02T03:01:00.301Z","2026-08-02T03:01:00.301Z"
"ind_usr_1297","Ananya Chatterjee","ananyachatterjee2000@gmail.com","free","Active",6,15,15,"2026-08-02T03:00:07.820Z","2026-08-02T03:00:07.820Z"
"ind_usr_3371","Kiran Yadav","kiran.yadav@gmail.com","free","Active",3,15,15,"2026-08-02T02:53:34.740Z","2026-08-02T02:53:34.740Z"
"ind_usr_0453","Amit Jain","amit_jain@gmail.com","free","Active",14,15,15,"2026-08-02T02:43:57.110Z","2026-08-02T02:43:57.110Z"
"ind_usr_0436","Vikram Bajaj","vikramb22@gmail.com","free","Active",4,15,15,"2026-08-02T02:43:30.159Z","2026-08-02T02:43:30.159Z"
"ind_usr_2655","Arjun Rao","arao86@gmail.com","free","Active",14,15,15,"2026-08-02T02:42:35.449Z","2026-08-02T02:42:35.449Z"
"ind_usr_2672","Simran Choudhury","simranchoudhury72@gmail.com","free","Active",15,15,15,"2026-08-02T02:40:10.799Z","2026-08-02T02:40:10.799Z"
"ind_usr_1046","Prashant Kapoor","prashantk78@gmail.com","free","Active",7,15,15,"2026-08-02T02:27:21.007Z","2026-08-02T02:27:21.007Z"
"ind_usr_1096","Priya Reddy","priyar50@gmail.com","free","Active",14,15,15,"2026-08-02T02:09:36.498Z","2026-08-02T02:09:36.498Z"
"ind_usr_1449","Priya Deshmukh","iam.priyadeshmukh@gmail.com","free","Active",6,15,15,"2026-08-02T02:05:40.762Z","2026-08-02T02:05:40.762Z"
"ind_usr_2402","Sonam Mishra","sonammishra94@gmail.com","free","Active",9,15,15,"2026-08-02T02:02:09.692Z","2026-08-02T02:02:09.692Z"
"ind_usr_2453","Shreya Malhotra","shreya_malhotra@gmail.com","free","Active",13,15,15,"2026-08-02T01:52:35.738Z","2026-08-02T01:52:35.738Z"
"ind_usr_0214","Aditya Joshi","aditya.joshi.1996@gmail.com","free","Active",5,15,15,"2026-08-02T01:42:38.301Z","2026-08-02T01:42:38.301Z"
"ind_usr_2081","Anjali Jain","anjali.jain@gmail.com","free","Active",5,15,15,"2026-08-02T01:40:32.009Z","2026-08-02T01:40:32.009Z"
"ind_usr_0687","Karan Bhatia","karanbhatia2003@gmail.com","free","Active",8,15,15,"2026-08-02T01:15:16.371Z","2026-08-02T01:15:16.371Z"
"ind_usr_2581","Vivek Kumar","vivek.kumar@gmail.com","free","Active",4,15,15,"2026-08-02T01:13:07.671Z","2026-08-02T01:13:07.671Z"
"ind_usr_0748","Rahul Tiwari","rahul.tiwari.work@gmail.com","free","Active",9,15,15,"2026-08-02T01:07:50.695Z","2026-08-02T01:07:50.695Z"
"ind_usr_2401","Kiran Bhasin","kiran.bhasin6921@gmail.com","free","Active",7,15,15,"2026-08-02T01:05:22.452Z","2026-08-02T01:05:22.452Z"
"ind_usr_2381","Tanya Dubey","tanya.dubey@gmail.com","free","Active",5,15,15,"2026-08-02T01:04:12.366Z","2026-08-02T01:04:12.366Z"
"ind_usr_0903","Nitin Banerjee","nitin_banerjee@gmail.com","free","Active",4,15,15,"2026-08-02T01:03:50.367Z","2026-08-02T01:03:50.367Z"
"ind_usr_2692","Abhishek Rao","abhishekrao72@gmail.com","free","Active",6,15,15,"2026-08-02T01:01:35.676Z","2026-08-02T01:01:35.676Z"
"ind_usr_1324","Anjali Reddy","anjali.reddy.2003@gmail.com","free","Active",15,15,15,"2026-08-02T00:46:51.002Z","2026-08-02T00:46:51.002Z"
"ind_usr_2567","Pooja Goyal","poojagoyal1995@gmail.com","free","Active",14,15,15,"2026-08-02T00:35:23.988Z","2026-08-02T00:35:23.988Z"
"ind_usr_0802","Rashmi Dubey","rashmidubey65@gmail.com","free","Active",5,15,15,"2026-08-02T00:35:05.964Z","2026-08-02T00:35:05.964Z"
"ind_usr_2736","Swati Narang","swatin14@gmail.com","free","Active",14,15,15,"2026-08-02T00:34:30.634Z","2026-08-02T00:34:30.634Z"
"ind_usr_0771","Jyoti Sharma","jyoti.sharma@gmail.com","free","Active",14,15,15,"2026-08-02T00:34:14.904Z","2026-08-02T00:34:14.904Z"
"ind_usr_0760","Varun Aggarwal","varun_aggarwal33@gmail.com","free","Active",13,15,15,"2026-08-02T00:33:28.840Z","2026-08-02T00:33:28.840Z"
"ind_usr_2099","Archana Rathore","iam.archanarathore@gmail.com","free","Active",7,15,15,"2026-08-02T00:29:19.510Z","2026-08-02T00:29:19.510Z"
"ind_usr_0985","Sunil Chatterjee","schatterjee27@gmail.com","free","Active",4,15,15,"2026-08-02T00:26:39.782Z","2026-08-02T00:26:39.782Z"
"ind_usr_3100","Ananya Tiwari","ananya_tiwari80@gmail.com","free","Active",9,15,15,"2026-08-02T00:17:42.302Z","2026-08-02T00:17:42.302Z"
"ind_usr_0943","Archana Pandey","archana_pandey@gmail.com","free","Active",13,15,15,"2026-08-02T00:15:13.838Z","2026-08-02T00:15:13.838Z"
"ind_usr_2950","Payal Bhasin","payal_bhasin11@gmail.com","free","Active",14,15,15,"2026-08-02T00:08:25.953Z","2026-08-02T00:08:25.953Z"
"ind_usr_1871","Rohit Choudhury","rohit.choudhury@gmail.com","free","Active",8,15,15,"2026-08-02T00:05:39.905Z","2026-08-02T00:05:39.905Z"
"ind_usr_2025","Komal Rao","krao67@gmail.com","free","Active",13,15,15,"2026-08-02T00:05:24.370Z","2026-08-02T00:05:24.370Z"
"ind_usr_0525","Simran Verma","sverma85@gmail.com","free","Active",7,15,15,"2026-08-01T23:52:22.536Z","2026-08-01T23:52:22.536Z"
"ind_usr_3011","Abhishek Joshi","abhishek.joshi5266@gmail.com","free","Active",3,15,15,"2026-08-01T23:48:24.335Z","2026-08-01T23:48:24.335Z"
"ind_usr_2447","Swati Tripathi","swati.tripathi2737@gmail.com","free","Active",9,15,15,"2026-08-01T23:43:53.964Z","2026-08-01T23:43:53.964Z"
"ind_usr_1351","Vikram Kapoor","vikram.kapoor@gmail.com","free","Active",6,15,15,"2026-08-01T23:40:12.200Z","2026-08-01T23:40:12.200Z"
"ind_usr_1467","Varun Nair","varunnair2000@gmail.com","free","Active",13,15,15,"2026-08-01T23:34:24.911Z","2026-08-01T23:34:24.911Z"
"ind_usr_0510","Mayank Pandey","mayank_pandey77@gmail.com","free","Active",11,15,15,"2026-08-01T23:27:05.090Z","2026-08-01T23:27:05.090Z"
"ind_usr_1641","Rajesh Choudhury","rajesh.choudhury@gmail.com","free","Active",13,15,15,"2026-08-01T23:26:46.690Z","2026-08-01T23:26:46.690Z"
"ind_usr_1375","Sunil Sharma","ssharma96@gmail.com","free","Active",7,15,15,"2026-08-01T23:25:36.446Z","2026-08-01T23:25:36.446Z"
"ind_usr_2195","Alok Tripathi","atripathi91@gmail.com","free","Active",13,15,15,"2026-08-01T23:22:04.793Z","2026-08-01T23:22:04.793Z"
"ind_usr_1050","Kiran Singh","kiran_singh21@gmail.com","free","Active",6,15,15,"2026-08-01T23:16:53.262Z","2026-08-01T23:16:53.262Z"
"ind_usr_0420","Tanya Ahuja","tanya_ahuja24@gmail.com","free","Active",15,15,15,"2026-08-01T23:07:27.085Z","2026-08-01T23:07:27.085Z"
"ind_usr_2210","Sonam Sharma","sonam_sharma16@gmail.com","free","Active",10,15,15,"2026-08-01T23:04:53.368Z","2026-08-01T23:04:53.368Z"
"ind_usr_1488","Ishita Bhatia","ishita.bhatia.work@gmail.com","free","Active",3,15,15,"2026-08-01T22:58:55.833Z","2026-08-01T22:58:55.833Z"
"ind_usr_1958","Neha Joshi","neha.joshi.work@gmail.com","free","Active",6,15,15,"2026-08-01T22:38:58.325Z","2026-08-01T22:38:58.325Z"
"ind_usr_3140","Rohit Chatterjee","rohit_chatterjee76@gmail.com","free","Active",14,15,15,"2026-08-01T22:36:20.362Z","2026-08-01T22:36:20.362Z"
"ind_usr_2888","Aditya Nair","aditya.nair7797@gmail.com","free","Active",8,15,15,"2026-08-01T22:33:24.436Z","2026-08-01T22:33:24.436Z"
"ind_usr_3315","Aarav Dubey","adubey79@gmail.com","free","Active",15,15,15,"2026-08-01T22:32:01.596Z","2026-08-01T22:32:01.596Z"
"ind_usr_2366","Sonia Choudhury","soniac18@gmail.com","free","Active",7,15,15,"2026-08-01T22:31:29.250Z","2026-08-01T22:31:29.250Z"
"ind_usr_3243","Rashmi Pandey","rashmi_pandey@gmail.com","free","Active",3,15,15,"2026-08-01T22:22:54.861Z","2026-08-01T22:22:54.861Z"
"ind_usr_0287","Nitin Tripathi","nitintripathi1996@gmail.com","free","Active",4,15,15,"2026-08-01T22:11:42.790Z","2026-08-01T22:11:42.790Z"
"ind_usr_1068","Pooja Narang","pooja.narang.work@gmail.com","free","Active",12,15,15,"2026-08-01T22:06:04.142Z","2026-08-01T22:06:04.142Z"
"ind_usr_2514","Saurabh Pandey","saurabh.pandey.1995@gmail.com","free","Active",15,15,15,"2026-08-01T22:03:12.873Z","2026-08-01T22:03:12.873Z"
"ind_usr_3117","Aditya Nair","adityanair2003@gmail.com","free","Active",4,15,15,"2026-08-01T21:57:58.175Z","2026-08-01T21:57:58.175Z"
"ind_usr_0789","Sonia Dhar","sonia.dhar8969@gmail.com","free","Active",7,15,15,"2026-08-01T21:54:25.272Z","2026-08-01T21:54:25.272Z"
"ind_usr_1509","Nitin Aggarwal","iam.nitinaggarwal@gmail.com","free","Active",11,15,15,"2026-08-01T21:44:25.180Z","2026-08-01T21:44:25.180Z"
"ind_usr_2059","Rajesh Thakur","iam.rajeshthakur@gmail.com","free","Active",4,15,15,"2026-08-01T21:34:53.487Z","2026-08-01T21:34:53.487Z"
"ind_usr_0653","Kavya Chauhan","kavya_chauhan@gmail.com","free","Active",9,15,15,"2026-08-01T21:34:36.556Z","2026-08-01T21:34:36.556Z"
"ind_usr_3201","Ananya Mishra","ananya.mishra@gmail.com","free","Active",5,15,15,"2026-08-01T21:21:29.497Z","2026-08-01T21:21:29.497Z"
"ind_usr_2767","Archana Dhar","archanadhar1999@gmail.com","free","Active",7,15,15,"2026-08-01T21:21:12.886Z","2026-08-01T21:21:12.886Z"
"ind_usr_3133","Prashant Tripathi","prashant.tripathi2269@gmail.com","free","Active",5,15,15,"2026-08-01T21:15:07.998Z","2026-08-01T21:15:07.998Z"
"ind_usr_3338","Nikhil Malhotra","nikhil.malhotra.work@gmail.com","free","Active",14,15,15,"2026-08-01T21:09:30.934Z","2026-08-01T21:09:30.934Z"
"ind_usr_2904","Deepika Yadav","deepika.yadav7109@gmail.com","free","Active",9,15,15,"2026-08-01T21:07:31.942Z","2026-08-01T21:07:31.942Z"
"ind_usr_1183","Kiran Banerjee","kiran_banerjee@gmail.com","free","Active",9,15,15,"2026-08-01T21:05:05.400Z","2026-08-01T21:05:05.400Z"
"ind_usr_1232","Riya Chatterjee","riyachatterjee98@gmail.com","free","Active",12,15,15,"2026-08-01T21:03:54.465Z","2026-08-01T21:03:54.465Z"
"ind_usr_1860","Arjun Banerjee","arjun_banerjee27@gmail.com","free","Active",6,15,15,"2026-08-01T21:03:48.001Z","2026-08-01T21:03:48.001Z"
"ind_usr_2911","Saurabh Joshi","saurabh.joshi4463@gmail.com","free","Active",13,15,15,"2026-08-01T21:02:18.816Z","2026-08-01T21:02:18.816Z"
"ind_usr_0953","Swati Bajaj","swati_bajaj@gmail.com","free","Active",8,15,15,"2026-08-01T21:00:17.154Z","2026-08-01T21:00:17.154Z"
"ind_usr_0050","Aarav Deshmukh","aarav_deshmukh22@gmail.com","free","Active",9,15,15,"2026-08-01T20:50:59.945Z","2026-08-01T20:50:59.945Z"
"ind_usr_0156","Deepika Deshmukh","deepikad19@gmail.com","free","Active",3,15,15,"2026-08-01T20:48:51.899Z","2026-08-01T20:48:51.899Z"
"ind_usr_3301","Simran Saxena","simran.saxena@gmail.com","free","Active",10,15,15,"2026-08-01T20:45:56.810Z","2026-08-01T20:45:56.810Z"
"ind_usr_0894","Rahul Shah","rahul.shah.1993@gmail.com","free","Active",14,15,15,"2026-08-01T20:43:10.664Z","2026-08-01T20:43:10.664Z"
"ind_usr_2430","Sunil Goyal","sunil_goyal33@gmail.com","free","Active",14,15,15,"2026-08-01T20:41:41.171Z","2026-08-01T20:41:41.171Z"
"ind_usr_1672","Sneha Ahuja","snehaahuja60@gmail.com","free","Active",13,15,15,"2026-08-01T20:41:40.588Z","2026-08-01T20:41:40.588Z"
"ind_usr_1054","Sunil Deshmukh","sunil.deshmukh.1996@gmail.com","free","Active",14,15,15,"2026-08-01T20:40:34.311Z","2026-08-01T20:40:34.311Z"
"ind_usr_0010","Archana Aggarwal","archana_aggarwal92@gmail.com","free","Active",14,15,15,"2026-08-01T20:36:29.778Z","2026-08-01T20:36:29.778Z"
"ind_usr_1579","Kiran Patel","iam.kiranpatel@gmail.com","free","Active",13,15,15,"2026-08-01T20:36:25.858Z","2026-08-01T20:36:25.858Z"
"ind_usr_0813","Monika Sharma","monika_sharma@gmail.com","free","Active",8,15,15,"2026-08-01T20:36:13.136Z","2026-08-01T20:36:13.136Z"
"ind_usr_1992","Karan Sinha","karansinha53@gmail.com","free","Active",13,15,15,"2026-08-01T20:33:55.945Z","2026-08-01T20:33:55.945Z"
"ind_usr_3009","Rohan Verma","iam.rohanverma@gmail.com","free","Active",4,15,15,"2026-08-01T20:29:14.058Z","2026-08-01T20:29:14.058Z"
"ind_usr_0830","Kavya Dhar","kavya_dhar47@gmail.com","free","Active",13,15,15,"2026-08-01T20:21:03.986Z","2026-08-01T20:21:03.986Z"
"ind_usr_1639","Simran Tripathi","iam.simrantripathi@gmail.com","free","Active",12,15,15,"2026-08-01T20:17:30.906Z","2026-08-01T20:17:30.906Z"
"ind_usr_0688","Nikhil Tripathi","nikhil.tripathi.work@gmail.com","free","Active",15,15,15,"2026-08-01T20:16:38.478Z","2026-08-01T20:16:38.478Z"
"ind_usr_0130","Alok Joshi","alok_joshi54@gmail.com","free","Active",8,15,15,"2026-08-01T20:13:49.824Z","2026-08-01T20:13:49.824Z"
"ind_usr_2207","Deepika Joshi","deepikajoshi2003@gmail.com","free","Active",3,15,15,"2026-08-01T20:12:24.180Z","2026-08-01T20:12:24.180Z"
"ind_usr_3184","Sonia Dhar","sonia.dhar.1998@gmail.com","free","Active",4,15,15,"2026-08-01T20:06:52.049Z","2026-08-01T20:06:52.049Z"
"ind_usr_2624","Amit Goyal","amit.goyal.2002@gmail.com","free","Active",10,15,15,"2026-08-01T20:05:33.692Z","2026-08-01T20:05:33.692Z"
"ind_usr_2598","Kiran Narang","kiran.narang5096@gmail.com","free","Active",9,15,15,"2026-08-01T20:01:04.942Z","2026-08-01T20:01:04.942Z"
"ind_usr_1844","Simran Aggarwal","simran.aggarwal.2001@gmail.com","free","Active",3,15,15,"2026-08-01T19:55:05.154Z","2026-08-01T19:55:05.154Z"
"ind_usr_3087","Rashmi Sharma","rashmi.sharma6620@gmail.com","free","Active",15,15,15,"2026-08-01T19:45:34.518Z","2026-08-01T19:45:34.518Z"
"ind_usr_0355","Vivek Chawla","vchawla92@gmail.com","free","Active",15,15,15,"2026-08-01T19:35:38.402Z","2026-08-01T19:35:38.402Z"
"ind_usr_1574","Archana Narang","archana.narang.2001@gmail.com","free","Active",4,15,15,"2026-08-01T19:26:37.006Z","2026-08-01T19:26:37.006Z"
"ind_usr_1320","Aarav Saxena","aarav_saxena39@gmail.com","free","Active",4,15,15,"2026-08-01T19:25:09.918Z","2026-08-01T19:25:09.918Z"
"ind_usr_0154","Neha Chawla","neha.chawla.2003@gmail.com","free","Active",5,15,15,"2026-08-01T19:23:26.553Z","2026-08-01T19:23:26.553Z"
"ind_usr_0720","Megha Yadav","megha_yadav74@gmail.com","free","Active",11,15,15,"2026-08-01T19:14:47.284Z","2026-08-01T19:14:47.284Z"
"ind_usr_1265","Kunal Malhotra","kmalhotra73@gmail.com","free","Active",5,15,15,"2026-08-01T19:10:16.318Z","2026-08-01T19:10:16.318Z"
"ind_usr_2789","Rohit Singh","iam.rohitsingh@gmail.com","free","Active",7,15,15,"2026-08-01T19:07:42.005Z","2026-08-01T19:07:42.005Z"
"ind_usr_1529","Rohan Rao","iam.rohanrao@gmail.com","free","Active",8,15,15,"2026-08-01T19:01:35.697Z","2026-08-01T19:01:35.697Z"
"ind_usr_3138","Sneha Verma","sneha.verma.work@gmail.com","free","Active",6,15,15,"2026-08-01T18:57:51.543Z","2026-08-01T18:57:51.543Z"
"ind_usr_0308","Aditya Dubey","aditya.dubey9962@gmail.com","free","Active",3,15,15,"2026-08-01T18:52:34.664Z","2026-08-01T18:52:34.664Z"
"ind_usr_3092","Siddharth Thakur","siddharththakur33@gmail.com","free","Active",5,15,15,"2026-08-01T18:49:43.343Z","2026-08-01T18:49:43.343Z"
"ind_usr_0467","Shreya Kapoor","shreyakapoor2000@gmail.com","free","Active",15,15,15,"2026-08-01T18:46:59.803Z","2026-08-01T18:46:59.803Z"
"ind_usr_1300","Siddharth Chatterjee","siddharth_chatterjee29@gmail.com","free","Active",11,15,15,"2026-08-01T18:46:08.634Z","2026-08-01T18:46:08.634Z"
"ind_usr_2739","Varun Yadav","iam.varunyadav@gmail.com","free","Active",12,15,15,"2026-08-01T18:45:33.380Z","2026-08-01T18:45:33.380Z"
"ind_usr_1048","Alok Kumar","alok.kumar.work@gmail.com","free","Active",13,15,15,"2026-08-01T18:44:21.597Z","2026-08-01T18:44:21.597Z"
"ind_usr_3366","Saurabh Yadav","saurabhy20@gmail.com","free","Active",14,15,15,"2026-08-01T18:43:28.117Z","2026-08-01T18:43:28.117Z"
"ind_usr_0437","Sunil Mishra","sunilmishra2003@gmail.com","free","Active",12,15,15,"2026-08-01T18:32:14.710Z","2026-08-01T18:32:14.710Z"
"ind_usr_0152","Tanya Bajaj","tanyabajaj76@gmail.com","free","Active",7,15,15,"2026-08-01T18:30:40.508Z","2026-08-01T18:30:40.508Z"
"ind_usr_1827","Nisha Jain","nishajain1993@gmail.com","free","Active",8,15,15,"2026-08-01T18:27:11.546Z","2026-08-01T18:27:11.546Z"
"ind_usr_2218","Manish Jain","manish.jain.work@gmail.com","free","Active",15,15,15,"2026-08-01T18:26:02.829Z","2026-08-01T18:26:02.829Z"
"ind_usr_0168","Ananya Joshi","ananya.joshi.work@gmail.com","free","Active",7,15,15,"2026-08-01T18:15:35.370Z","2026-08-01T18:15:35.370Z"
"ind_usr_2852","Payal Aggarwal","payalaggarwal54@gmail.com","free","Active",3,15,15,"2026-08-01T18:10:59.727Z","2026-08-01T18:10:59.727Z"
"ind_usr_2883","Nitin Verma","nitin_verma@gmail.com","free","Active",9,15,15,"2026-08-01T18:03:34.832Z","2026-08-01T18:03:34.832Z"
"ind_usr_1210","Rashmi Narang","rashmi_narang73@gmail.com","free","Active",15,15,15,"2026-08-01T17:55:59.746Z","2026-08-01T17:55:59.746Z"
"ind_usr_1645","Neha Rao","nrao34@gmail.com","free","Active",11,15,15,"2026-08-01T17:55:33.921Z","2026-08-01T17:55:33.921Z"
"ind_usr_2679","Vikram Dhar","iam.vikramdhar@gmail.com","free","Active",7,15,15,"2026-08-01T17:55:15.331Z","2026-08-01T17:55:15.331Z"
"ind_usr_2193","Sonia Yadav","sonia_yadav@gmail.com","free","Active",6,15,15,"2026-08-01T17:43:59.910Z","2026-08-01T17:43:59.910Z"
"ind_usr_1921","Saurabh Shah","saurabh.shah4660@gmail.com","free","Active",15,15,15,"2026-08-01T17:39:19.898Z","2026-08-01T17:39:19.898Z"
"ind_usr_2943","Payal Bajaj","payal_bajaj@gmail.com","free","Active",10,15,15,"2026-08-01T16:48:03.365Z","2026-08-01T16:48:03.365Z"
"ind_usr_1995","Mayank Chauhan","mchauhan73@gmail.com","free","Active",13,15,15,"2026-08-01T16:41:53.034Z","2026-08-01T16:41:53.034Z"
"ind_usr_1685","Riya Saxena","rsaxena27@gmail.com","free","Active",11,15,15,"2026-08-01T16:41:37.085Z","2026-08-01T16:41:37.085Z"
"ind_usr_2859","Monika Choudhury","iam.monikachoudhury@gmail.com","free","Active",10,15,15,"2026-08-01T16:37:28.472Z","2026-08-01T16:37:28.472Z"
"ind_usr_1982","Pooja Pandey","poojapandey57@gmail.com","free","Active",13,15,15,"2026-08-01T16:33:58.486Z","2026-08-01T16:33:58.486Z"
"ind_usr_2427","Ananya Saxena","ananyasaxena1999@gmail.com","free","Active",10,15,15,"2026-08-01T16:24:52.985Z","2026-08-01T16:24:52.985Z"
"ind_usr_1315","Suresh Malhotra","smalhotra39@gmail.com","free","Active",6,15,15,"2026-08-01T16:08:37.948Z","2026-08-01T16:08:37.948Z"
"ind_usr_1473","Suresh Sharma","suresh_sharma@gmail.com","free","Active",13,15,15,"2026-08-01T16:02:54.492Z","2026-08-01T16:02:54.492Z"
"ind_usr_2165","Divya Mehta","dmehta93@gmail.com","free","Active",6,15,15,"2026-08-01T16:00:56.555Z","2026-08-01T16:00:56.555Z"
"ind_usr_1099","Arjun Mishra","iam.arjunmishra@gmail.com","free","Active",5,15,15,"2026-08-01T15:55:55.131Z","2026-08-01T15:55:55.131Z"
"ind_usr_2891","Kunal Jain","kunal.jain@gmail.com","free","Active",13,15,15,"2026-08-01T15:54:52.579Z","2026-08-01T15:54:52.579Z"
"ind_usr_1795","Manish Malhotra","mmalhotra43@gmail.com","free","Active",14,15,15,"2026-08-01T15:54:19.050Z","2026-08-01T15:54:19.050Z"
"ind_usr_1087","Saurabh Verma","saurabhverma1993@gmail.com","free","Active",9,15,15,"2026-08-01T15:52:31.165Z","2026-08-01T15:52:31.165Z"
"ind_usr_1266","Nikhil Dutta","nikhild71@gmail.com","free","Active",10,15,15,"2026-08-01T15:52:08.469Z","2026-08-01T15:52:08.469Z"
"ind_usr_3070","Kritika Yadav","kritika_yadav91@gmail.com","free","Active",15,15,15,"2026-08-01T15:51:24.686Z","2026-08-01T15:51:24.686Z"
"ind_usr_0111","Tanya Ahuja","tanya.ahuja@gmail.com","free","Active",14,15,15,"2026-08-01T15:45:44.087Z","2026-08-01T15:45:44.087Z"
"ind_usr_3045","Vivek Banerjee","vbanerjee86@gmail.com","free","Active",8,15,15,"2026-08-01T15:37:22.895Z","2026-08-01T15:37:22.895Z"
"ind_usr_0515","Karan Jain","kjain50@gmail.com","free","Active",3,15,15,"2026-08-01T15:36:50.647Z","2026-08-01T15:36:50.647Z"
"ind_usr_3060","Rohan Banerjee","rohan_banerjee49@gmail.com","free","Active",14,15,15,"2026-08-01T15:34:21.588Z","2026-08-01T15:34:21.588Z"
"ind_usr_1761","Vandana Mishra","vandana.mishra@gmail.com","free","Active",9,15,15,"2026-08-01T15:28:48.490Z","2026-08-01T15:28:48.490Z"
"ind_usr_2575","Deepika Bajaj","dbajaj21@gmail.com","free","Active",11,15,15,"2026-08-01T15:23:12.754Z","2026-08-01T15:23:12.754Z"
"ind_usr_0013","Karan Singh","karan_singh@gmail.com","free","Active",11,15,15,"2026-08-01T15:07:16.254Z","2026-08-01T15:07:16.254Z"
"ind_usr_1809","Aarav Tiwari","iam.aaravtiwari@gmail.com","free","Active",9,15,15,"2026-08-01T15:06:03.358Z","2026-08-01T15:06:03.358Z"
"ind_usr_2619","Aakash Verma","iam.aakashverma@gmail.com","free","Active",11,15,15,"2026-08-01T14:54:57.803Z","2026-08-01T14:54:57.803Z"
"ind_usr_2222","Kritika Ahuja","kritikaahuja61@gmail.com","free","Active",6,15,15,"2026-08-01T14:52:08.688Z","2026-08-01T14:52:08.688Z"
"ind_usr_1757","Yash Chatterjee","yashchatterjee1996@gmail.com","free","Active",11,15,15,"2026-08-01T14:50:03.259Z","2026-08-01T14:50:03.259Z"
"ind_usr_2173","Mohit Tripathi","mohit_tripathi@gmail.com","free","Active",14,15,15,"2026-08-01T14:47:18.718Z","2026-08-01T14:47:18.718Z"
"ind_usr_2648","Arjun Bhasin","arjun.bhasin.work@gmail.com","free","Active",12,15,15,"2026-08-01T14:43:05.943Z","2026-08-01T14:43:05.943Z"
"ind_usr_2542","Aakash Tripathi","aakashtripathi30@gmail.com","free","Active",4,15,15,"2026-08-01T14:42:35.693Z","2026-08-01T14:42:35.693Z"
"ind_usr_2971","Nitin Choudhury","nitin.choudhury@gmail.com","free","Active",13,15,15,"2026-08-01T14:37:13.233Z","2026-08-01T14:37:13.233Z"
"ind_usr_1907","Tarun Tripathi","taruntripathi1998@gmail.com","free","Active",13,15,15,"2026-08-01T14:35:20.157Z","2026-08-01T14:35:20.157Z"
"ind_usr_0200","Amit Sharma","amit_sharma96@gmail.com","free","Active",10,15,15,"2026-08-01T14:27:36.944Z","2026-08-01T14:27:36.944Z"
"ind_usr_1988","Tarun Chauhan","tarun.chauhan.work@gmail.com","free","Active",9,15,15,"2026-08-01T14:25:54.434Z","2026-08-01T14:25:54.434Z"
"ind_usr_1197","Rashmi Gupta","rashmigupta1997@gmail.com","free","Active",5,15,15,"2026-08-01T13:48:02.880Z","2026-08-01T13:48:02.880Z"
"ind_usr_3331","Riya Malhotra","riya.malhotra@gmail.com","free","Active",15,15,15,"2026-08-01T13:46:48.557Z","2026-08-01T13:46:48.557Z"
"ind_usr_0601","Yash Ahuja","yash.ahuja@gmail.com","free","Active",9,15,15,"2026-08-01T13:40:08.456Z","2026-08-01T13:40:08.456Z"
"ind_usr_1110","Sonia Tiwari","sonia_tiwari56@gmail.com","free","Active",8,15,15,"2026-08-01T13:39:13.146Z","2026-08-01T13:39:13.146Z"
"ind_usr_2539","Simran Goyal","iam.simrangoyal@gmail.com","free","Active",5,15,15,"2026-08-01T13:37:07.660Z","2026-08-01T13:37:07.660Z"
"ind_usr_2973","Siddharth Choudhury","siddharth_choudhury@gmail.com","free","Active",8,15,15,"2026-08-01T13:33:10.738Z","2026-08-01T13:33:10.738Z"
"ind_usr_3247","Megha Deshmukh","meghadeshmukh2003@gmail.com","free","Active",3,15,15,"2026-08-01T13:27:30.104Z","2026-08-01T13:27:30.104Z"
"ind_usr_2839","Vandana Jain","iam.vandanajain@gmail.com","free","Active",4,15,15,"2026-08-01T13:26:49.170Z","2026-08-01T13:26:49.170Z"
"ind_usr_2346","Divya Gupta","divyag31@gmail.com","free","Active",4,15,15,"2026-08-01T13:16:22.895Z","2026-08-01T13:16:22.895Z"
"ind_usr_0449","Tanya Chauhan","iam.tanyachauhan@gmail.com","free","Active",3,15,15,"2026-08-01T13:11:23.933Z","2026-08-01T13:11:23.933Z"
"ind_usr_0441","Kavya Choudhury","kavya.choudhury@gmail.com","free","Active",5,15,15,"2026-08-01T13:06:26.074Z","2026-08-01T13:06:26.074Z"
"ind_usr_3335","Anjali Kapoor","akapoor67@gmail.com","free","Active",5,15,15,"2026-08-01T13:04:50.748Z","2026-08-01T13:04:50.748Z"
"ind_usr_0737","Rohan Joshi","rohanjoshi1998@gmail.com","free","Active",15,15,15,"2026-08-01T12:53:58.851Z","2026-08-01T12:53:58.851Z"
"ind_usr_1149","Ananya Chatterjee","iam.ananyachatterjee@gmail.com","free","Active",4,15,15,"2026-08-01T12:52:43.108Z","2026-08-01T12:52:43.108Z"
"ind_usr_1647","Vikram Sharma","vikramsharma1999@gmail.com","free","Active",4,15,15,"2026-08-01T12:51:45.539Z","2026-08-01T12:51:45.539Z"
"ind_usr_2497","Vivek Dubey","vivekdubey1993@gmail.com","free","Active",14,15,15,"2026-08-01T12:49:23.189Z","2026-08-01T12:49:23.189Z"
"ind_usr_2185","Vandana Bhatia","vbhatia51@gmail.com","free","Active",14,15,15,"2026-08-01T12:45:19.416Z","2026-08-01T12:45:19.416Z"
"ind_usr_2708","Siddharth Sinha","siddharth.sinha.work@gmail.com","free","Active",14,15,15,"2026-08-01T12:17:20.001Z","2026-08-01T12:17:20.001Z"
"ind_usr_3098","Manish Ahuja","manish.ahuja.work@gmail.com","free","Active",8,15,15,"2026-08-01T12:05:26.014Z","2026-08-01T12:05:26.014Z"
"ind_usr_0466","Swati Bajaj","swatib15@gmail.com","free","Active",14,15,15,"2026-08-01T12:02:16.475Z","2026-08-01T12:02:16.475Z"
"ind_usr_0268","Vandana Sharma","vandana.sharma.work@gmail.com","free","Active",14,15,15,"2026-08-01T11:58:08.234Z","2026-08-01T11:58:08.234Z"
"ind_usr_0583","Sneha Chatterjee","sneha_chatterjee@gmail.com","free","Active",3,15,15,"2026-08-01T11:50:05.758Z","2026-08-01T11:50:05.758Z"
"ind_usr_1525","Tanya Chawla","tchawla36@gmail.com","free","Active",5,15,15,"2026-08-01T11:43:11.322Z","2026-08-01T11:43:11.322Z"
"ind_usr_3155","Riya Chawla","rchawla24@gmail.com","free","Active",15,15,15,"2026-08-01T11:38:59.521Z","2026-08-01T11:38:59.521Z"
"ind_usr_1662","Vikram Thakur","vikramthakur28@gmail.com","free","Active",7,15,15,"2026-08-01T11:11:37.864Z","2026-08-01T11:11:37.864Z"
"ind_usr_1329","Rajesh Narang","iam.rajeshnarang@gmail.com","free","Active",7,15,15,"2026-08-01T11:10:07.943Z","2026-08-01T11:10:07.943Z"
"ind_usr_3333","Aditya Shah","aditya_shah@gmail.com","free","Active",5,15,15,"2026-08-01T11:04:27.017Z","2026-08-01T11:04:27.017Z"
"ind_usr_0926","Jyoti Ahuja","jyotia80@gmail.com","free","Active",9,15,15,"2026-08-01T11:02:35.503Z","2026-08-01T11:02:35.503Z"
"ind_usr_3143","Vivek Dutta","vivek_dutta@gmail.com","free","Active",10,15,15,"2026-08-01T10:53:23.703Z","2026-08-01T10:53:23.703Z"
"ind_usr_1132","Amit Yadav","amityadav95@gmail.com","free","Active",4,15,15,"2026-08-01T10:49:19.624Z","2026-08-01T10:49:19.624Z"
"ind_usr_2684","Nitin Tiwari","nitin.tiwari.2002@gmail.com","free","Active",15,15,15,"2026-08-01T10:47:02.139Z","2026-08-01T10:47:02.139Z"
"ind_usr_0330","Megha Nair","megha_nair46@gmail.com","free","Active",4,15,15,"2026-08-01T10:28:22.168Z","2026-08-01T10:28:22.168Z"
"ind_usr_0965","Sonia Chawla","schawla49@gmail.com","free","Active",13,15,15,"2026-08-01T10:28:11.579Z","2026-08-01T10:28:11.579Z"
"ind_usr_1851","Anjali Narang","anjali.narang@gmail.com","free","Active",12,15,15,"2026-08-01T10:09:51.758Z","2026-08-01T10:09:51.758Z"
"ind_usr_2475","Siddharth Mishra","smishra93@gmail.com","free","Active",14,15,15,"2026-08-01T10:08:29.152Z","2026-08-01T10:08:29.152Z"
"ind_usr_3099","Nisha Chauhan","iam.nishachauhan@gmail.com","free","Active",15,15,15,"2026-08-01T09:52:26.986Z","2026-08-01T09:52:26.986Z"
"ind_usr_2828","Nisha Kapoor","nisha.kapoor.work@gmail.com","free","Active",12,15,15,"2026-08-01T09:52:12.407Z","2026-08-01T09:52:12.407Z"
"ind_usr_1789","Arjun Nair","iam.arjunnair@gmail.com","free","Active",10,15,15,"2026-08-01T09:51:25.521Z","2026-08-01T09:51:25.521Z"
"ind_usr_2644","Abhishek Rathore","abhishek.rathore.2002@gmail.com","free","Active",12,15,15,"2026-08-01T09:51:07.359Z","2026-08-01T09:51:07.359Z"
"ind_usr_0669","Amit Deshmukh","iam.amitdeshmukh@gmail.com","free","Active",10,15,15,"2026-08-01T09:46:07.589Z","2026-08-01T09:46:07.589Z"
"ind_usr_0179","Amit Aggarwal","iam.amitaggarwal@gmail.com","free","Active",11,15,15,"2026-08-01T09:42:14.563Z","2026-08-01T09:42:14.563Z"
"ind_usr_0102","Aditya Bhasin","adityabhasin67@gmail.com","free","Active",12,15,15,"2026-08-01T09:31:41.084Z","2026-08-01T09:31:41.084Z"
"ind_usr_2414","Neha Rathore","neha.rathore.1996@gmail.com","free","Active",9,15,15,"2026-08-01T09:28:10.085Z","2026-08-01T09:28:10.085Z"
"ind_usr_0037","Ishita Verma","ishitaverma1998@gmail.com","free","Active",12,15,15,"2026-08-01T09:25:48.409Z","2026-08-01T09:25:48.409Z"
"ind_usr_3023","Varun Sharma","varun_sharma@gmail.com","free","Active",14,15,15,"2026-08-01T09:14:08.040Z","2026-08-01T09:14:08.040Z"
"ind_usr_2833","Ishita Dutta","ishita_dutta@gmail.com","free","Active",8,15,15,"2026-08-01T08:49:08.746Z","2026-08-01T08:49:08.746Z"
"ind_usr_1930","Pooja Chauhan","pooja_chauhan59@gmail.com","free","Active",13,15,15,"2026-08-01T08:39:18.842Z","2026-08-01T08:39:18.842Z"
"ind_usr_2842","Rohit Dubey","rohitdubey75@gmail.com","free","Active",7,15,15,"2026-08-01T08:27:43.222Z","2026-08-01T08:27:43.222Z"
"ind_usr_0284","Kiran Ahuja","kiran.ahuja.2002@gmail.com","free","Active",4,15,15,"2026-08-01T08:20:17.324Z","2026-08-01T08:20:17.324Z"
"ind_usr_1298","Nisha Bhatia","nisha.bhatia.work@gmail.com","free","Active",4,15,15,"2026-08-01T08:16:18.267Z","2026-08-01T08:16:18.267Z"
"ind_usr_2130","Jyoti Tripathi","jyoti_tripathi27@gmail.com","free","Active",4,15,15,"2026-08-01T08:15:36.440Z","2026-08-01T08:15:36.440Z"
"ind_usr_0695","Aarav Gupta","agupta48@gmail.com","free","Active",7,15,15,"2026-08-01T08:07:58.355Z","2026-08-01T08:07:58.355Z"
"ind_usr_0767","Kiran Bhasin","kiranbhasin2001@gmail.com","free","Active",4,15,15,"2026-08-01T08:04:27.959Z","2026-08-01T08:04:27.959Z"
"ind_usr_2061","Sneha Singh","sneha.singh@gmail.com","free","Active",15,15,15,"2026-08-01T08:00:12.543Z","2026-08-01T08:00:12.543Z"
"ind_usr_1693","Rakesh Joshi","rakesh_joshi@gmail.com","free","Active",6,15,15,"2026-08-01T08:00:02.842Z","2026-08-01T08:00:02.842Z"
"ind_usr_1861","Ishita Reddy","ishita.reddy@gmail.com","free","Active",3,15,15,"2026-08-01T07:45:49.755Z","2026-08-01T07:45:49.755Z"
"ind_usr_0331","Manish Mehta","manish.mehta@gmail.com","free","Active",13,15,15,"2026-08-01T07:44:16.772Z","2026-08-01T07:44:16.772Z"
"ind_usr_3249","Prashant Dhar","iam.prashantdhar@gmail.com","free","Active",14,15,15,"2026-08-01T07:33:31.873Z","2026-08-01T07:33:31.873Z"
"ind_usr_1174","Anjali Patel","anjali.patel.2000@gmail.com","free","Active",7,15,15,"2026-08-01T07:30:46.473Z","2026-08-01T07:30:46.473Z"
"ind_usr_2100","Amit Rao","amit_rao22@gmail.com","free","Active",6,15,15,"2026-08-01T07:24:57.452Z","2026-08-01T07:24:57.452Z"
"ind_usr_1166","Kunal Dubey","kunald65@gmail.com","free","Active",9,15,15,"2026-08-01T07:22:49.593Z","2026-08-01T07:22:49.593Z"
"ind_usr_2671","Amit Dubey","amit.dubey@gmail.com","free","Active",11,15,15,"2026-08-01T07:21:46.698Z","2026-08-01T07:21:46.698Z"
"ind_usr_2713","Abhishek Bhasin","abhishek_bhasin@gmail.com","free","Active",3,15,15,"2026-08-01T07:21:13.912Z","2026-08-01T07:21:13.912Z"
"ind_usr_1489","Monika Yadav","iam.monikayadav@gmail.com","free","Active",14,15,15,"2026-08-01T07:18:47.900Z","2026-08-01T07:18:47.900Z"
"ind_usr_3154","Vikram Patel","vikram.patel.1995@gmail.com","free","Active",12,15,15,"2026-08-01T07:17:39.029Z","2026-08-01T07:17:39.029Z"
"ind_usr_3068","Sunil Rao","sunil.rao.work@gmail.com","free","Active",4,15,15,"2026-08-01T07:16:36.860Z","2026-08-01T07:16:36.860Z"
"ind_usr_1215","Kritika Kumar","kkumar12@gmail.com","free","Active",13,15,15,"2026-08-01T07:14:51.349Z","2026-08-01T07:14:51.349Z"
"ind_usr_1815","Monika Verma","mverma31@gmail.com","free","Active",5,15,15,"2026-08-01T07:08:13.481Z","2026-08-01T07:08:13.481Z"
"ind_usr_0143","Rohit Malhotra","rohit_malhotra@gmail.com","free","Active",11,15,15,"2026-08-01T06:57:28.477Z","2026-08-01T06:57:28.477Z"
"ind_usr_1362","Swati Reddy","swatireddy86@gmail.com","free","Active",10,15,15,"2026-08-01T06:56:36.590Z","2026-08-01T06:56:36.590Z"
"ind_usr_2923","Nikhil Jain","nikhil_jain@gmail.com","free","Active",12,15,15,"2026-08-01T06:55:14.160Z","2026-08-01T06:55:14.160Z"
"ind_usr_2412","Prashant Goyal","prashantgoyal32@gmail.com","free","Active",6,15,15,"2026-08-01T06:54:17.780Z","2026-08-01T06:54:17.780Z"
"ind_usr_1043","Rakesh Malhotra","rakesh_malhotra@gmail.com","free","Active",3,15,15,"2026-08-01T06:47:39.850Z","2026-08-01T06:47:39.850Z"
"ind_usr_2577","Simran Deshmukh","simrandeshmukh1996@gmail.com","free","Active",13,15,15,"2026-08-01T06:37:28.978Z","2026-08-01T06:37:28.978Z"
"ind_usr_2953","Rakesh Sinha","rakesh_sinha@gmail.com","free","Active",14,15,15,"2026-08-01T06:36:55.321Z","2026-08-01T06:36:55.321Z"
"ind_usr_1606","Saurabh Rao","saurabhr93@gmail.com","free","Active",9,15,15,"2026-08-01T06:29:01.705Z","2026-08-01T06:29:01.705Z"
"ind_usr_0512","Rahul Verma","rahulverma51@gmail.com","free","Active",9,15,15,"2026-08-01T06:28:50.789Z","2026-08-01T06:28:50.789Z"
"ind_usr_1590","Monika Bhasin","monika_bhasin12@gmail.com","free","Active",6,15,15,"2026-08-01T06:25:49.894Z","2026-08-01T06:25:49.894Z"
"ind_usr_1184","Simran Ahuja","simran.ahuja.2000@gmail.com","free","Active",3,15,15,"2026-08-01T06:22:47.681Z","2026-08-01T06:22:47.681Z"
"ind_usr_0434","Rajesh Banerjee","rajesh.banerjee.2000@gmail.com","free","Active",4,15,15,"2026-08-01T06:21:16.182Z","2026-08-01T06:21:16.182Z"
"ind_usr_1595","Varun Thakur","vthakur68@gmail.com","free","Active",7,15,15,"2026-08-01T06:09:37.253Z","2026-08-01T06:09:37.253Z"
"ind_usr_0335","Vikram Aggarwal","vaggarwal71@gmail.com","free","Active",13,15,15,"2026-08-01T05:56:32.294Z","2026-08-01T05:56:32.294Z"
"ind_usr_0933","Deepak Singh","deepak_singh@gmail.com","free","Active",4,15,15,"2026-08-01T05:44:26.474Z","2026-08-01T05:44:26.474Z"
"ind_usr_1660","Karan Chatterjee","karan_chatterjee25@gmail.com","free","Active",8,15,15,"2026-08-01T05:41:24.801Z","2026-08-01T05:41:24.801Z"
"ind_usr_2270","Prashant Kumar","prashant_kumar65@gmail.com","free","Active",14,15,15,"2026-08-01T05:34:14.056Z","2026-08-01T05:34:14.056Z"
"ind_usr_0927","Arjun Bajaj","arjunbajaj2002@gmail.com","free","Active",14,15,15,"2026-08-01T05:33:55.161Z","2026-08-01T05:33:55.161Z"
"ind_usr_2119","Nisha Malhotra","iam.nishamalhotra@gmail.com","free","Active",6,15,15,"2026-08-01T05:33:12.160Z","2026-08-01T05:33:12.160Z"
"ind_usr_2242","Bhavna Rathore","bhavnarathore33@gmail.com","free","Active",15,15,15,"2026-08-01T05:30:39.624Z","2026-08-01T05:30:39.624Z"
"ind_usr_0429","Varun Dutta","iam.varundutta@gmail.com","free","Active",4,15,15,"2026-08-01T05:29:19.668Z","2026-08-01T05:29:19.668Z"
"ind_usr_3391","Amit Verma","amit.verma@gmail.com","free","Active",3,15,15,"2026-08-01T05:24:04.641Z","2026-08-01T05:24:04.641Z"
"ind_usr_1873","Sneha Joshi","sneha_joshi@gmail.com","free","Active",3,15,15,"2026-08-01T05:23:05.646Z","2026-08-01T05:23:05.646Z"
"ind_usr_0208","Amit Kumar","amit.kumar.work@gmail.com","free","Active",11,15,15,"2026-08-01T05:16:41.793Z","2026-08-01T05:16:41.793Z"
"ind_usr_2097","Shreya Deshmukh","shreyadeshmukh1997@gmail.com","free","Active",11,15,15,"2026-08-01T05:13:21.939Z","2026-08-01T05:13:21.939Z"
"ind_usr_3325","Sneha Dubey","sdubey96@gmail.com","free","Active",14,15,15,"2026-08-01T04:57:45.592Z","2026-08-01T04:57:45.592Z"
"ind_usr_2057","Vikram Ahuja","vikramahuja1998@gmail.com","free","Active",12,15,15,"2026-08-01T04:55:10.285Z","2026-08-01T04:55:10.285Z"
"ind_usr_0622","Aakash Pandey","aakashpandey24@gmail.com","free","Active",6,15,15,"2026-08-01T04:51:43.558Z","2026-08-01T04:51:43.558Z"
"ind_usr_0428","Siddharth Choudhury","siddharth.choudhury.work@gmail.com","free","Active",10,15,15,"2026-08-01T04:48:11.262Z","2026-08-01T04:48:11.262Z"
"ind_usr_1066","Ananya Mehta","ananyam27@gmail.com","free","Active",10,15,15,"2026-08-01T04:42:35.134Z","2026-08-01T04:42:35.134Z"
"ind_usr_1913","Kiran Thakur","kiran_thakur@gmail.com","free","Active",6,15,15,"2026-08-01T04:33:35.869Z","2026-08-01T04:33:35.869Z"
"ind_usr_2548","Ananya Dhar","ananya.dhar.work@gmail.com","free","Active",6,15,15,"2026-08-01T04:22:50.697Z","2026-08-01T04:22:50.697Z"
"ind_usr_0919","Megha Thakur","iam.meghathakur@gmail.com","free","Active",10,15,15,"2026-08-01T04:22:19.867Z","2026-08-01T04:22:19.867Z"
"ind_usr_3010","Vikram Bhasin","vikram_bhasin25@gmail.com","free","Active",4,15,15,"2026-08-01T04:19:34.250Z","2026-08-01T04:19:34.250Z"
"ind_usr_1064","Pooja Verma","pooja.verma.1998@gmail.com","free","Active",8,15,15,"2026-08-01T04:11:15.400Z","2026-08-01T04:11:15.400Z"
"ind_usr_2769","Arjun Chatterjee","iam.arjunchatterjee@gmail.com","free","Active",15,15,15,"2026-08-01T04:02:42.161Z","2026-08-01T04:02:42.161Z"
"ind_usr_1807","Rohit Sinha","rohitsinha2000@gmail.com","free","Active",7,15,15,"2026-08-01T03:45:20.604Z","2026-08-01T03:45:20.604Z"
"ind_usr_0898","Nisha Choudhury","nisha.choudhury.work@gmail.com","free","Active",11,15,15,"2026-08-01T03:43:04.524Z","2026-08-01T03:43:04.524Z"
"ind_usr_0217","Bhavna Goyal","bhavnagoyal2002@gmail.com","free","Active",7,15,15,"2026-08-01T03:43:00.126Z","2026-08-01T03:43:00.126Z"
"ind_usr_0247","Rakesh Mehta","rakeshmehta1995@gmail.com","free","Active",15,15,15,"2026-08-01T03:41:30.129Z","2026-08-01T03:41:30.129Z"
"ind_usr_2274","Tanya Gupta","tanya.gupta.2003@gmail.com","free","Active",12,15,15,"2026-08-01T03:34:31.998Z","2026-08-01T03:34:31.998Z"
"ind_usr_2782","Suresh Dhar","sureshdhar38@gmail.com","free","Active",13,15,15,"2026-08-01T03:28:44.148Z","2026-08-01T03:28:44.148Z"
"ind_usr_1769","Arjun Narang","iam.arjunnarang@gmail.com","free","Active",15,15,15,"2026-08-01T03:27:33.155Z","2026-08-01T03:27:33.155Z"
"ind_usr_2454","Rashmi Verma","rashmi.verma.2001@gmail.com","free","Active",7,15,15,"2026-08-01T03:26:13.375Z","2026-08-01T03:26:13.375Z"
"ind_usr_1284","Sneha Dubey","sneha.dubey.1995@gmail.com","free","Active",8,15,15,"2026-08-01T03:19:03.424Z","2026-08-01T03:19:03.424Z"
"ind_usr_0110","Rajesh Jain","rajesh_jain51@gmail.com","free","Active",13,15,15,"2026-08-01T03:18:38.438Z","2026-08-01T03:18:38.438Z"
"ind_usr_2001","Prashant Mehta","prashant.mehta3358@gmail.com","free","Active",3,15,15,"2026-08-01T03:16:06.451Z","2026-08-01T03:16:06.451Z"
"ind_usr_1514","Archana Chauhan","archana.chauhan.2003@gmail.com","free","Active",13,15,15,"2026-08-01T03:06:46.880Z","2026-08-01T03:06:46.880Z"
"ind_usr_2445","Rohit Banerjee","rbanerjee21@gmail.com","free","Active",15,15,15,"2026-08-01T03:05:43.369Z","2026-08-01T03:05:43.369Z"
"ind_usr_0288","Nikhil Sharma","nikhil.sharma.work@gmail.com","free","Active",12,15,15,"2026-08-01T03:05:11.582Z","2026-08-01T03:05:11.582Z"
"ind_usr_0516","Rajesh Singh","rajeshs60@gmail.com","free","Active",15,15,15,"2026-08-01T03:04:27.910Z","2026-08-01T03:04:27.910Z"
"ind_usr_1531","Saurabh Dubey","saurabh.dubey@gmail.com","free","Active",11,15,15,"2026-08-01T02:59:43.834Z","2026-08-01T02:59:43.834Z"
"ind_usr_2387","Jyoti Shah","jyotishah1999@gmail.com","free","Active",7,15,15,"2026-08-01T02:58:36.823Z","2026-08-01T02:58:36.823Z"
"ind_usr_1753","Deepak Bhasin","deepak_bhasin@gmail.com","free","Active",13,15,15,"2026-08-01T02:56:53.255Z","2026-08-01T02:56:53.255Z"
"ind_usr_2592","Deepika Deshmukh","deepikadeshmukh42@gmail.com","free","Active",13,15,15,"2026-08-01T02:52:57.955Z","2026-08-01T02:52:57.955Z"
"ind_usr_1856","Nisha Banerjee","nishab31@gmail.com","free","Active",4,15,15,"2026-08-01T02:45:36.442Z","2026-08-01T02:45:36.442Z"
"ind_usr_0867","Ishita Shah","ishitashah1995@gmail.com","free","Active",13,15,15,"2026-08-01T02:41:05.790Z","2026-08-01T02:41:05.790Z"
"ind_usr_0860","Mayank Saxena","mayank_saxena37@gmail.com","free","Active",14,15,15,"2026-08-01T02:38:07.359Z","2026-08-01T02:38:07.359Z"
"ind_usr_3275","Manish Dutta","mdutta84@gmail.com","free","Active",3,15,15,"2026-08-01T02:36:33.749Z","2026-08-01T02:36:33.749Z"
"ind_usr_1969","Rohit Bajaj","iam.rohitbajaj@gmail.com","free","Active",7,15,15,"2026-08-01T02:35:01.062Z","2026-08-01T02:35:01.062Z"
"ind_usr_2056","Mayank Patel","mayankp80@gmail.com","free","Active",12,15,15,"2026-08-01T02:11:50.592Z","2026-08-01T02:11:50.592Z"
"ind_usr_0523","Karan Chauhan","karan_chauhan@gmail.com","free","Active",7,15,15,"2026-08-01T02:06:47.552Z","2026-08-01T02:06:47.552Z"
"ind_usr_0590","Sneha Chatterjee","sneha_chatterjee21@gmail.com","free","Active",8,15,15,"2026-08-01T01:56:01.497Z","2026-08-01T01:56:01.497Z"
"ind_usr_0001","Jyoti Mishra","jyoti.mishra@gmail.com","free","Active",5,15,15,"2026-08-01T01:55:26.934Z","2026-08-01T01:55:26.934Z"
"ind_usr_0628","Sonia Pandey","sonia.pandey.work@gmail.com","free","Active",12,15,15,"2026-08-01T01:51:07.201Z","2026-08-01T01:51:07.201Z"
"ind_usr_1530","Aarav Patel","aarav_patel75@gmail.com","free","Active",7,15,15,"2026-08-01T01:43:03.510Z","2026-08-01T01:43:03.510Z"
"ind_usr_0592","Tanya Dubey","tanyadubey49@gmail.com","free","Active",7,15,15,"2026-08-01T01:35:05.012Z","2026-08-01T01:35:05.012Z"
"ind_usr_0826","Sonia Yadav","soniay73@gmail.com","free","Active",9,15,15,"2026-08-01T01:34:34.809Z","2026-08-01T01:34:34.809Z"
"ind_usr_2974","Bhavna Dhar","bhavna.dhar2996@gmail.com","free","Active",13,15,15,"2026-08-01T01:30:38.226Z","2026-08-01T01:30:38.226Z"
"ind_usr_3101","Sneha Chawla","sneha.chawla@gmail.com","free","Active",11,15,15,"2026-08-01T01:23:25.044Z","2026-08-01T01:23:25.044Z"
"ind_usr_1379","Divya Gupta","divya.gupta1902@gmail.com","free","Active",4,15,15,"2026-08-01T01:10:29.758Z","2026-08-01T01:10:29.758Z"
"ind_usr_2805","Yash Ahuja","yahuja31@gmail.com","free","Active",6,15,15,"2026-08-01T01:06:50.601Z","2026-08-01T01:06:50.601Z"
"ind_usr_2362","Gaurav Kapoor","gauravkapoor83@gmail.com","free","Active",10,15,15,"2026-08-01T01:00:35.348Z","2026-08-01T01:00:35.348Z"
"ind_usr_3222","Arjun Pandey","arjunpandey23@gmail.com","free","Active",15,15,15,"2026-08-01T00:51:26.908Z","2026-08-01T00:51:26.908Z"
"ind_usr_0062","Nikhil Kumar","nikhilkumar78@gmail.com","free","Active",7,15,15,"2026-08-01T00:37:47.708Z","2026-08-01T00:37:47.708Z"
"ind_usr_1127","Divya Dhar","divyadhar2001@gmail.com","free","Active",5,15,15,"2026-08-01T00:37:25.792Z","2026-08-01T00:37:25.792Z"
"ind_usr_0242","Manish Verma","manishverma29@gmail.com","free","Active",3,15,15,"2026-08-01T00:35:59.227Z","2026-08-01T00:35:59.227Z"
"ind_usr_3271","Simran Mehta","simran.mehta@gmail.com","free","Active",9,15,15,"2026-08-01T00:35:32.039Z","2026-08-01T00:35:32.039Z"
"ind_usr_1288","Neha Rao","neha.rao.work@gmail.com","free","Active",12,15,15,"2026-08-01T00:26:00.481Z","2026-08-01T00:26:00.481Z"
"ind_usr_0125","Aarav Ahuja","aahuja61@gmail.com","free","Active",9,15,15,"2026-08-01T00:18:24.513Z","2026-08-01T00:18:24.513Z"
"ind_usr_0426","Rohit Bhatia","rohitb66@gmail.com","free","Active",6,15,15,"2026-08-01T00:18:15.555Z","2026-08-01T00:18:15.555Z"
"ind_usr_2903","Vikram Malhotra","vikram_malhotra@gmail.com","free","Active",14,15,15,"2026-08-01T00:03:29.536Z","2026-08-01T00:03:29.536Z"